RNAME	POS	Gen	Aligned
chrMito	62798	2640	ATTAATACCCTCTATATATAATTCTAATTAATTAAATTAAATATTTATATATAATAATCAATATATTATTAATTTAATAATTATTATAATAGTTCCTGGGCCCGGCCACGGGAGCCGGAACCCCGAAAGGAGTTTATAAAAGATATATTTT
chrMito	62799	7530	TTAATACCCTCTATATATAATTCTAATTAATTAAATTAAATATTTATATATAATAATCAATATATTATTAATTTAATAATTATTATAATAGTTCCGGGGCCCGGCCACGGGAGCCGGAACCCCGAAAGGAGTTTATAATAGATATATTTTT
chrMito	62799	7530	TTAATACCCTCTATATATAATTCTAATTAATTAAATTAAATATTTATATATAATAATCAATATATTATTAATTTAATAATTATTATAATAGTTCCGGGGCCCGGCCACGGGAGCCGGAACCCCGAAAGGAGTTTATAAAAGATATATTTTT
chrMito	62799	2640	TTAATACCCTCTATATATAATTCTAATTAATTAAATTAAATATTTATATATAATAATCAATATATTATTAATTTAATAATTATTATAATAGTTCCGGGGCCCGGCCACGGGAGCCGGAACCCCGAAAGGAGTTTATAAAAGATATATTTTT
chrMito	62799	2640	TTAATACCCTCTATATATAATTCTAATTAATTAAATTAAATATTTATATATAATAATCAATATATTATTAATTTAATAATTATTATAATAGTTCCGGGGCCCGGCCACGGGAGCCGGAACCCCGAAAGGAGTTTATAAAAGATATATTTTT
chrMito	62801	5150	AATACCCTCTATATATAATTCTAATTAATTAAATTAAATATTTATATATAATAATCAATATATTATTAATTTAATAATTATTATAATAGTTCCGGGGCCCGGCCACGGGAGCCGGAACCCCGAAAGGAGTTTATAAAAGATATATTTTTA
chrMito	62802	70	ATACCCTCTATATATAATTCTAATTAATTAAATTAAATATTTATATATAATAATCAATATATTATTAATTTAATAATTATTATAATAGTTCCGGGGCCCGGCCACGGGAGCCGGAACCCCGAAAGGAGTTTATAAAAGATATATTTTTATA
chrMito	62802	7530	ATACCCTCTATATATAATTCTAATTAATTAAATTAAATATTTATATATAATAATCAATATATTATTAATTTAATAATTATTATAATAGTTCCGGGGCCCGGCCACGGGAGCCGGAACCCCGAAAGGAGTTTATAAAAGATATATTTTTATA
chrMito	62802	5150	ATACCCGCTATATATAATTCTAATTAATTAAATTAAATATTTATATATAATAATCAATATATAATTAATTTAATAATTATTATAATAGTTCCGGGGCCCGGCCACGGGAGCCGGAACCCCGAAAGGAGTTTATAAAAGATATATTTTTATA
chrMito	62803	70	TACCCTCTATATATAATTCTAATTAATTAAATTAAATATTTATATATAATAATCAATATATTATTAATTTAATAATTATTATAATAGTTCCGGGGCCCGGCCACGGGAGCCGGAACCCCGAAAGGAGTTTATAAAAGATATATTTTTATAT
chrMito	62803	70	TACCCTCTATATATAATTCTAATTAATTAAATTAAATATTTATATATAATAATCAATATATTATTAATTTAATAATTATTATAATAGTTCCGGGGCCCGGCCACGGGAGCCGGAACCCCGAAAGGAGTTTATAAAAGATATATTTTTATAT
chrMito	62803	70	TACCCTCTATATATAATTCTAATTAATTAAATTAAATATTTATATATAATAATCAATATATTATTAATTTAATAATTATTATAATAGTTCCGGGGCCCGGCCACGGGAGCCGGAACCCCGAAAGGAGTTTATAAAAGATATATTTTTATAT
chrMito	62803	2640	TACCCTCTATATATTATTCTAATTAAATTAATAAAATATTAATATATAATAATCAATATATTCTTAATATAATAAATATTATAATATTTCCGGGGCCCGGCCACGGGAGCCGTAAACCCGAAACGAGTTTAAAAAAGATATATTTTTATAT
chrMito	62803	7530	TACCCTCTATATATAATTCTAATTAATTAAATTAAATATTTATATATAATAATCAATATATTATTAATTTAATAATTATTATAATAGTTCCGGGGCCCGGCCACGGGAGCCGGAACCCCGAAAGGAGTTTATAAAAGATATATTTTTATAT
chrMito	62803	2640	TACCCTCTATATATAATTCTAATTAATTAAATTAAATATTTATATATAATAATCAATATATTATTAATTTAATAATTATTATAATAGTTCCGGGGCCCGGCCACGGGAGCCGGAACCCCGAAAGGAGTTTATAAAAGATATATTTTTATAT
chrMito	62803	2640	TACCCTCTATATATAATTCTAATTAATTAAATTAAATATTTATATATAATAATCAATATATTATTAATTTAATAATTATTATAATAGTTCCGGGGCCCGGCCACGGGAGCCGGAACCCCGAAAGGAGTTTATAAAAGATATATTTTTATAT
chrMito	62806	2640	CCTCTATATATAATTCTAATTAATTAAATTAAATATTTATATATAATAATCAATATATTATTAATTTAATAATTATTATAATAGTTCCGGGGCCCTGCCACGGGAGCCGGAACCCCGAAAGGAGTTTATAAAAGATATATTTTTATATTAT
chrMito	62807	70	CTCTATATATAATTCTAATTAATTAAATTAAATATTTATATATAATAATCAATATATTATTAATTTAATAATTATTATAATAGTTCCGGGGCCCGGCCACGGGAGCCGGAACCCCGAAAGGAGTTTATAATAGATATATTTTTATATTATA
chrMito	62807	10150	CTCTATATATAATTCTAATTAATTAAATTAAATATTTATATATAATAATCAATATATTATTAATTTAATAATTATTATAATAGTTCCGGGGCCCGGCCACGGGAGCCGGAACCCCGAAAGGAGTTTATAAAAGATATATTTTTATATTAT
chrMito	62807	7530	CTCTATATATAATTCTAATTAATTAAATTAAATATTTATATATAATAATCAATATATTATTAATTTAATAATTATTATAATAGTTCCGGGGCCCGGCCACGGGAGCCGGAACCCCGAAAGGAGTTTATAAAAGATATATTTTTATATTATA
chrMito	62807	1410	CTCTATATATAATTCTAATTAATTAAATTAAATATTTATATATAATAATCAATATATTATTAATTTAATAATTATTATAATAGTTCCGGGGCCCGGCCACGGGAGCCGGAACCCCGAAAGGAGTTTATAAAAGATATATTTTTATATTAT
chrMito	62808	70	TCTATATATAATTCTAATTAATTAAATTAAATATTTATATATAATAATCAATATATTATTAATTTAATAATTATTATAATAGTTCCGGGGCCCGGCCACGGGAGCCGGAACCCCGAAAGGAGTTTATAAAAGATATATTTTTATATTATAT
chrMito	62808	7530	TCTATATATAATTCTAATTAATTAAATTAAATATTTATATATAATAATCAATATATTATTAATTTAATAATTATTATAATAGTTCCGGGGCCCGGCCACGGGAGCCGGAACCCCGAAAGGAGTTTATAAAAGATATATTTTTATATTATAT
chrMito	62808	2640	TCTATATATAATTCTAATTAATTAAATTAAATATTTATATATAATAATCAATATATTATTAATTTAATAATTATTATAATAGTTCCGGGGCCCGGCCACGGGAGCCGGAACCCCGAAAGGAGTTTATAAAAGATATATTTTTATATTATAT
chrMito	62808	2640	TCTATATATAATTCTAATTAATTAAATTAAATATTTATATATAATAATCAATATATTATTAATTTAATAATTATTATAATAGTTCCGGGGCCCGGCCACGGGAGCCGGAACCCCGAAAGGAGTTTATAAAAGATATATTTTTATATTATAT
chrMito	62808	2640	TCTATATATAATTCTAATTAATTAAATTAAATATTTATATATAATAATCAATATATTATTAATTTAATAATTATTATAATAGTTCCGGGGCCCGGCCACGGGAGCCGGAACCCCGAAAGGAGTTTATAAAAGATATATTTTTATATTATAT
chrMito	62809	70	CTATATATAATTCTAATTAATTAAATTAAATATTTATATATAATAATCAATATATTATTAATTTAATAATTATTATAATAGTTCCGGGGCCCGGCCACGGGAGCCGGAACCCCGAAAGGAGTTTATAAAAGATATATTTTTATATTATATT
chrMito	62809	10150	CTATATATAATTCTAATTAATTAAATTAAATATTTATATATAATAATCAATATATTATTAATTTAATAATTATTATAATAGTTCCGGGGCCCGGCCACGGGAGCCGGAACCCCGAAAGGAGTTTATAAAAGATATATTTTTATATTATATT
chrMito	62809	2640	CTATATATAATTCTAATTAATTAAATTAAATATTTATATATAATAATCAATATATTATTAATTTAATAATTATTATAATAGTTCCGGGGCCCGGCCACGGGAGCCGGAACCCCGAAAGGAGTTTATAAAAGATATATTTTTATATTATATT
chrMito	62809	70	CTATATATAATTCTAATTAATTAAATTAAATATTTATATATAATAATCAATATATTATTAATTTAATAATTATTATAATAGTTCCGGGGCCCGGCCACGGGAGCCGGAACCCCGAAAGGAGTTTATAAAAGATATATTTTTATATTATATT
chrMito	62809	2640	CTATATATAATTCTAATTAATTAAATTAAATATTTATATATAATAATCAATATATTATTAATTTAATAATTATTATAATAGTTCCGGGGCCCGGCCACGGGAGCCGGAACCCCGAAAGGAGTTTATAAAAGATATATTTTTATATTATATT
chrMito	62809	70	CTATATATAATTCTAATTAATTAAATTAAATATTTATATATAATAATCAATATATTATTAATTTAATAATTATTATAATAGTTCCGGGGCCCGGCCACGGGAGCCGGAACCCCGAAAGGAGTTTATAAAAGATATATTTTTATATTATATT
chrMito	62809	1410	CTATATATAATTCTAATTAATTAAATTAAATATTTATATATAATAATCAATATATTATTAATTTAATAATTATTATAATAGTTCCGGGGCCCGGCCACGGGAGCCGGAACCCCGAAAGGAGTTTATAAAAGATATATTTTTATATTATAT
chrMito	62809	2640	CTATATATAATTCTAATTAATTAAATTAAATATTTATATATAATAATCAATATATTATTAATTTAATAATTATTATAATAGTTCCGGGGCCCGGCCACGGGAGCCGGAACCCCGAAAGGAGTTTATAAAAGATATATTTT
chrMito	62809	2640	CTATATATAATTCTAATTAATTAAATTAAATATTTATATATAATAATCAATATATTATTAATTTAATAATTATTATAATAGTTCCGGGGCCCGGCCACGGGAGCCGGAACCCCGAAAGGAGTTTATAAAAGATATATTTT
chrMito	62809	1410	CTATATATAATTCTAATTAATTAAATTAAATATTTATATATAATAATCAATATATTATTAATTTAATAATTATTATAATAGTTCCGGGGCCCGGCCACGGGAGCCGGAACCCCGAAAGGAGTTTATAAAAGATATATTTTTATATTATAT
chrMito	62809	70	CTATATATAATTCTAATTAATTAAATTAAATATTTATATATAATAATCAATATATTATTAATTTAATAATTATTATAATAGTTCCGGGGCCCGGCCACGGGAGCCGGAACCCCGAAAGGAGTTTATAAAAGATATATTTTTATATTATATT
chrMito	62809	7530	CTATATATAATTCTAATTAATTAAATTAAATATTTATATATAATAATCAATATATTATTAATTTAATAATTATTATAATAGTTCCGGGGCCCGGCCACGGGAGCCGGAACCCCGAAAGGAGTTTATAAAAGATATATTTTTATATTATATT
chrMito	62810	7530	TATATATAATTCTAATTAATTAAATTAAATATTTATATATAATAATCAATATATTATTAATTTAATAATTATTATAATAGTTCCGGGGCCCGGCCACGGGAGCCGGAACCCCGAAAGGAGTTTATAAAAGATATATTTTTATATTATATTA
chrMito	62811	2640	ATATACAATTCTAATTAATTAAAATAAAGATTTATATATAATAATCAATATATTATTAATTTAATAATTATTATAATAGTTCCGGGGCCCGGCCACGGGAGCCGGAACCCCGAAAGGAGTTTATAAACGATATATTTTTATATTATATTAT
chrMito	62811	5150	ATATATAATTCTAATTAATTAAATTAAATATTTATATATAATAATCAATATATTATTAATTTAATAATTATTATAATAGTTCCGGGGCCCGGCCACGGGAGCCGGAACCCCGAAAGGAGTTTATAAAAGATATATTTTTATATTATAT
chrMito	62811	1410	ATATATAATTCTAATTAATTAAATTAAATATTTATATATAATAATCAATATATTATTAATTTAATAATTATTATAATAGTTCCGGGGCCCGGCCACGGGAGCCGGAACCCCGAAAGGAGTTTATAAAAGATATATTTTTATATTATAT
chrMito	62811	70	ATATATAATTCTAATTAATTAAATTAAATATTTATATATAATAATCAATATATTATTAATTTAATAATTATTATAATAGTTCCGGGGCCCGGCCACGGGAGCCGGAACCCCGAAAGGAGTTTATAAAAGATATATTTTTATATTATATTAT
chrMito	62811	10150	ATATATAATTCTAATTAATTAAATTAAATATTTATATATAATAATCAATATATTATTAATTTAATAATTATTATAATAGTTCCGGGGCCCGGCCACGGGAGCCGGAACCCCGAAAGGAGTTTATAAAAGATATATTTTTATATTATAT
chrMito	62811	1410	ATATATAATTCTAATTAATTAAATTAAATATTTATATATAATAATCAATATATTATTAATTTAATAATTATTATAATAGTTCCGGGGCCCGGCCACGGGAGCCGGAACCCCGAAAGGAGTTTATAAAAGATATATTTTTATATTATAT
chrMito	62811	7530	ATATATAATTCTAATTAATTAAATTAAATATTTATATATAATAATCAATATATTATTAATTTAATAATTATTATAATAGTTCCGGGGCCCGGCCACGGGAGCCGGAACCCCGAAAGGAGTTTATAAAAGATATATTTTTATATTATATTAT
chrMito	62811	1410	ATATATAATTCTAATTAATTAAATTAAATATTTATATATAATAATCAATATATTATTAATTTAATAATTATTATAATAGTTCCGGGGCCCGGCCACGGGAGCCGGAACCCCGAAAGGAGTTTATAAAAGATATATTTTTATATTATATTAT
chrMito	62813	1410	ATATAATTCTAATTAATTAAATTAAATATTTATATATAATAATCAATATATTATTAATTTAATAATTATTATAATAGTTCCGGGGCCCGGCCACGGGAGCCGGAACCCCGAAAGGAGTTTATAAAAGATATATTTTTATATTATATTATAT
chrMito	62813	1410	ATATAATTCTAATTAATTAAATTAAATATTTATATATAATAATCAATATATTATTAATTTAATAATTATTATAATAGTTCCGGGGCCCGGCCACGGGAGCCGGAACCCCGAAAGGAGTTTATAAAAGATATATTTTTATATTATATTATAT
chrMito	62813	5150	ATATAATTCTAATTAATTAAATTAAATATTTATATATAATAATCAATATATTATTAATTTAATAATTATTATAATAGTTCCGGGGCCCGGCCACGGGAGCCGGAACCCCGAAAGGAGTTTATAAAAGATATATTTT
chrMito	62813	2640	ATATAATTCTAATTAATTAAATTAAATATTTATATATAATAATCAATATATTATTAATTTAATAATTATTATAATAGTTCCGGGGCCCGGCCACGGGAGCCGGAACCCCGAAAGGAGTTTATAAAAGATATATTTTTATATTATATTATAT
chrMito	62813	2640	ATATAATTCTAATTAATTAAATTAAATATTTATATATAATAATCAATATATTATTAATTTAATAATTATTATAATAGTTCCGGGGCCCGGCCACGGGAGCCGGAACCCCGAAAGGAGTTTATAAAAGATATATTTTTATATTATATTATAT
chrMito	62813	5150	ATATAATTCTAATTAATTAAATTAAATATTTATATATAATAATCAATATATTATTAATTTAATAATTATTATAATAGTTCCGGGGCCCGGCCACGGGAGCCGGAACCCCGAAAGGAGTTTATAAAAGATATATTTTTATATTATATTATAT
chrMito	62813	1410	ATATAATTCTAATTAATTAAATTAAATATTTATATATAATAATCAATATATTATTAATTTAATAATTATTATAATAGTTCCGGGGCCCGGCCACGGGAGCCGGAACCCCGAAAGGAGTTTATAAAAGATATATTTTTATATTATATTATAT
chrMito	62813	2640	ATATAATTCTAATTAATTAAATTAAATATTTATATATAATAATCAATATATTATTAATTTAATAATTATTATAATAGTTCCGGGGCCCGGCCACGGGAGCCGGAACCCCGAAAGGAGTTTATAAAAGATATATTTTTATATTATATTATAT
chrMito	62813	5150	ATATAATTCTAATTAATTAAATTAAATATTTATATATAATAATCAATATATTATTAATTTAATAATTATTATAATAGTTCCGGGGCCCGGCCACGGGAGCCGGAACCCCGAAAGGAGTTTATAAAAGATATATTTTTATATTATATTATAT
chrMito	62813	2640	ATATAATTCTAATTAATTAAATTAAATATTTATATATAATAATCAATATATTATTAATTTAATAATTATTATAATAGTTCCGGGGCCCGGCCACGGGAGCCGGAACCCCGAAAGGAGTTTATAAAAGATATATTTTTATATTATATTATAT
chrMito	62813	2640	ATATAATTCTAATTAATTAAATTAAATATTTATATATAATAATCAATATATTATTAATTTAATAATTATTATAATAGTTCCGGGGCCCGGCCACGGGAGCCGGAACCCCGAAAGGAGTTTATAAAAGATATATTTTTATATTATATTATAT
chrMito	62813	2640	ATATAATTCTAATTAATTAAATTAAATATTTATATATAATAATCAATATATTATTAATTTAATAATTATTATAATAGTTCCGGGGCCCGGCCACGGGAGCCGGAACCCCGAAAGGAGTTTATAAAAGATATATTTTTATATTATATTATAT
chrMito	62813	5150	ATATAATTCTAATTAATTAAATTAAATATTTATATATAATAATCAATATATTATTAATTTAATAATTATTATAATAGTTCCGGGGCCCGGCCACGGGAGCCGGAACCCCGAAAGGAGTTTATAAAAGATATATTTTTATATTATATTATAT
chrMito	62813	2640	ATATAATTCTAATTAATTAAATTAAATATTTATATATAATAATCAATATATTATTAATTTAATAATTATTATAATAGTTCCGGGGCCCGGCCACGGGAGCCGGAACCCCGAAAGGAGTTTATAAAAGATATATTTTTATATTATATTATAT
chrMito	62813	2640	ATATAATTCTAATTAATTAAATTAAAAATTTATATATAATAATCAATATATTATTAATTTAATAATTATTATAATAGTTCCGGGGCCCGGCCACGGGAGCCGGAACCCCGAAAGGAGTTTATAAAAGATATATTTTTATATTATATTATAT
chrMito	62813	2640	ATATAATTCTAATTAATTAAATTAAATATTTATATATAATAATCAATATATTATTAATTAAATAATTATTATAATAGTTACGGGGACCGGCCACGGGAGCCGGAACCCCGAAAGGAGTTTATAAAAGATATATTTTTATATTATATTATAT
chrMito	62813	2640	ATATAATTCTAATTAATTAAATTAAATATTTATATATAATAATCAATATATTATTAATTTAATAATTATTATAATAGTTCCGGGGCCCGGCCACGGGAGCCGGAACCCCGAAAGGAGTTTATAAAAGATATATTTTTATATTATATTATAT
chrMito	62813	2640	ATATAATTCTAATTAATTAAATTAAATATTTATATATAATAATCAATATATTATTAATTAAATAATTATTATAATAGTTCCGGGGCCCGGCCACGGGAGCCGGAACCCCGAAAGGAGTTTATAAAAGATATATTTTTATATTATATTATAT
chrMito	62813	2640	ATATAATTCTAATTAATTAAATTAAATATTTATATATAATAATCAATATATTATTAATTTAATAATTATTATAATAGTTCCGGGGCCCGGCCACGGGAGCCGGAACCCCGAAAGGAGTTTATAAAAGATATATTTTTATATTATATTATAT
chrMito	62813	2640	ATATAATTCTAATTAATTAAATTAAATATTTATATATAATAATCAATATATTATTAATTTAATAGTTATTATAATAGTTCCGGGGCCCGGCCACGGGAGCCGGAACCCCGAATGGAGTTTATAATAGATATATTTTTATATTATATTATAT
chrMito	62813	2640	ATATAATTCTAATTAATTAAATTAAATATTTATATATAATAATCAATATATTATTAATTTAATAATTATTATAATAGTTCCGGGGCCCGGCCACGGGAGCCGGAACCCCGAAAGGAGTTTATAAAAGATATATTTTTATATTATAT
chrMito	62813	7530	ATATAATTCTAATTAATTAAATTAAATATTTATATATAATAATCAATATATTATTAATTTAATAATTATTATAATAGTTCCGGGGCCCGGCCACGGGAGCCGGAACCCCGAAAGGAGTTTATAAAAGATATATTTTTATATTATATTATAT
chrMito	62813	2640	ATATAATTCTAATTAATTAAATTAAATATTTATATATAATAATCAATATATTATTAATTTAATAATTATTATAATAGTTCCGGGGCCCGGCCACGGGAGCCGGAACCCCGAAAGGAGTTTATAAAAGATATATTTTTATATTATATTATAT
chrMito	62813	2640	ATATAATTCTAATTAATTAAATTAAATATTTATATATAATAATCAATATATTATTAATTTAATAATTATTATAATAGTTCCGGGGCCCGGCCACGGGAGCCGGAACCCCGAAAGGAGTTTATAAAAGATATATTTTTATATTATATTATAT
chrMito	62813	2640	ATATAATTCTAATTAATTAAATTAAATATTTATATATAATAATCAATATATTATTAATTTAATAATTATTATAATAGTTCCGGGGCCCGGCCACGGGAGCCGGAACCCCGAAAGGAGTTTATAAAAGATATATTTTTATATTATATTATAT
chrMito	62813	2640	ATATAATTCTAATTAATTAAATTAAATATTTATATATAATAATCCATATATTATTAATTTAATAATTAATATAATAGTTCCGTGGCCCGGACACGGGAGCCTGAACCCCGAAAGGAGTTTATAAAATATATATTTTTATATTATATTATAT
chrMito	62813	2640	ATATAATTCTAATTAATTAAATTAAATATTTATATATAATAATCAATATATTATTAATTTAATAATTATTATAATAGTTCCGGGGCCCGGCCACGGGAGCCGGAACCCCGAAAGGAGTTTATAAAAGATATATTTTTATATTATATTATAT
chrMito	62813	2640	ATATAATTCTAATTAATTAAATTAAATATTTATATATAATAATCAATATATTATTAATTTAATAATTATTATAATAGTTCCGGGGCCCGGCCACTGGAGCCGGAACCCCGCAAGGAGTTTATAAAAGATATATTTTTATATTATATTATAT
chrMito	62813	2640	ATATAATTCTAATTAATTAAATTAAATATTTATATATAATAATCAATATATTATTAATTTAATAATTATTATAATAGTTCCGGGGCCCGGCCACGGGAGCCGGAACCCCGAAAGGAGTTTATAAAAGATATATTTTTATATTATATTATAT
chrMito	62813	2640	ATATAATTCTAATTAATTAAATTAAATATTTATATATAATAATCAATATATTATTAATTTAATAATTATTATAATAGTTCCGGGGCCCGGCCACGGGAGCCGGAACCCCGAAAGGAGTTTATAAAAGATATATTTTTATATTATAT
chrMito	62813	5150	ATATAATTCTAATTAATTAAATTAAATATTTATATATAATAATCAATATATTATTAATTTAATAATTATTATAATAGTTCCGGGGCCCGGCCACGGGAGCCGGAACCCCGAAAGGAGTTTATAAAAGATATATTTT
chrMito	62813	2640	ATATAATTCTAATTAATTAAATTAAATATTTATATATAATAATCAATATATTATTAATTTAATAATTATTATAATAGTTCCGGGGCCCGGCCACGGGAGCCGGAACCCCGAAAGGAGTTTATAAAAGATATATTTTTATATTATATTATAT
chrMito	62813	70	ATATAATTCTAATTAATTAAATTAAATATTTATATATAATAATCAATATATTATTAATTTAATAATTATTATAATAGTTCCGGGGCCCGGCCACGGGAGCCGGAACCCCGAAAGGAGTTTATAAAAGATATATTTTTATATTATATTATAT
chrMito	62813	7530	ATATAATTCTAATTAATTAAATTAAATATTTATATATAATAATCAATATATTATTAATTTAATAATTATTATAATAGTTCCGGGGCCCGGCCACGGGAGCCGGAACCCCGAAAGGAGTTTATAAAAGATATATTTTTATATTATAT
chrMito	62813	10150	ATATAATTCTAATTAATTAAATTAAATATTTATATATAATAATCAATATATTATTAATTTAATAATTATTATAATAGTTCCGGGGCCCGGCCACGGGAGCCGGAACCCCGAAAGGAGTTTATAAAAGATATATTTTTATATTATATTATAT
chrMito	62813	10150	ATATAATTCTAATTAATTAAATTAAATATTTATATATAATAATCAATATATTATTAATTTAATAATTATTATAATAGTTCCGGGGCCCGGCCACGGGAGCCGGAACCCCGAAAGGAGTTTATAAAAGATATATTTTTATATTATATTATAT
chrMito	62813	70	ATATAATTCTAATTAATTAAATTAAATATTTATATATAATAATCAATATATTATTAATTTAATAATTATTATAATAGTTCCGGGGCCCGGCCACGGGAGCCGGAACCCCGAAAGGAGTTTATAAAAGATATATTTTTATATTATATTATAT
chrMito	62813	7530	ATATAATTCTAATTAATTAAATTAAATATTTATATATAATAATCAATATATTATTAATTTAATAATTATTATAATAGTTCCGGGGCCCGGCCACGGGAGCCGGAACCCCGAAAGGAGTTTATAAAAGATATATTTTTATATTATATTATAT
chrMito	62813	7530	ATATAATTCTAATTAATTAAATTAAATATTTATATATAATAATCAATATATTATTAATTTAATAATTATTATAATAGTTCCGGGGCCCGGCCACGGGAGCCGGAACCCCGAAAGGAGTTTATAAAAGATATATTTTTATATTATATTATAT
chrMito	62813	70	ATATAATTCTAATTAATTAAATTAAATATTTATATATAATAATCAATATATTATTAATTTAATAATTATTATAATAGTTCCGGGGCCCGGCCACGGGAGCCGGAACCCCGAAAGGAGTTTATAAAAGATATATTTTTATATTATATTATAT
chrMito	62813	7530	ATATAATTCTAATTAATTAAATTAAATATTTATATATAATAATCAATATATTATTAATTTAATAATTATTATAATAGTTCCGGGGCCCGGCCACGGGAGCCGGAACCCCGAAAGGAGTTTATAAAAGATATATTTTTATATTATATTATAT
chrMito	62813	7530	ATATAATTCTAATTAATTAAATTAAATATTTATATATAATAATCAATATATTATTAATTTAATAATTATTATAATAGTTCCGGGGCCCGGCCACGGGAGCCGGAACCCCGAAAGGAGTTTATAAAAGATATATTTTTATATTATAT
chrMito	62813	7530	ATATAATTCTAATTAATTAAATTAAATATTTATATATAATAATCAATATATTATTAATTTAATAATTATTATAATAGTTCCGGGGCCCGGCCACGGGAGCCGGAACCCCGAAAGGAGTTTATAAAAGATATATTTTTATATTATATTATAT
chrMito	62813	70	ATATAATTCTAATTAATTAAATTAAATATTTATATATAATAATCAATATATTATTAATTTAATAATTATTATAATAGTTCCGGGGCCCGGCCACGGGAGCCGGAACCCCGAAAGGAGTTTATAAAAGATATATTTTTATATTATATTATAT
chrMito	62813	70	ATATAATTCTAATTAATTAAATTAAATATTTATATATAATAATCAATATATTATTAATTTAATAATTATTATAATAGTTCCGGGGCCCGGCCACGGGAGCCGGAACCCCGAAAGGAGTTTATAAAAGATATATTTTTATATTATATTATAT
chrMito	62813	70	ATATAATTCTAATTAATTAAATTAAATATTTATATATAATAATCAATATATTATTAATTTAATAATTATTATAATAGTTCCGGGGCCCGGCCACGGGAGCCGGAACCCCGAAAGGAGTTTATAAAAGATATATTTTTATAT
chrMito	62813	70	ATATAATTCTAATTAATTAAATTAAATATTTATATATAATAATCAATATATTATTAATTTAATAATTATTATAATAGTTCCGGGGCCCGGCCACGGGAGCCGGAACCCCGAAAGGAGTTTATAAAAGATATATTTTTATAT
chrMito	62813	7530	ATATAATTCTAATTAATTAAATTAAATATTTATATATAATAATCAATATATTATTAATTTAATAATTATTATAATAGTTCCGGGGCCCGGCCACGGGAGCCGGAACCCCGAAAGGAGTTTATAAAAGATATATTTTTATATTATATTATAT
chrMito	62813	7530	ATATAATTCTAATTAATTAAATTAAATATTTATATATAATAATCAATATATTATTAATTTAATAATTATTATAATAGTTCCGGGGCCCGGCCACGGGAGCCGGAACCCCGAAAGGAGTTTATAAAAGATATATTTTTATATTATATTATAT
chrMito	62813	10150	ATATAATTCTAATTAATTAAATTAAATATTTATATATAATAATCAATATATTATTAATTTAATAATTATTATAATAGTTCCGGGGCCCGGCCACGGGAGCCGGAACCCCGAAAGGAGTTTATAAAAGATATATTTTTATATTATATTATAT
chrMito	62813	7530	ATATAATTCTAATTAATTAAATTAAATATTTATATATAATAATCAATATATTATTAATTTAATAATTATTATAATAGTTCCGGGGCCCGGCCACGGGAGCCGGAACCCCGAAAGGAGTTTATAAAAGATATATTTTTATATTATATTATAT
chrMito	62813	7530	ATATAATTCTAATTAATTAAATTAAATATTTATATATAATAATCAATATATTATTAATTTAATAATTATTATAATAGTTCCGGGGCCCGGCCACGGGAGCCGGAACCCCGAAAGGAGTTTATAAAAGATATATTTTTATATTATATTATAT
chrMito	62813	70	TTATAATTCTAAATAATTAAATTAAATATTTAAATATAATAATCAATATATAATTAATTTAATAATTAATATAATAGTTCCGGGGCCCGGCCAAGTGAGCCGGAACCCCGCAAGGAGTTAATAAAAGATATATTTTTATATTATATTATAT
chrMito	62813	70	ATATAATTCTAATTAATTAAATTAAATATTTATATATAATAATCAATATATTATTAATTTAATAATTATTATAATAGTTCCGGGGCCCGGCCACGGGAGCCGGAACCCCGAAAGGAGTTTATAAAAGATATATTTTTATATTATATTATAT
chrMito	62813	1410	ATATAATTCTAATTAATTAAATTAAATATTTATATATAATAATCAATATATTATTAATTTAATAATTATTATAATAGTTCCGGGGCCCGGCCACGGGAGCCGGAACCCCGAAAGGAGTTTATAAAAGATATATTTTTATATTATATTATAT
chrMito	62813	1410	ATATAATTCTAATTAATTAAATTAAATATTTATATATAATAATCAATATATTATTAATTTAATAATTATTATAATAGTTCCGGGGCCCGGCCACGGGAGCCGGAACCCCGAAAGGAGTTTATAAAAGATATATTTTTATATTATATTATAT
chrMito	62813	70	ATATAATTCTAATTAATTAAATTAAATATTTATATATAATAATCAATATATTATTAATTTAATAATTATTATAATAGTTCCGGGGCCCGGCCACGGGAGCCGGAACCCCGAAAGGAGTTTATAAAAGATATATTTTTATATTATATTATAT
chrMito	62813	70	ATATAATTCTAATTAATTAAATTAAATATTTATATATAATAATCAATATATTATTAATTTAATAATTATTATAATAGTTCCGGGGCCCGGCCACGGGAGCCGGAACCCCGAAAGGAGTTTATAAAAGATATATTTTTATATTATATTATAT
chrMito	62813	1410	ATATAATTCTAATTAATTAAATTAAATATTTATATATAATAATCAATATATTATTAATTTAATAATTATTATAATAGTTCCGGGGCCCGGCCACGGGAGCCGGAACCCCGAAAGGAGTTTATAAAAGATATATTTTTATATTATATTATAT
chrMito	62813	7530	ATATAATTCTAATTAATTAAATTAAATATTTATATATAATAATCAATATATTATTAATTTAATAATTATTATAATAGTTCCGGGGCCCGGCCACGGGAGCCGGAACCCCGAAAGGAGTTTATAAAAGATATATTTTTATATTATATTATAT
chrMito	62815	2640	ATAATTATAATTAATTAAATTAAATATTTATATATAATAATCAATATATTATTAATTTAATAATTATTATAATAGTTCCGGGGCCCGGCCACGGGAGCCGGAACCCCGAAAGGAGTTTATAAAAGATATATTTTTATATTATATTATATTA
chrMito	62818	10150	ATTCTAATTAATTAAATTAAATATTTATATATAATAATCAATATATTATTAATTTAATAATTATTATAATAGTTCCGGGGCCCGGCCACGGGAGCCGGAACCCCGAAAGGAGTTTATAAAAGATATATTTTTATATTATATTATAT
chrMito	62818	2640	ATTCTAATTAATTAAATTAAATATTTATATATAATAATCAATATATTATTAATTTAATAATTATTATAATAGTTCCGGGGCCCGGCCACGGGAGCCGGAACCCCGAAAGGAGTTTATAAAAGATATATTTTTATATTATATTATAT
chrMito	62818	2640	ATTCTAATTAATTAAATTAAATATTTATATATAATAATCAATATATTATTAATTTAATAATTATTATAATAGTTCCGGGGCCCGGCCACGGGAGCCGGAACCCCGAAAGGAGTTTATAAAAGATATATTTTTATATTATATTATAT
chrMito	62818	1410	ATTCTAATTAATTAAATTAAATATTTATATATAATAATCAATATATTATTAATTTAATAATTATTATAATAGTTCCGGGGCCCGGCCACGGGAGCCGGAACCCCGAAAGGAGTTTATAAAAGATATATTTTTATATTATATTATATTATAT
chrMito	62818	10150	ATTCTAATTAATTAAATTAAATATTTATATATAATAATCAATATATTATTAATTTAATAATTATTATAATAGTTCCGGGGCCCGGCCACGGGAGCCGGAACCCCGAAAGGAGTTTATAAAAGATATATTTTTATATTATAT
chrMito	62818	10150	ATTCTAATTAATTAAATTAAATATTTATATATAATAATCAATATATTATTAATTTAATAATTATTATAATAGTTCCGGGGCCCGGCCACGGGAGCCGGAACCCCGAAAGGAGTTTATAAAAGATATATTTTTATATTATAT
chrMito	62818	10150	ATTCTAATTAATTAAATTAAATATTTATATATAATAATCAATATATTATTAATTTAATAATTATTATAATAGTTCCGGGGCCCGGCCACGGGAGCCGGAACCCCGAAAGGAGTTTATAAAAGATATATTTTTATATTATATTATAT
chrMito	62831	70	AAATTAAATATTTATATATAATAATCAATATATTATTAATTTAATAATTATTATAATAGTTCCGGGGCCCGGCCACGGGAGCCGGAACCCCGAAAGGAGTTTATAAAAGATATATTTTTATATTATATTATAT
chrMito	62831	70	AAATTAAATATTTATATATAATAATCAATATATTATTAATTTAATAATTATTATAATAGTTCCGGGGCCCGGCCACGGGAGCCGGAACCCCGAAAGGAGTTTATAAAAGATATATTTTTATATTATATTATAT
chrMito	62841	7530	TTTATATATAATAATCAATATATTATTAATTTAATAATTATTATAATAGTTCCGGGGCCCGGCCACGGGAGCCGGAACCCCGAAAGGAGTTTATAAAAGATATATTTTTATAT
chrMito	62841	7530	TTTATATATAATAATCAATATATTATTAATTTAATAATTATTATAATAGTTCCGGGGCCCGGCCACGGGAGCCGGAACCCCGAAAGGAGTTTATAAAAGATATATTTT
chrMito	62841	7530	TTTATATATAATAATCAATATATTATTAATTTAATAATTATTATAATAGTTCCGGGGCCCGGCCACGGGAGCCGGAACCCCGAAAGGAGTTTATAAAAGATATATTTT
chrMito	62841	1410	TTTATATATAATAATCAATATATTATTAATTTAATAATTATTATAATAGTTCCGGGGCCCTGCCACGGGAGCCGGAACACCGAAAGGAGTTTATAAAAGATATATTTTTATATTATATTATAT
chrMito	62841	1410	TTTATATATAATAATCAATATATTATTAATTTAATAATTATTATAATAGTTCCGGGGCCCTGCCACGGGAGCCGGAACCCCGAAAGGAGTTTATAAAAGATATATTTTTATATTATATTATAT
chrMito	62841	7530	TTTATATATAATAATCAATATATTATTAATTTAATAATTATTATAATAGTTCCGGGGCCCGGCCACGGGAGCCGGAACCCCGAAAGGAGTTTATAAAAGATATATTTTTATAT
chrMito	62844	2640	ATATATAATAATCAATATATTATTAATTTAATAATTATTATAATAGTTCCGGGGCCCGGCCACGGGAGCCGGAACCCCGAAAGGAGTTTATAAAAGATATATTTTTAT
chrMito	62844	2640	ATATATAATAATCAATATATTATTAATTTAATAATTATTATAATAGTTCCGGGGCCCGGCCACGGGAGCCGGAACCCCGAAAGGAGTTTATAAAAGATATATTTTTAT
chrMito	62844	2640	ATTTATAATAATTAATATATTATTAATTTAATAATTATTTTAATAGTTCCGGGGCCAGGCTACGGGAGACTGAACCACGAAATGAGTTTATAAAAGATATATTTTTAT
chrMito	62844	2640	ATATATAATAATCAATATATTATTAATTTAATAATTATTATAATAGTTCCGGGGCCCGGCCACGGGAGCCGGAACCCCGAAAGGAGTTTATAAAATATATATTTTTAT
chrMito	62848	1410	ATAATAATCAATATATTATTAATTTAATAATTATTATAATAGTTCCGGGGCCCGGCCACGGGAGCCGGAACCCCGAAAGGAGTTTATAAAAGATATATTTTTATATTATATTATAT
chrMito	62848	1410	ATAATAATCAATATATTATTAATTTAATAATTATTATAATAGTTCCGGGGCCCGGCCACGGGAGCCGGAACCCCGAAAGGAGTTTATAAAAGATATATTTTTATATTATATTATAT
chrMito	62848	70	ATAATAATCAATATATTATTAATTTAATAATTATTATAATAGTTCCGGGGCCCGGCCACGGGAGCCGGAACCCCGAAAGGAGTTTATAAAAGATATATTTTTATATTATATTATAT
chrMito	62848	70	ATAATAATCAATATATTATTAATTTAATAATTATTATAATAGTTCCGGGGCCCGGCCACGGGAGCCGGAACCCCGAAAGGAGTTTATAAAAGATATATTTTTATATTATATTATAT
chrMito	62851	2640	ATAATCAATATATTATTAATTTAATAATTATTATAATAGTTCCGGGGCCCGGCCACGGGAGCCGGAACCCCGAAAGGAGTTTATAAAAGATATATTTTTATATTATATTATAT
chrMito	62851	2640	ATAATCAATATATTATTAATTTAATAATTATTATAATAGTTCCGGGGCCCGGCCACGGGAGCCGGAACCCCGAAAGGAGTTTATAAAAGATATATTTTTATATTATATTATAT
chrMito	62853	1410	AATCAATATATTATTAATTTAATAATTATTATAATAGTTCCGGGGCCCGGCCACGGGAGCCGGAACCCCGAAAGGAGTTTATAAAAGATATATTTTTATATTATATTATAT
chrMito	62853	2640	AATCAATATATTATTAATTTAATAATTATTATAATATTTCCTGGGCCCGGCCAAGGGATCCGGAACCCAGAAAGGAGATTATAAAAGATATATTTTTATATTATATTATAT
chrMito	62853	1410	AATCAATATATTATTAATTTAATAATTATTATAATAGTTCCGGGGCCCGGCCACGGGAGCCGGAACCCCGAAAGGAGTTTATAAAAGATATATTTTTATATTATATTATAT
chrMito	62853	10150	AATCAATATATTATTAATTTAATAATTATTATAATAGTTCCGGGGCCCGGCCACGGGAGCCGGAACCCCGAAAGGAGTTTATAAAAGATATATTT-----TTATATTATATTATATTTAATAAATATTACCTTTTTTTATTATTATTTTTATATAT
chrMito	62853	2640	AATCAATATATTATTAATTTAATAATTATTATAATAGTTCCGGGGCCCGGCCACGGGAGCCGGAACCCCGAAAGGAGTTTATAAAAGATATATTTTTATATTATATTATAT
chrMito	62855	7530	TCAATATATTATTAATTTAATAATTATTATAATAGTTCCGGGGCCCGGCCACGGGAGCCGGAACCCCGAAAGGAGTTTATAAAAGATATATTT-----TTATATTATATTATATTTAATAAATATTACCTTTTTTTATTATTATTTTTATATATTA
chrMito	62855	7530	TCAATATATTATTAATTTAATAATTAGTATAATAGTTCCGGGGCCCGGCCACGGGAGCCGGAACCCCGAAAGGAGTTTATAAAAGATATATTT-----TTATATTATATTATATTTAATAAATATTACCTTTTTTTATTATTATTTTTATATATTA
chrMito	62855	70	TCAATATATTATTAATTTAATAATTATTATAATAGTTCCGGGGCCCGGCCACGGGAGCCGGAACCCCGAAAGGAGTTTATAAAAGATATATTTTTATATTATATTATATTATATTTAATAAATATTACCTTTTTTTATTATTATTTTTATA
chrMito	62855	5150	TCAATATATTATTAATTTAATAATTATTATAATAGTTCCGGGGCCCGGCCACGGGAGCCGGAACCCCGAAAGGAGTTTATAAAAGATATATTT-----TTATATTATATTATATTTAATAAATATTACCTTTTTTTATTATTATTTTTATATATT
chrMito	62855	7530	TCAATATATTATTAATTTAATAATTATTATAATAGTTCCGGGGCCCGGCCACGGGAGCCGGAACCCCGAAAGGAGTTTATAAAAGATATATTT-----TTATATTATATTATATTTAATAAATATTACCTTTTTTTATTATTATTTTTATATATTA
chrMito	62856	2640	CAATATATTATTAATTTAATAATTATTATAATAGTTCCGGGGCCCGGCCACGGGAGCCGGAACCCCGAAAGGAGTTTATAAAAGATATATTTTTATATTATATTATATTATATTTAATAAATATTACCTTTTTTTATTATTATTTTTATAT
chrMito	62858	10150	ATATATTATTAATTTAATAATTATTATAATAGTTCCGGGGCCCGGCCACGGGAGCCGGAACCCCGAAAGGAGTTTATAAAAGATATATTT-----TTATATTATATTATATTTAATAAATATTACCTTTTTTTATTATTATTTTTATAT
chrMito	62858	2640	ATATATTATTAATTTAATAATTATTATAATAGTTCCGGGGCCCGGCCACGGGAGCCGGAACCCCGAAAGGAGTTTATAAAAGATATATTTTTATATTATATTATATTATATTTAATAAATATTACCTTTTTTTATTATTATTTTTATATAT
chrMito	62858	2640	ATATATTATTAATTTAATAATTATTATAATAGTTCCGGGGCCCGGCCACGGGAGCCGGAACCCCGAAAGGAGTTTATAAAAGATATATTTTTATATTATATTATAT
chrMito	62858	5150	ATATATTATTAATTTAATAATTATTATAATAGTTCCGGGGCCCGGCCACGGGAGCCGGAACCCCGAAAGGAGTTTATAAAAGATATATTTTTATATTATAT
chrMito	62858	5150	ATATATTATTAATTTAATAATTATTATAATAGTTCCGGGGCCCGGCCACGGGAGCCGGAACCCCGAAAGGAGTTTATAAAAGATATATTT-----TTATATTATATTATATTTAATAAATATTACCTTTTTTTATTATTATTTTTATATATTATAT
chrMito	62858	2640	ATATATTATTAATTTAATAATTATTATAATAGTTCCGGGGCCCGGCCACGGGAGCCGGAACCCCGAAAGGAGTTTATAAAAGATATATTTTTATATTATATTATAT
chrMito	62858	5150	ATATATTATTAATTTAATAATTATTATAATAGTTCCGGGGCCCGGCCACGGGAGCCGGAACCCCGAAAGGAGTTTATAAAAGATATATTTTTATATTATAT
chrMito	62858	2640	ATATATTATTAATTTAATAATTATTATAATAGTTCCGGGGCCCGGCCACGGGAGCCGGAACCCCGAAAGGAGTTTATAAAAGATATATTTTTATAT
chrMito	62858	1410	ATATATTATTAATTTAATAATTATTATAATAGTTCCGGGGCCCGGCCACGGGAGCCGGAACCCCGAAAGGAGTTTATAAAAGATATATTTTTATATTATATTATAT
chrMito	62858	70	ATATATTATTAATTTAATAATTATTATAATAGTTCCGGGGCCCGGCCACGGGAGCCGGAACCCCGAAAGGAGTTTATAAAAGATATATTTTTATATTATATTATAT
chrMito	62858	2640	ATATATTATTAATTTAATAATTATTATAATAGTTCCGGGGCCCGGCCACGGGAGCCGGAACCCCGAAAGGAGTTTATAAAAGATATATTTTTATAT
chrMito	62858	70	ATATATTATTAATTTAATAATTATTATAATAGTTCCGGGGCCCGGCCACGGGAGCCGGAACCCCGAAAGGAGTTTATAAAAGATATATTTTTATATTATAT
chrMito	62858	2640	ATATATTATTAATTTAATAATTATTATAATAGTTCCGGGGCCCGGCCACGGGAGCCGGAACCCCGAAAGGAGTTTATAAAAGATATATTTTTATATTATATTATATTATATTTAATAAATATTACCTTTTTTTATTATTATTTTTATATAT
chrMito	62858	70	ATATATTATTAATTTAATAATTATTATAATAGTTCCGGGGCCCGGCCACGGGAGCCGGAACCCCGAAAGGAGTTTATAAAAGATATATTTTTATATTATAT
chrMito	62858	10150	ATATATTATTAATTTAATAATTATTATAATAGTTCCGGGGCCCGGCCACGGGAGCCGGAACCCCGAAAGGAGTTTATAAAAGATATATTT-----TTATATTATATTATATTTAATAAATATTACCTTTTTTTATTATTATTTTTATAT
chrMito	62858	2640	ATATATTATTAATTTAATAATTATTATAATAGTTCCGGGGCCCGGCCACGGGAGCCGGAACCCCGAAAGGAGTTTATAAAAGATATATTTTTATATTATATTATATTATATTTAATAAATATTACCTTTTTTTATTATTATTTTTATATAT
chrMito	62858	1410	ATATATTATTAATTTAATAATTATTATAATAGTTCCGGGGCCCGGCCACGGGAGCCGGAACCCCGAAAGGAGTTTATAAAAGATATATTTTTATATTATATTATAT
chrMito	62858	7530	ATATATTATTAATTTAATAATTATTATAATAGTTCCGGGGCCCGGCCACGGGAGCCGGAACCCCGAAAGGAGTTTATAAAAGATATATTT-----TTATATTATATTATATTTAATAAATATTACCTTTTTTTATTATTATTTTTATATATTATAT
chrMito	62858	5150	ATATATTATTAATTTAATAATTATTATAATAGTTCCGGGGCCCGGCCACGGGAGCCGGAACCCCGAAAGGAGTTTATAAAAGATATATTT-----TTATATTATATTATATTTAATAAATATTACCTTTTTTTATTATTATTTTTATATATTATAT
chrMito	62858	70	ATATATTATTAATTTAATAATTATTATAATAGTTCCGGGGCCCGGCCACGGGAGCCGGAACCCCGAAAGGAGTTTATAAAAGATATATTTTTATATTATATTATAT
chrMito	62862	2640	ATTATTAATTTAATAATTATTATAATAGTTCCGGGGACCGGCCACGGGAGCCGTAACCCCGAAAGGAGTTTATAAAAGATATATTTTTATATTATATTATATTATATTTAATAAATATTACCTTTTTTTATTATTATTTTTATATATTATA
chrMito	62862	2640	ATTATTAATTTAATAATTATTATAATAGTTCCGGGGCCCGGCCACGGGAGCCGGAACCCCGAAAGGAGTTTATAAAAGATATATGT-----TTATATTATATTATATTTAATAAATATTACCTTTTTTTATTATTATTTTTATATATTATATAATA
chrMito	62863	10150	TTATTAATTTAATAATAATTATAATAGTTCCGGGGCCCGGCCACGGGAGCCGGAACCCCGAAAGGAGTTTATAAAAGATATATTT-----TTATATTATATTATATTTAATAAATATTACCTTTTTTTATTATTATTTTTATATATTATATAATAT
chrMito	62863	70	TTATTAATTTAATAATTATTATAAAAGTTCCGGGGCCCGGCCACTTGATACTTAACACAGAAAGGATTTTATAAAAGATAAATTATTATATTATATTATATAATATTTAATAAATATTACGTATTTATATAATAATATTTATATATTATAT
chrMito	62863	70	TTATTAATTTAATAATTATTATAATATTTCCGTGGCCCGGCCACGGGAGCCGTAACCACGAAAGGAGTATATAAATGATAAATTTTTATATTATATTATATTATATTTAAAAAATATTAAATTTTTTTATTATTATTTTTATATATTATAT
chrMito	62868	2640	AATTTAATAATTATTATAATAGTTCCGGGGCCCGGCCACGGGAGCCGGAACCCCGAAAGGAGTTTATAAAAGATATATTTTTATATTATATTATATTATATTTAATAAATATTACCTTTTTTTATTATTATTTTTATATATTATATAATAT
chrMito	62869	5150	ATTTAATAATTATTATAATAGTTCCGGGGCCCGGCCACGGGAGCCGGAACCCCGAAAGGAGTTTATAAAAGATATATTTTTATATTATATTATAT
chrMito	62869	7530	ATTTAATAATTATTATAATAGTTCCGGGGCCCGGCCACGGGAGCCGGAACCCCGAAAGGAGTTTATAAAAGATATATTT-----TTATATTATATTATATTTAATAAATATTACCTTTTTTTATTATTATTTTTATATATTATATAATATTATTAA
chrMito	62869	5150	ATTTAATAATTATTATAATAGTTCCGGGGCCCGGCCACGGGAGCCGGAACCCCGAAAGGAGTTTATAAAAGATATATTTTTATATTATATTATAT
chrMito	62869	10150	ATTTAATAATTATTATAATAGTTCCGGGGCCCGGCCACGGGAGCCTGAACCCCGAAAGGAGTTTATAAAAGATATATTT-----TTATATTATATTATATTTAATAAATATTACCTTTTTTTATTATTATTTTTATATATTATATAATATTATTA
chrMito	62869	70	ATTTAATAATTATTATAATAGTTCCGGGGCCCGGCCACGGGAGCCGGAACCCCGAAAGGAGTTTATAAAAGATATATTTTTATATTATATTATAT
chrMito	62869	1410	ATTTAATAATTATTATAATAGTTCCGGGGCCCGGCCACGGGAGCCGGAACCCCGAAAGGAGTTTATAAAAGATATATTTTTATATTATATTATATTATATTTAATAAATATTACCTTTTTTTATTATTATTTTTATATATTATATAATATT
chrMito	62869	70	ATTTAATAATTATTATAATAGTTCCGGGGCCCGGCCACGGGAGCCGGAACCCCGAAAGGAGTTTATAAAAGATATATTTTTATATTATATTATAT
chrMito	62870	1410	TATAATAATTATTATAATAGTTCCGGGGCCCGGCCACGGGAGACGGAACCCCGAAAGGAGTTTATAAAAGATATATTTTTATATTATAT
chrMito	62870	1410	TTTTATAATTATTATAATATTTCCGGGGCCGGGCCACGGTAGGCGGAACCCCGAAAGGAGTTTATAATAGATATATTTTTATATTATAT
chrMito	62872	5150	TAATAATTATTATAATAGTTCCGGGGCCCGGCCACGGGAGCCGGAACCCCGAAAGGAGTTTATAAAAGATATATTT-----TTATATTATATTATATTTAATAAATATTACCTTTTTTTATTATTATTTTTATATATTATATAATATTATTAATTT
chrMito	62876	70	AATTATTATAATAGTTCCGGGGCCCGGCCACGGGAGCCGGAACCCCGAAAGGAGTTTATAAAAGATATATTTTTATATTATATTATAT
chrMito	62876	1410	AATTATTATAATAGTTCCGGGGCCCGGCCACGGGAGCCGGAACCCCGAAAGGAGTTTATAAAAGATATATTTTTATATTATATTATATTATATTTAATAAATATTACCTTTTTTTATTATTATTTTTATATATTATATAATATTATTAATT
chrMito	62876	10150	AATTATTATAATAGTTCCGGGGCCCGGCCACGGGAGCCGGAACCCCGAAAGGAGTTTATAAAAGATATATTTTTATATTATATTA
chrMito	62876	10150	AATTATTATAATAGTTCCGGGGCCCGGCCACGGGAGCCGGAACCCCGAAAGGAGTTTATAAAAGATATATTTTTATATTATATTA
chrMito	62876	70	AATTATTATAATAGTTCCGGGGCCCGGCCACGGGAGCCGGAACCCCGAAAGGAGTTTATAAAAGATATATTTTTATATTATATTATAT
chrMito	62878	2640	TTATTATAATAGTTCCGGGGCCCGGCCACGGGAGCCGGAACCCCGAAAGGAGTTTATAAAAGATATATTTTTATATTATATTATATTATATTTAATAAATATTACCTTTTTTTATTATTATTTTTATATATTATATAAT
chrMito	62878	2640	TTATTATAATAGTTCCGGGGCCCGGCCACGGGAGCCGGAACCCCGAAAGGAGTTTATAAAAGATATATTTTTATATTATATTATATTATATTTAATAAATATTACCTTTTTTTATTATTATTTTTATATATTATATAAT
chrMito	62878	2640	TTATTATAATAGTTCCGGGGCCCGGCCACGGGAGCCGGAACCCCGAAAGGAGTTTATAAAAGATATATTTTTATATTATATTATATTATATTTAATAAATATTACCTTTTTTTATTATTATTTTTATATATTATATAATATTATTAATTTT
chrMito	62878	2640	TTATTATAATAGTTCCGGGGCCCGGCCACGGGAGCCGGAACCCCGAAAGGAGTTTATAAAAGATATATTTTTATATTATATTATATTATATTTAATAAATATTACCTTTTTTTATTATTATTTTTATATATTATATAATATTATTAATTTT
chrMito	62878	5150	TTATTATAATAGTTCCGGGGCCCGGCCACGGGAGCCGGAACCCCGAAAGGAGTTTATAAAAGATATATTTTTATATTATATTATATT(TAAT)
chrMito	62878	2640	TTATTATAATAGTTCCGGGGCCCGGCCACGGGAGCCGGAACCCCGAAAGGAGTTTATAAAAGATATATTT-----TTATATTATATTATATTTAATAAATATTACCTTTTTTTATTATTATTTTTATATATTATAT
chrMito	62878	2640	TTATTATAATAGTTCCGGGGCCCGGCCACGGGAGCCGGAACCCCGAAAGGAGTTTATAAAAGATATATTT-----TTATATTATATTATATTTAATAAATATTACCTTTTTTTATTATTATTTTTATATATTATAT
chrMito	62878	2640	TTATTATAATAGTTCCGGGGCCCGGCCACGGGAGCCGGAACCCCGAAAGGAGTTTATAAAAGATATATTT-----TTATATTATATTATATTTAATAAATATTACCTTTTTTTATTATTATTTTTATATATTATAT
chrMito	62878	2640	TTATTATAATAGTTCCGGGGCCCGGCCACGGGAGCCGGAACCCCGAAAGGAGTTTATAAAAGATATATTT-----TTATATTATATTATATTTAATAAATATTACCTTTTTTTATTATTATTTTTATATATTATAT
chrMito	62878	2640	TTATTATAATAGTTCCGGGGCCCGGCCACGGGAGCCGGAACCCCGAAAGGAGTTTATAAAAGATATATTTTTATATTATATTATAT
chrMito	62878	2640	TTATTATAATAGTTCCGGGGCCCGGCCACGGGAGCCGGAACCCCGAAAGGAGTTTATAAAAGATATATTTTTATATTATATTATAT
chrMito	62878	2640	TTATTATAATAGTTCCGGGGCCCGGCCACGGGAGCCGGAACCCCGAAAGGAGTTTATAAAAGATATATTTTTATATTATATTATATTATATTTAATAAATATTACCTTTTTTTATTATTATTTTTATATATTATATAATAT
chrMito	62878	2640	TTATTATAATAGTTCCGGGGCCCGGCCACGGGAGCCGGAACCCCGAAAGGAGTTTATAAAAGATATATTTTTATATTATATTATATTATATTTAATAAATATTACCTTTTTTTATTATTATTTTTATATATTATATAATAT
chrMito	62878	5150	TTATTATAATAGTTCCGGGGCCCGGCCACGGGAGCCGGAACCCCGAAAGGAGTTTATAAAAGATATATTTTTATATTATATTATATT(TAAT)
chrMito	62878	1410	TTATTATAATAGTTCCGGGGCCCGGCCACGGGAGCCGGAACCCCGAAAGGAGTTTATAAAAGATATATTTTTATATTATATTATATTATATTTAATAAATATTACCTTTTTTTATTATTATTTTTATATATTATATAATATTATTAATTTT
chrMito	62878	2640	TTATTATAATAGTTCCGGGGCCCGGCCACGGGAGCCGGAACCCCGAAAGGAGTTTATAAAAGATATATTTTTATAT
chrMito	62878	10150	TTATTATAATAGTTCCGGGGCCCGGCCACGGGAGCCGGAACCCCGAAAGGAGTTTATAAAAGATATATTT-----TTATATTATATTATATTTAATAAATATTACCTTTTTTTATTATTATTTTTATAT
chrMito	62878	7530	TTATTATAATAGTTCCGGGGCCCGGCCACGGGAGCCGGAACCCCGAAAGGAGTTTATAAAAGATATATTTTTATAT
chrMito	62878	7530	TTATTATAATAGTTCCGGGGCCCGGCCACGGGAGCCGGAACCCCGAAAGGAGTTTATAAAAGATATATTTTTATAT
chrMito	62878	10150	TTATTATAATAGTTCCGGGGCCCGGCCACGGGAGCCGGAACCCCGAAAGGAGTTTATAAAAGATATATTT-----TTATATTATATTATATTTAATAAATATTACCTTTTTTTATTATTATTTTTATAT
chrMito	62878	2640	TTATTATAATAGTTCCGGGGCCCGGCCACGGGAGCCGGAACCCCGAAAGGAGTTTATAAAAGATATATTTTTATATTATATTATAT
chrMito	62878	2640	TTATTATAATAGTTCCGGGGCCCGGCCACGGGAGCCGGAACCCCGAAAGGAGTTTATAAAAGATATATTTTTATATTATATTATAT
chrMito	62878	2640	TTATTATAATAGTTCCGGGGCCCGGCCACGGGAGCCGGAACCCCGAAAGGAGTTTATAAAAGATATATTTTTATATTATATTATAT
chrMito	62878	2640	TTATTATAATAGTTCCGGGGCCCGGCCACGGGAGCCGGAACCCCGAAAGGAGTTTATAAAAGATATATTTTTATATTATATTATAT
chrMito	62878	1410	TTATTATAATAGTTCCGGGGCCCGGCCACGGGAGCCGGAACCCCGAAAGGAGTTTATAAAAGATATATTTTTATATTATATTATATTATATTTAATAAATATTACCTTTTTTTATTATTATTTTTATATATTATATAATATTATTAATTTT
chrMito	62879	5150	TATTATAATAGTTCCGGGGACCGGCCACGGGAGCCGGAACCCCGAAAGGAGTTTATAAAAGATATATTTTTATA
chrMito	62879	2640	TATTATAATAGTTCCGGGGCCCGGCCACGGGAGCCGGAACCCCGAAAGGAGTTTATAAAAGATATATTTTTATATTATATTATATTATATTTAATAAATATTACCTTTTTTTATTATTATTTTTATATATTATATAATATTATTAATTTTT
chrMito	62879	7530	TATTATAATAGTTCCGGGGCCCGGCCACGGGAGCCGGAACCCCGAAAGGAGTTTATAAAAGATATATTT-----TTATATTATATTATATTTAATAAATATTACCTTTTTTTATTATTATTTTTATATATTATAT
chrMito	62879	7530	TATTATAATAGTTCCGGGGCCCGGCCACGGGAGCCGGAACCCCGAAAGGAGTTTATAAAAGATATATTT-----TTATATTATATTATATTTAATAAATATTACCTTTTTTTATTATTATTTTTATATATTATAT
chrMito	62879	5150	TATTATAATAGTTCCGGGGCCCGGCCACGGGAGCCGGAACCCCGAAAGGAGTTTATAAAAGATATATTT-----TTATATTATATTATATTTAATAAATATTACCTTTTTTTATTATTATTTTTATATATTATATAATATTATTAATTTTTATTAT
chrMito	62879	5150	TATTATAATAGTTCCGGGGCCCGGCCACGGGAGCCGGAACCCCGAAAGGAGTTTATAAAAGATATATTT-----TTATATTATATTATATTTAATAAATATTACCTTTTTTTATTATTATTTTTATATATTATATAATATTATTAATTTTTATTAT
chrMito	62879	2640	TATTATAATAGTTCCGGGGCCCGGCCACGGGAGCCGGAACCCCGAAAGGAGTTTATAAAAGATATATTTTTATATTATATTATATTATATTTAATAAATATTACCTTTTTTTATTATTATTTTTATATATTATATAATATTATTAATTTTT
chrMito	62879	5150	TATTATAATAGTTCCGGGGACCGGCCACGGGAGCCGGAACCCCGAAAGGAGTTTATAAAAGATATATTTTTATA
chrMito	62880	70	ATTATAATAGTTCCGGGGCCCGGCCACGGGAGCCGGAACCCCGAAAGGAGTTTATAAAAGATATATTTTTATATTATATTATATTATATTTAATAAATA
chrMito	62880	70	ATTATAATAGTTCCGGGGCCCGGCCACGGGAGCCGGAACCCCGAAAGGAGTTTATAAAAGATATATTTTTATATTATAT
chrMito	62880	1410	ATTATAATAGTTCCGGGGCCCGGCCACGGGAGCCGGAACCCCGAAAGGAGTTTATAAAAGATATATTTTTATATTATATTATATTATATTTAATAAATATTACCTTTTTTTATTATTATTTTTATATATTATATAATAT
chrMito	62880	7530	ATTATAATAGTTCCGGGGCCCGGCCACGGGAGCCGGAACCCCGAAAGGAGTTTATAAAAGATATATTTTTATATTATATTATAT
chrMito	62880	70	ATTATAATAGTTCCGGGGCCCGGCCACGGGAGCCGGAACCCCGAAAGGAGTTTATAAAAGATATATTTTTATATTATATTATATTATATTTAATAAATA
chrMito	62880	7530	ATTATAATAGTTCCGGGGCCCGGCCACGGGAGCCGGAACCCCGAAAGGAGTTTATAAAAGATATATTTTTATATTATAT
chrMito	62880	7530	ATTATAATAGTTCCGGGGCCCGGCCACGGGAGCCGGAACCCCGAAAGGAGTTTATAAAAGATATATTTTTATATTATAT
chrMito	62880	70	ATTATAATAGTTCCGGGGCCCGGCCACGGGAGCCGGAACCCCGAAAGGAGTTTATAAAAGATATATTTTTATATTATAT
chrMito	62880	7530	ATTATAATAGTTCCGGGGCCCGGCCACGGGAGCCGGAACCCCGAAAGGAGTTTATAAAAGATATATTTTTATATTATATTATAT
chrMito	62880	1410	ATTATAATAGTTCCGGGGCCCGGCCACGGGAGCCGGAACCCCGAAAGGAGTTTATAAAAGATATATTTTTATATTATATTATATTATATTTAATAAATATTACCTTTTTTTATTATTATTTTTATATATTATATAATAT
chrMito	62880	70	ATTATAATAGTTCCGGGGCCCGGCCACGGGAGCCGGAACCCCGAAAGGAGTTTATAAAAGATATATTTTTATATTATATTATATTATATTTAATAAATATTACCTTTTTTTATTATTATTTTTATATATTATATAATATTATTAATTTTTA
chrMito	62880	2640	ATTATAATAGTTCCGGGGCCCGGCCACGGGAGCCGGAACCCCGAAAGGAGTTTATAAAAGATATATTTTTATATTATATTATATT(TAAT)
chrMito	62880	2640	ATTATAATAGTTCCGGGGCCCGGCCACGGGAGCCGGAACCCCGAAAGGAGTTTATAAAAGATATATTTTTATATTATATTATATT(TAAT)
chrMito	62880	2640	ATTATAATAGTTCCGGGGCCCGGCCACGGGAGCCGGAACCCCGAAAGGAGTTTATAAAAGATATATTT-----TTATATTATATTATATTTAATAAATATTACCTTTTTTTATTATTATTTTTATATATTATATAATATTATTAATTTTTATTATA
chrMito	62881	10150	TTATAATAGTTCCGGGGCCCGGCCACGGGAGCCGGAACCCCGAAAGGAGTTTATAAAAGATATATTT-----TTATATTATATTATATTTAATAAATATTACCTTTTTTTATTATTATTTTTATATATTATATAAT
chrMito	62881	7530	TTATAATAGTTCCGGGGCCCGGCCACGGGAGCCGGAACCCCGAAAGGAGTTTATAAAAGATATATTT-----TTATATTATATTATATTTAATAAATATTACCTTTTTTTATTATTATTTTTATATATTATATAATAT
chrMito	62881	10150	TTATAATAGTTCCGGGGCCCGGCCACGGGAGCCGGAACCCCGAAAGGAGTTTATAAAAGATATATTT-----TTATATTATATTATATTTAATAAATATTACCTTTTTTTATTATTATTTTTATATATTATATAAT
chrMito	62881	2640	TTATAATAGTTCCGGGGCCCGGCCACGGGAGCCGGAACCCCGAAAGGAGTTTATAAAAGATATATTT-----TTATATTATATTATATTTAATAAATATTACCTTTTTTTATTATTATTTTTATATATTATATAATATTATTAATTTTTATTATAA
chrMito	62881	2640	TTATAATAGTTCCGGGTCCCGGCCACGGTATACGGAACAACGAAAGGAGTTTATAAAAGATATATTTATATATTATATAATAATATATATAATAAATATAACCTATTTTTATTATTATTTTTATATATTATATAATATAATTAA(AAATTAT)
chrMito	62881	1410	TTATAATAGTTCCGGGGCCCGGCCACGGGAGCCGGAACCCCGAAAGGAGTTTATAAAAGATATATTTTTATATTATATTATATTATATTTAATAAATATTACCTTTTTTTATTATTATTTTTATATATTATATAATATTATTAATTTTTAT
chrMito	62881	7530	TTATAATAGTTCCGGGGCCCGGCCACGGGAGCCGGAACCCCGAAAGGAGTTTATAAAAGATATATTTTTATATTATATTATAT
chrMito	62881	2640	TTATAATAGTTCCGGGGCCCGGCAACGGGAGCAGGAACCCCGAAAGTAGTTTATAAAATATATATTTTTATATTATATTATATTATATTTAATAAATATTACCTTTTTTTATTATTATTTTTATATATTATATAATATTATTAATTTTTAT
chrMito	62881	7530	TTATAATAGTTCCGGGGCCCGGCCACGGGAGCCGGAACCCCGAAAGGAGTTTATAAAAGATATATTTTTATATTATATTATAT
chrMito	62881	1410	TTATAATAGTTCCGGGGCCCGGCCACGGGAGCCGGAACCCCGAAAGGAGTTTATAAAAGATATATTTTTATATTATATTATATTATATTTAATAAATATTAC
chrMito	62881	1410	TTATAATAGTTCCGGGGCCCGGCCACGGGAGCCGGAACCCCGAAAGGAGTTTATAAAAGATATATTTTTATATTATATTATATTATATTTAATAAATATTAC
chrMito	62881	7530	TTATAATAGTTCCGGGGCCCGGCCACGGGAGCCGGAACCCCGAAAGGAGTTTATAAAAGATATATTTTTATATTATATTATAT
chrMito	62881	7530	TTATAATAGTTCCGGGGCCCGGCCACGGGAGCCGGAACCCCGAAAGGAGTTTATAAAAGATATATTTTTATATTATATTATAT
chrMito	62881	70	TTATAATAGTTCCGGGGCCCGGCCACGGGAGCCGGAACCCCGAAAGGAGTTTATAAAAGATATATTTTTATATTATATTATATTATATTTAAT
chrMito	62881	2640	TTATAATAGTTCCGGGGCCCGGCCACGGGAGCCGGAACCCCGAAAGGAGTTTATAAAAGATATATTTTTATATTATATTATATTATATTTAATAAATATTACCTTTTTTTATTATTATTTTTATATATTATATAATATTATTAATTTTTAT
chrMito	62881	2640	TTATAATAGTTCCGGGGCCCGGCCACGGGAGCCGGAACCCCGAAAGGAGTTTATAAAAGATATATTTTTATATTATATTATATTATAT
chrMito	62881	2640	TTATAATAGTTCCGGGGCCCGGCCACGGGAGCCGGAACCCCGAAAGGAGTTTATAAAAGATATATTTTTATATTATATTATATTATAT
chrMito	62881	7530	TTATAATAGTTCCGGGGCCCGGCCACGGGAGCCGGAACCCCGAAAGGAGTTTATAAAAGATATATTT-----TTATATTATATTATATTTAATAAATATTACCTTTTTTTATTATTATTTTTATATATTATAT
chrMito	62881	7530	TTATAATAGTTCCGGGGCCCGGCCACGGGAGCCGGAACCCCGAAAGGAGTTTATAAAAGATATATTT-----TTATATTATATTATATTTAATAAATATTACCTTTTTTTATTATTATTTTTATATATTATAT
chrMito	62881	7530	TTATAATAGTTCCGGGGCCCGGCCACGGGAGCCGGAACCCCGAAAGGAGTTTATAAAAGATATATTT-----TTATATTATATTATATTTAATAAATATTACCTTTTTTTATTATTATTTTTATATATTATATAATATTATTAATTTTTATTATAA
chrMito	62881	2640	TTATAATAGTTCCGGGGCCCGGCCACGGGAGCCGGAACCCCGAAAGGAGTTTATAAAAGATATATTT-----TTATATTATATTATATTTAATAAATATTACCTTTTTTTATTATTATTTTTATATATTATATAATAT
chrMito	62881	2640	TTATAATAGTTCCGGGGCCCGGCCACGGGAGCCGGAACCCCGAAAGGAGTTTATAAAAGATATATTT-----TTATATTATATTATATTTAATAAATATTACCTTTTTTTATTATTATTTTTATATATTATATAATAT
chrMito	62881	70	TTATAATAGTTCCGGGGCCCGGCCACGGGAGCCGGAACCCCGAAAGGAGTTTATAAAAGATATATTTTTATATTATATTATATTATATTTAATAAATATTACCTTTTTTTATTATTATTTTTATATATTATATAATATTATTAATTTTTAT
chrMito	62881	70	TTATAATAGTTCCGGGGCCCGGCCACGGGAGCCGGAACCCCGAAAGGAGTTTATAAAAGATATATTTTTATATTATATTATAT
chrMito	62881	70	TTATAATAGTTCCGGGGCCCGGCCACGGGAGCCGGAACCCCGAAAGGAGTTTATAAAAGATATATTTTTATATTATATTATAT
chrMito	62881	70	TTATAATAGTTCCGGGGCCCGGCCACGGGAGCCGGAACCCCGAAAGGAGTTTATAAAAGATATATTTTTATATTATATTATATTATATTTAAT
chrMito	62881	1410	TTATAATAGTTCCGGGGCCCGGCCACGGGAGCCGGAACCCCGAAAGGAGTTTATAAAAGATATATTTTTATATTATATTATATTATATTTAATAAATATTACCTTTTTTTATTATTATTTTTATATATTATATAATATTATTAATTTTTAT
chrMito	62881	7530	TTATAATAGTTCCGGGGCCCGGCCACGGGAGCCGGAACCCCGAAAGGAGTTTATAAAAGATATATTTTTATATTATATTATATTT
chrMito	62881	5150	TTATAATAGTTCCGGGGCCCGGCCACGGGAGCCGGAACCCCGAAAGGAGTTTATAAAAGATATATTTTTATATTATAT
chrMito	62881	2640	TTATAATAGTTCCGGGGCCCGGCCACGGGAGCCGGAACCCCGAAAGGAGTTTATAAAAGATATATTT-----TTATATTATATTATATTTAATAAATATTACCTTTTTTTATTATTATTTTTATATATTATATAATATTATTAATTTTTATTATAA
chrMito	62881	2640	TTATAATAGTTCCGGGGCCCGGCCACGGGAGCCGGAACCCCGAAAGGAGTTTATAAAAGATATATTTTTATATTATATTATAT
chrMito	62881	7530	TTATAATAGTTCCGGGGCCCGGCCACGGGAGCCGGAACCCCGAAAGGAGTTTATAAAAGATATATTTTTATATTATATTATATTT
chrMito	62881	5150	TTATAATAGTTCCGGGGCCCGGCCACGGGAGCCGGAACCCCGAAAGGAGTTTATAAAAGATATATTT-----TTATATTATATTATATTTAATAAATATTACCTTTTTTTATTATTATTTTTATATATTATATAATAT
chrMito	62881	2640	TTATAATAGTTCCGGGGCCCGGCCACGGGAGCCGGAACCCCGAAAGGAGTTTATAAAAGATATATTTTTATATTATATTATAT
chrMito	62881	5150	TTATAATAGTTCCGGGGCCCGGCCACGGGAGCCGGAACCCCGAAAGGAGTTTATAAAAGATATATTTTTATATTATAT
chrMito	62881	5150	TTATAATAGTTCCGGGGCCCGGCCACGGGAGCCGGAACCCCGAAAGGAGTTTATAAAAGATATATTT-----TTATATTATATTATATTTAATAAATATTACCTTTTTTTATTATTATTTTTATATATTATATAATAT
chrMito	62881	7530	TTATAATAGTTCCGGGGCCCGGCCACGGGAGCCGGAACCCCGAAAGGAGTTTATAAAAGATATATTT-----TTATATTATATTATATTTAATAAATATTACCTTTTTTTATTATTATTTTTATATATTATATAATAT
chrMito	62881	2640	TTATAATAGTTCCGGGGCCCGGCCACGGGAGCCGGAACCCCGAAAGGAGTTTATAAAAGATATATTTTTATATTATATTATATTATATTTAATAAATATTACCTTTTTTTATTATTATTTTTATATATTATATAATAT
chrMito	62881	2640	TTATAATAGTTCCGGGGCCCGGCCACGGGAGCCGGAACCCCGAAAGGAGTTTATAAAAGATATATTTTTATATTATATTATATTATATTTAATAAATATTACCTTTTTTTATTATTATTTTTATATATTATATAATAT
chrMito	62881	2640	TTATAATAGTTCCGGGGCCCGGCCACGGGAGCCGGAACCCCGAAAGGAGTTTATAAAAGATATATTTTTATATTATATTATAT
chrMito	62881	2640	TTATAATAGTTCCGGGGCCCGGCCACGGGAGCCGGAACCCCGAAAGGAGTTTATAAAAGATATATTTTTATATTATATTATAT
chrMito	62881	5150	TTATAATAGTTCCGGGGCCCGGCCACGGGAGCCGGAACCCCGAAAGGAGTTTATAAAAGATATATTT-----TTATATTATATTATATTTAATAAATATTACCTTTTTTTATTATTATTTTTATATATTATATAATATTATTAATTTTTATTATA
chrMito	62881	5150	TTATAATAGTTCCGGGGCCCGGCCACGGGAGCCGGAACCCCGAAAGGAGTTTATAAAAGATATATTT-----TTATATTATATTATATTTAATAAATATTACCTTTTTTTATTATTATTTTTATATATTATATAATATTATTAATTTTTATTATA
chrMito	62884	70	TAATAGTTCCGGGGCCCGGCCACGGGAGCCGGAACCCCGAAAGGAGTTTATAAAAGATATATTTTTATATTATATTATATTATATTTAATAAATATTACCTTTTTTTATTATTATTTTTATATATTATATAATATTATTAATTTTTATTAT
chrMito	62884	5150	TAATAGTTCCGGGGCCCGGCCACGGGAGCCGGAACCCCGAAAGGAGTTTATAAAAGATATATTTTTATATTATATTATAT
chrMito	62884	70	TAATAGTTCCGGGGCCCGGCCACGGGAGCCGGAACCCCGAAAGGAGTTTATAAAAGATATATTTTTATATTATATTATATTATATTTAATAAATATTACCTTTTTTTATTATTATTTTTATATATTATATAAT
chrMito	62884	2640	TAATAGTTCCGGGGCCCGGCCACGGGAGCCGGAACCCCGAAAGGAGTTTATAAAAGATATATTTTTATATTATATTATAT
chrMito	62884	10150	TAATAGTTCCGGGGCCCGGCCACGGGAGCCGGAACCCCGAAAGGAGTTTATAAAAGATATATTT-----TTATATTATATTATATTTAATAAATATTACCTTTTTTTATTATTATTTTTATATATTATATAATATTATTAATTTTTATTATAATAT
chrMito	62884	5150	TAATAGTTCCGGGGCCCGGCCACGGGAGCCGGAACCCCGAAAGGAGTTTATAAAAGATATATTT-----TTATATTATATTATATTTAATAAATATTACCTTTTTTTATTATTATTTTTATATATTATATAATATTATTAATTTTTATTATAATAT
chrMito	62884	2640	TAATAGTTCCGGGGCCCGGCCACGGGAGCCGGAACCCCGAAAGGAGTTTATAAAAGATATATTT-----TTATATTATATTATATTTAATAAATATTACCTTTTTTTATTATTATTTTTATATATTATATAATATTATTA
chrMito	62884	2640	TAATAGTTCCGGGGCCCGGCCACGGGAGCCGGAACCCCGAAAGGAGTTTATAAAAGATATATTTTTATATTATATTATAT
chrMito	62884	2640	TAATAGTTCCGGGGCCCGGCCACGGGAGCCGGAACCCCGAAAGGAGTTTATAAAAGATATATTT-----TTATATTATATTATATTTAATAAATATTACCTTTTTTTATTATTATTTTTATATATTATATAATATTATTA
chrMito	62884	70	TAATAGTTCCGGGGCCCGGCCACGGGAGCCGGAACCCCGAAAGGAGTTTATAAAAGATATATTTTTATATTATATTATATTATATTTAATAAATATTACCTTTTTTTATTATTATTTTTATATATTATATAATATTATTAATTTTTATTAT
chrMito	62884	70	TAATAGTTCCGGGGCCCGGCCACGGGAGCCGGAACCCCGAAAGGAGTTTATAAAAGATATATTTTTATATTATATTATATTATATTTAATAAATATTACCTTTTTTTATTATTATTTTTATATATTATATAAT
chrMito	62884	10150	TAATAGTTCCGGGGCCCGGCCACGGGAGCCGGAACCCCGAAAGGAGTTTATAAAAGATATATTTTTATAT
chrMito	62884	1410	TAATAGTTCCGGGGCCCGGCCACGGGAGCCGGAACCCCGAAAGGAGTTTATAAAAGATATATTTTTATATTATATTATAT
chrMito	62884	2640	TAATAGTTCCGGGGCCCGGCCACGGGAGCCGGAACCCCGAAAGGAGTTTATAAAAGATATATTTTTATATTATATTATATTATATTTAATAAATATTACCTTTTTTTATTATTATTTTTATATATTATAT
chrMito	62884	10150	TAATAGTTCCGGGGCCCGGCCACGGGAGCCGGAACCCCGAAAGGAGTTTATAAAAGATATATTTTTATAT
chrMito	62884	7530	TAATAGTTCCGGGGCCCGGCCACGGGAGCCGGAACCCCGAAAGGAGTTTATAAAAGATATATTTTTATATTA
chrMito	62884	2640	TAATAGTTCCGGGGCCCGGCCACGGGAGCCGGAACCCCGAAAGGAGTTTATAAAAGATATATTTTTATATTATATTATATTATAT
chrMito	62884	7530	TAATAGTTCCGGGGCCCGGCCACGGGAGCCGGAACCCCGAAAGGAGTTTATAAAAGATATATTTTTATATTA
chrMito	62884	1410	TAATAGTTCCGGGGCCCGGCCACGGGAGCCGGAACCCCGAAAGGAGTTTATAAAAGATATATTTTTATATTATATTATATTATATTTAATAAATATTACCTTTTTTTATTATTATTTTTATATATTATATAATAT
chrMito	62884	1410	TAATAGTTCCGGGGCCCGGCCACGGGAGCCGGAACCCCGAAAGGAGTTTATAAAAGATATATTTTTATATTATATTATAT
chrMito	62884	1410	TAATAGTTCCGGGGCCCGGCCACGGGAGCCGGAACCCCGAAAGGAGTTTATAAAAGATATATTTTTATATTATATTATATTATATTTAATAAATATTACCTTTTTTTATTATTATTTTTATATATTATATAATAT
chrMito	62884	2640	TAATAGTTCCGGGGCCCGGCCACGGGAGCCGGAACCCCGAAAGGAGTTTATAAAAGATATATTTTTATATTATATTATATTATAT
chrMito	62884	2640	TAATAGTTCCGGGGCCCGGCCACGGGAGCCGGAACCCCGAAAGGAGTTTATAAAAGATATATTTTTATATTATATTATATTATATTTAATAAATATTACCTTTTTTTATTATTATTTTTATATATTATAT
chrMito	62884	5150	TAATAGTTCCGGGGCCCGGCCACGGGAGCCGGAACCCCGAAAGGAGTTTATAAAAGATATATTT-----TTATATTATATTATATTTAATAAATATTACCTTTTTTTATTATTATTTTTATATATTATATAATATTATTAATTTTTATTATAATAT
chrMito	62884	5150	TAATAGTTCCGGGGCCCGGCCACGGGAGCCGGAACCCCGAAAGGAGTTTATAAAAGATATATTTTTATATTATATTATAT
chrMito	62884	7530	TAATAGTTCCGGTGCCCGGCCACGGGAGCCGGAACCCCGATAGGAGTTTATAAAAGATATA-----ATTTTATATTATATTATATTTAATAAATATTACCTTTTTTTATTATTATATTTATATATTATATAATATTATTAATTTTTATTATAATAT
chrMito	62884	7530	TAATAGTTCCGGGGCCCGGCCACGGGAGCCGGAACCCCGAAAGGAGTTTATAAAAGATATATTT-----TTATATTATATTATATTTAATAAATATTACCTTTTTTTATTATTATTTTTATATATTATATAATATTATTAATTTTTATTATAATAT
chrMito	62887	70	TAGTTCCGGGGCCCGGCCACGGGAGCCGGAACCCCGAAAGGAGTTTATAAAAGATATATTTTTATATTATATTATATTATAT
chrMito	62887	70	TAGTTCCGGGGCCCGGCCACGGGAGCCGGAACCCCGAAAGGAGTTTATAAAAGATATATTTTTATATTATATTATATTATAT
chrMito	62889	7530	GTTCCGGGGCCCGGCCACGGGAGCCGGAACCCCGAAAGGAGTTTATAAAAGATATATTT-----TTATATTATATTATATTTAATAAATATTACCTTTTTTTATTATTATTTTTATATATTATAT
chrMito	62889	70	GTTCCGGGGCCCGGCCACGGGAGCCGGAACCCCGAAAGGAGTTTATAAAAGATATATTTTTATATTATATTATAT
chrMito	62889	7530	GTTCCGGGGCCCGGCCACGGGAGCCGGAACCCCGAAAGGAGTTTATAAAAGATATATTT-----TTATATTATATTATATTTAATAAATATTACCTTTTTTTATTATTATTTTTATATATTATAT
chrMito	62889	7530	GTTCCGGGGCCCGGCCACGGGAGCCGGAACCCCGAAAGGAGTTTATAAAAGATATATTT-----TTATATTATATTATATTTAATAAATATTACCTTTTTTTATTATTATTTTTATATATTATAT
chrMito	62889	70	GTTCCGGGGCCCGGCCACGGGAGCCGGAACCCCGAAAGGAGTTTATAAAAGATATATTTTTATATTATATTATAT
chrMito	62889	7530	GTTCCGGGGCCCGGCCACGGGAGCCGGAACCCCGAAAGGAGTTTATAAAAGATATATTT-----TTATATTATATTATATTTAATAAATATTACCTTTTTTTATTATTATTTTTATATATTATAT
chrMito	62889	1410	GTTCCGGGGCCCGGCCACGGGAGCCGTAACCCCTAAAGGAGTTTATAAAAGATATATTTTTATATTATATTATATTATATTT
chrMito	62889	5150	GTTCCGGGGCCCGGCCACGGGAGCCGGAACCCCGAAAGGAGTTTATAAAAGATATATTTTTATATTATATTATAT
chrMito	62889	10150	GTTCCGGGGCCCGGCCACGGGAGCCGGAACCCCGAAAGGAGTTTATAAAAGATATATTT-----TTATATTATATTATATTTAATAAATATTACCTTTTTTTATTATTATTTTTATATATTATATAATATTATTAATTTTTATTATAATATTATTT
chrMito	62889	2640	GTTCCGGGGCCCGGCCACGGGAGCCGGAACCCCGAAAGGAGTTTATAAAAGATATATTTTTATATTATATTATATTATATTTAATAAATATTACCTTTTTTTATTATTATTTTTATATATTATATAATATTATTAATTTTTATTATAATAT
chrMito	62889	2640	GTTCCGGGGCCCGGCCACGGGAGCCGGAACCCCGAAAGGAGTTTATAAAAGATATATATTTATATTATATTATAT
chrMito	62889	2640	GTTCCGGGGCCCGGCCACGGGAGCCGGAACCCCGAAAGGAGTTTATAAAAGATATATTTTTATATTATATTATAT
chrMito	62889	2640	GTTCCGGGGCCCGGCCACGGGAGCCGGAACCCCGAAAGGAGTTTATAAAAGATATATTTTTATATTATATTATATTATATTTAATAAATATTACCTTTTTTTATTATTATTTTTATATATTATATAAT
chrMito	62889	2640	GTTCCGGGGCCCGGCCACGGGAGCCGGAACCCCGAAAGGAGTTTATAAAAGATATATTTTTATATTATATTATATTATATTTAATAAATATTACCTTTTTTTATTATTATTTTTATATATTATATAAT
chrMito	62889	1410	GTTCCGGGGCCCGGCCACGGGAGCCGGAACCCCGAAAGGAGTTTATAAAAGATATATTTTTATATTATATTATAT
chrMito	62889	5150	GTTCCGGGGCCCGGCCACGGGAGCCGGAACCCCGAAAGGAGTTTATAAAAGATATATTTTTATATTATATTATAT
chrMito	62889	70	GTTCCGGGGCCCGGCCACGGGAGCCGGAACCCCGAAAGGAGTTTATAAAAGATATATTTTTATATTATATTATATTATATTTAATAAATATTACCTTTTTTTATTATTATTTTTATATAT
chrMito	62889	5150	GTTCCGGGGCCCGGCCACGGGAGCCGGTACCCCGAAAGGAGTTTATAAAAGATATATTT-----TTATATTATATTATATTTAATAAATATTACCTTTTTTTATTATTATTTTTATATATTATATAATA
chrMito	62889	5150	GTTCCGGGGCCCGGCCACGGGAGCCGGGACCCCGAAAGGAGTTTATAAAAGATATATTT-----TTATATTATATTATATTTAATAAATATTACCTTTTTTTATTATTATTTTTATATATTATATAATA
chrMito	62889	1410	GTTCCGGGGCCCGGCCACGGGAGCCGGAACCCCGAAAGGAGTTTATAAAAGATATATTTTTATATTATATTATAT
chrMito	62889	5150	GTTCCGGGGCCCGGCCACGGGAGCCGGAACCCCGAAAGGAGTTTATAAAAGATATATTT-----TTATATTATATTATATTTAATAAATATTACCTTTTTTTATTATTATTTTTATATATTATATAATATTATTAATTTTTATTATAATATTATTT
chrMito	62889	1410	GTTCCGGGGCCCGGCCACGGGAGCCGGAACCCCGAAAGGAGTTTATAAAAGATATATTTTTATATTATATTATATTATATTTAAT
chrMito	62889	70	GTTCCGGGGCCCGGCCACGGGAGCCGGAACCCCGAAAGGAGTTTATAAAAGATATATTTTTATATTATATTATATTATATTTAATAAATATTACCTTTTTTTATTATTATTTTTATATAT
chrMito	62889	1410	GTTCCGGGGCCCGGCCACGGGAGCCGGAACCCCGAAAGGAGTTTATAAAAGATATATTTTTATATTATATTATATTATTTTT
chrMito	62889	70	GTTCCGGGGCCCGGCCACGGGAGCCGGAACCCCGAAAGGAGTTTATAAAAGATATATTTTTATATTATATTATATTATATTTAATAAATATTACCTTTTTTTATTATTATTTTTATATATTATATAATATTATTAATTTTTATTATAATAT
chrMito	62889	7530	GTTCCGGGGCCCGGCCACGGGAGCCGGAACCCCGAAAGGAGTTTATAAAAGATATATTTTTATATTATATTATAT
chrMito	62889	7530	GTTCCGGGGCCCGGCCACGGGAGCCGGAACCCCGAAAGGAGTTTATAAAAGATATATTTTTATATTATATTATAT
chrMito	62889	70	GTTCCGGGGCCCGGCCACGGGAGCCGGAACCCCGAAAGGAGTTTATAAAAGATATATTTTTATATTATATTATAT
chrMito	62889	70	GTTCCGGGGCCCGGCCACGGGAGCCGGAACCCCGAAAGGAGTTTATAAAAGATATATTTTTATATTATATTATAT
chrMito	62889	70	GTTCCGGGGCCCGGCCACGGGAGCCGGAACCCCGAAAGGAGTTTATAAAAGATATATTTTTATATTATATTATATTATATTTAATAAATATTACCTTTTTTTATTATTATTTTTATATATTATATAATATTATTAATTTTTATTATAATAT
chrMito	62889	7530	GTTCCGGGGCCCGGCCACGGGAGCCGGAACCCCGAAAGGAGTTTATAAAAGATATATTTTTATATTATATTATAT
chrMito	62889	7530	GTTCCGGGGCCCGGCCACGGGAGCCGGAACCCCGAAAGGAGTTTATAAAAGATATATTTTTATATTATATTATAT
chrMito	62889	1410	GTTCCGGGGCCCGGCCACGGGAGCCGGAACCCCGAAAGGAGTTTATAAAAGATATATTTTTATATTATATTATATTATATTTAAT
chrMito	62890	2640	TTCCGGGGCCCGGCCACGGGAGCCGGAACCCCGAAAGGAGTTTATAAAAGATATATTTTTATATTATATTATATTATATTTAATAAATATTACCTTTTTTTATTATTATTTTTATATATTATATAATATTATTAATTTTTATTATAATAT
chrMito	62890	70	TTCCGGGGCCCGGACACGTGAGCCGGAACCCCGAAAGGAGTTTATAAAAGATATATTTTTATATTATATTATATTATATTTAATAAATATTACCTTTTTTTATTATTATTTTTATATATTATATAATATTATTAATTTTTATTATAATAT
chrMito	62891	2640	TCCGGGGCCCGGCCACGGGAGCCGGAACCCCGAAAGGAGTTTATAAAAGATATATTTTTATATTATATTAT
chrMito	62891	1410	TCCGGGGCCCGGCCACGGGAGCCGGAACCCCGAAAGGAGTTTATAAAAGATATATTTTTATATTATATTATAT
chrMito	62891	1410	TCCGGGGCCCGGCCACGGGAGCCGGAACCCCGAAAGGAGTTTATAAAAGATATATTTTTATATTATATTATAT
chrMito	62891	2640	TCCGGGGCCCGGCCACGGGAGCCGGAACCCCGAAAGGAGTTTATAATAGATATATTT-----TTATATTATATTATATTTAATAAATATTACCTTTTTTTCTTATTATTTTTATATATTATATAATATTATTAATTGTTATTATATTATTATTTA
chrMito	62891	2640	TCCGGGGCCCGGCCACGGGAGCCGGAACCCCGAAAGGAGTTTATAAAAGATATATTTTTATATTATATTAT
chrMito	62894	1410	GGGGCCCGGCCACGGGAGCCGGAACCCCGAAAGGAGTTTATAAAAGATATATTTTTATATTATATTATATTATATTTAATAAATATTACCTTTTTTTATTATTATTTTTATATATTATATAATATTATTAATTTTTATTATAATATTATTT
chrMito	62899	2640	CCGGCCACGGGAGCCGGAACCCCGAAAGGAGTTTATAAAAGATATATTT-----TTATATTATATTATATTTAATAAATATTACCTTTTTTTATTATTATTTTTATATATTATATAATATTATTAATTTTTATTATAATATTATTTACTTTTTTAT
chrMito	62901	2640	GGCCACGGGAGCCGGAACCCCGAAAGGAGTTTATACAAGATATATTTTTATATTATATTATAT
chrMito	62901	2640	GGCCACGGGAGCCGGAACCCCGAAAGGAGTTTATAAAAGATATATTTTTATATTATATTATAT
chrMito	62910	70	AGCCGGAACCCCGAAAGGAGTTTATAAAAGATATATTTTTATATTATAT
chrMito	62910	70	AGCCGGAACCCCGAAAGGAGTTTATAAAAGATATATTTTTATATTATAT
chrMito	62910	70	AGCCGGAACCCCGAAAGGAGTTTATAAAAGATATATTTTTATATTATAT
chrMito	62910	70	AGCCGGAACCCCGAAAGGAGTTTATAAAAGATATATTTTTATATTATAT
chrMito	62916	70	AACCACGAAAGTAGTTTATAAAAGATATATTTTTATATTATATTATATTATATTTAATAAATATTACCTTTTTTTATTATTATTTTTATATATTATATAATATTATTAATTTTTATTATAATATTATTTACTTTTTTATTGGATTATTTA
chrMito	62919	1410	CCCGAAAGGAGTTTATAAAAGATATATTTTTATATTATATTATATTATATTTAATAAATATTACCTTTTTTTATTATTATTTTTATATATTATATAATATTATTAATTTTTATTATAATATTATTTACTTTTTTATTGGATTATTTATTTA
chrMito	62928	2640	ATTTTATAAAAGATATATTTTTATATTATATTATATTATATTTAATAAATATTACCTTTTTTTATTATTATTTTTATATATTATATAATATTATTAATTTTTATTATAATATTATTTACTTTTTTATTGGATTATTTATTTATTTATTTAT
chrMito	62928	7530	(TATTATTTCCTGTGCCCGGCCACGGGATACAGAACCAGGATAGA)AGTTTATAAAAGATATATTTTTATATTATATTATATT(TATTAAATATTCAATTATTATATAATTATTTTTTTATTTAAAATAATTTTATTAATTTTTTTTATAATAT)
chrMito	62931	70	TTATAAAATATATATTTTTATATTATATTATATTATATTTAATAAATATTACCTTTTTTTATTATTATTTTTATATATTATATAATATTATTAATTTTTATTATAATATTATTTACTTTTTTATTGGATTATTTATTTATTTATTTATTTA
chrMito	62935	7530	(CAGTATTAGTTCCGGGTAGCTGCAACGGGATAAAGAACCAAGAAAGTATTTTAA)AAAAGATATATTT-----TTATATTATATTATATTTTATAAATATTAAATTTTTATATTATTATTTTTATATATTATATATATTTATTAATTTTTATTATAT
