CHROM	POS	REF	ALT	QUAL	SVTYPE	ANN_simpler	af_trajectory	perc_of_alt	mutation_group	ORF_hit	Gene_ORF	briefDescription	info	G70_allele_counts	G2640_allele_counts	G5150_allele_counts	G7530_allele_counts	G10150_allele_counts
chrI	890	C	A	83.66			70_0.0;2640_0.0;5150_0.16129032258064516;7530_0.0;10150_0.0	1.0	1				upstream_gene_variant, MODIFIER	81.0,0.0	77.0,0.0	26.0,5.0	57.0,0.0	40.0,0.0
chrI	18393	G	C	339.56000000000006			70_0.0;2640_0.0;5150_0.0;7530_0.0;10150_0.26	1.0	2				upstream_gene_variant, MODIFIER	103.0,0.0	107.0,0.0	43.0,0.0	108.0,0.0	37.0,13.0
chrI	60826	G	T	74.63		T|missense|MODERATE|PTA1|YAL043C|67/785|Subunit of holo-CPF	70_0.0;2640_0.0;5150_0.0;7530_0.0;10150_0.23076923076923078	1.0	3	YAL043C	PTA1	Subunit of holo-CPF	missense_variant, MODERATE	47.0,0.0	50.0,0.0	16.0,0.0	45.0,0.0	20.0,6.0
chrI	68826	C	G	200.69		G|missense|MODERATE|CYC3|YAL039C|225/269|Cytochrome c heme lyase (holocytochrome c synthase)	70_0.0;2640_0.23684210526315788;5150_0.0;7530_0.0;10150_0.0	1.0	4	YAL039C	CYC3	Cytochrome c heme lyase (holocytochrome c synthase)	missense_variant, MODERATE	42.0,0.0	29.0,9.0	14.0,0.0	40.0,0.0	22.0,0.0
chrI	117290	G	C	135.63		C|missense|MODERATE|FUN30|YAL019W|800/1131|Snf2p family member with ATP-dependent chromatin remodeling activity	70_0.0;2640_0.16279069767441862;5150_0.0;7530_0.0;10150_0.0	1.0	5	YAL019W	FUN30	Snf2p family member with ATP-dependent chromatin remodeling activity	missense_variant, MODERATE	50.0,0.0	36.0,7.0	24.0,0.0	41.0,0.0	31.0,0.0
chrI	121042	G	A	236.63		A|missense|MODERATE|PSK1|YAL017W|282/1356|PAS domain-containing serine/threonine protein kinase	70_0.0;2640_0.0;5150_0.0;7530_0.0;10150_0.43478260869565216	1.0	6	YAL017W	PSK1	PAS domain-containing serine/threonine protein kinase	missense_variant, MODERATE	48.0,0.0	57.0,0.0	20.0,0.0	61.0,0.0	13.0,10.0
chrI	158133	G	T	60.64		T|synonymous|LOW|RFA1|YAR007C|154/621|Subunit of heterotrimeric Replication Protein A (RPA)	70_0.0;2640_0.0;5150_0.0;7530_0.0;10150_0.18518518518518517	1.0	7				synonymous_variant, LOW	55.0,0.0	48.0,0.0	20.0,0.0	51.0,0.0	22.0,5.0
chrII	8346	G	C	1052.08		C|synonymous|LOW|YBL108W|YBL108W|57/101|YBL108W	70_0.0;2640_0.3064516129032258;5150_0.3333333333333333;7530_0.34615384615384615;10150_0.0	1.0	8				synonymous_variant, LOW	62.0,0.0	43.0,19.0	12.0,6.0	34.0,18.0	22.0,0.0
chrII	79062	G	T	2364.3		T|missense|MODERATE|NUP170|YBL079W|1269/1502|Subunit of inner ring of nuclear pore complex (NPC)	70_0.0;2640_0.0;5150_0.4;7530_0.6904761904761905;10150_1.0	1.0	9	YBL079W	NUP170	Subunit of inner ring of nuclear pore complex (NPC)	missense_variant, MODERATE	52.0,0.0	49.0,0.0	12.0,8.0	13.0,29.0	0.0,37.0
chrII	96655	T	A	2214.53			70_0.0;2640_0.0;5150_0.5294117647058824;7530_0.7272727272727273;10150_1.0	1.0	10				upstream_gene_variant, MODIFIER	45.0,0.0	39.0,0.0	8.0,9.0	12.0,32.0	0.0,24.0
chrII	178714	C	G	816.23		G|missense|MODERATE|PIM1|YBL022C|837/1133|ATP-dependent Lon protease	70_0.0;2640_0.0;5150_0.0;7530_0.2916666666666667;10150_0.5909090909090909	1.0	11	YBL022C	PIM1	ATP-dependent Lon protease	missense_variant, MODERATE	51.0,0.0	55.0,0.0	32.0,0.0	34.0,14.0	9.0,13.0
chrII	197423	G	A	1298.0500000000004			70_0.0;2640_0.0;5150_0.25;7530_0.46153846153846156;10150_0.45161290322580644	1.0	12				upstream_gene_variant, MODIFIER	56.0,0.0	48.0,0.0	12.0,4.0	28.0,24.0	17.0,14.0
chrII	211394	G	A	252.63		A|synonymous|LOW|HIR1|YBL008W|599/840|Subunit of the HIR complex	70_0.0;2640_0.0;5150_0.0;7530_0.0;10150_0.38461538461538464	1.0	13				synonymous_variant, LOW	43.0,0.0	45.0,0.0	15.0,0.0	50.0,0.0	16.0,10.0
chrII	230642	G	A	752.1500000000003		A|missense|MODERATE|UTP20|YBL004W|1022/2493|Component of the small-subunit (SSU) processome	70_0.0;2640_0.0;5150_0.0;7530_0.19148936170212766;10150_0.6060606060606061	1.0	14	YBL004W	UTP20	Component of the small-subunit (SSU) processome	missense_variant, MODERATE	55.0,0.0	47.0,0.0	22.0,0.0	38.0,9.0	13.0,20.0
chrII	270069	C	A	133.59			70_0.0;2640_0.0;5150_0.0;7530_0.15873015873015872;10150_0.0	1.0	15				upstream_gene_variant, MODIFIER	60.0,0.0	47.0,0.0	13.0,0.0	53.0,10.0	34.0,0.0
chrII	284563	G	T	157.56		T|missense|MODERATE|CHS3|YBR023C|1101/1165|Chitin synthase III	70_0.0;2640_0.0;5150_0.0;7530_0.0;10150_0.21875	1.0	16	YBR023C	CHS3	Chitin synthase III	missense_variant, MODERATE	59.0,0.0	45.0,0.0	21.0,0.0	52.0,0.0	25.0,7.0
chrII	298626	G	T	1322.07		T|nonsense|HIGH|RKM3|YBR030W|133/560|Ribosomal lysine methyltransferase	70_0.0;2640_0.23076923076923078;5150_0.42105263157894735;7530_0.4489795918367347;10150_0.6428571428571429	1.0	17	YBR030W	RKM3	Ribosomal lysine methyltransferase	stop_gained, HIGH	48.0,0.0	30.0,9.0	11.0,8.0	27.0,22.0	5.0,9.0
chrII	365295	A	G	48.59		G|synonymous|LOW|TRM7|YBR061C|129/310|2'-O-ribose methyltransferase	70_0.0;2640_0.0;5150_0.0;7530_0.11475409836065574;10150_0.0	1.0	18				synonymous_variant, LOW	51.0,0.0	46.0,0.0	29.0,0.0	54.0,7.0	38.0,0.0
chrII	369599	C	T	291.61		T|synonymous|LOW|ECM2|YBR065C|14/364|Pre-mRNA splicing factor	70_0.0;2640_0.0;5150_0.0;7530_0.24489795918367346;10150_0.0	1.0	19				synonymous_variant, LOW	44.0,0.0	53.0,0.0	18.0,0.0	37.0,12.0	30.0,0.0
chrII	376757	C	A	635.18		A|missense|MODERATE|TAT1|YBR069C|547/619|Amino acid transporter for valine_ leucine_ isoleucine_ and tyrosine	70_0.0;2640_0.0;5150_0.19047619047619047;7530_0.14754098360655737;10150_0.68	0.9375	20	YBR069C	TAT1	Amino acid transporter for valine, leucine, isoleucine, and tyrosine	missense_variant, MODERATE	71.0,0.0	41.0,0.0	17.0,4.0	52.0,9.0	8.0,17.0
chrII	392513	C	A	1235.39			70_0.0;2640_0.14893617021276595;5150_0.5555555555555556;7530_0.5961538461538461;10150_0.25	0.9629629629629628	21				upstream_gene_variant, MODIFIER	52.0,0.0	40.0,7.0	8.0,10.0	21.0,31.0	12.0,4.0
chrII	409225	G	C	51.25999999999999		C|synonymous|LOW|TEC1|YBR083W|32/486|Transcription factor targeting filamentation genes and Ty1 expression	70_0.0;2640_0.0;5150_0.0;7530_0.11320754716981132;10150_0.1875	1.0	22				synonymous_variant, LOW	40.0,0.0	42.0,0.0	26.0,0.0	47.0,6.0	13.0,3.0
chrII	442104	A	G	1621.49		G|missense|MODERATE|MMS4|YBR098W|210/691|Subunit of structure-specific Mms4p-Mus81p endonuclease	70_0.0;2640_0.16326530612244897;5150_0.3225806451612903;7530_0.4788732394366197;10150_0.5263157894736842	1.0	23	YBR098W	MMS4	Subunit of structure-specific Mms4p-Mus81p endonuclease	missense_variant, MODERATE	54.0,0.0	41.0,8.0	21.0,10.0	37.0,34.0	9.0,10.0
chrII	523250	C	A	138.58		A|missense|MODERATE|IRA1|YBR140C|1114/3092|GTPase-activating protein	70_0.0;2640_0.0;5150_0.0;7530_0.0;10150_0.25	1.0	24	YBR140C	IRA1	GTPase-activating protein	missense_variant, MODERATE	43.0,0.0	49.0,0.0	30.0,0.0	48.0,0.0	21.0,7.0
chrII	555568	C	T	635.12			70_0.0;2640_0.0;5150_0.2413793103448276;7530_0.45454545454545453;10150_0.125	1.0	25				upstream_gene_variant, MODIFIER	54.0,0.0	50.0,0.0	22.0,7.0	18.0,15.0	21.0,3.0
chrII	569654	A	C	137.59			70_0.0;2640_0.0;5150_0.0;7530_0.16363636363636364;10150_0.0	1.0	26				upstream_gene_variant, MODIFIER	56.0,0.0	58.0,0.0	29.0,0.0	46.0,9.0	37.0,0.0
chrII	620355	A	G	1562.16			70_0.0;2640_0.0;5150_0.0;7530_0.4915254237288136;10150_0.7096774193548387	1.0	27				upstream_gene_variant, MODIFIER	46.0,0.0	49.0,0.0	20.0,0.0	30.0,29.0	9.0,22.0
chrII	622895	A	C	69.56		C|noncoding|MODIFIER|YBR200W-A|YBR200W-A||YBR200W-A	70_0.0;2640_0.0;5150_0.0;7530_0.0;10150_0.1388888888888889	1.0	28				upstream_gene_variant, MODIFIER	52.0,0.0	49.0,0.0	25.0,0.0	55.0,0.0	31.0,5.0
chrIII	318	ACACACACCACACCCACACCACACC	ACACCCACACACCACACCCACACCACACC	616.1			70_0.0;2640_0.09523809523809523;5150_0.0;7530_0.0;10150_0.0	1.0	29				upstream_gene_variant, MODIFIER	298.0,0.0	57.0,6.0	5.0,0.0	282.0,0.0	11.0,0.0
chrIII	15930	G	A	1336.0		A|synonymous|LOW|CHA1|YCL064C|317/360|Catabolic L-serine (L-threonine) deaminase	70_0.0;2640_0.0;5150_0.35;7530_0.3076923076923077;10150_0.6511627906976745	1.0	30				synonymous_variant, LOW	59.0,0.0	54.0,0.0	13.0,7.0	45.0,20.0	15.0,28.0
chrIII	128679	T	C	56.6		C|synonymous|LOW|SAT4|YCR008W|72/603|Ser/Thr protein kinase involved in salt tolerance	70_0.0;2640_0.0;5150_0.0;7530_0.10714285714285714;10150_0.0	1.0	31				synonymous_variant, LOW	46.0,0.0	57.0,0.0	20.0,0.0	50.0,6.0	28.0,0.0
chrIII	138665	G	T	133.7		T|missense|MODERATE|PGK1|YCR012W|309/416|3-phosphoglycerate kinase,T|missense|MODERATE|YCR013C|YCR013C|127/215|YCR013C	70_0.0;2640_0.0;5150_0.0;7530_0.1590909090909091;10150_0.0	1.0	32	YCR012W;YCR013C			missense_variant, MODERATE	38.0,0.0	32.0,0.0	11.0,0.0	37.0,7.0	17.0,0.0
chrIII	177336	C	G	667.01			70_0.0;2640_0.0;5150_0.21621621621621623;7530_0.13114754098360656;10150_0.5714285714285714	1.0	33				upstream_gene_variant, MODIFIER	62.0,0.0	41.0,0.0	29.0,8.0	53.0,8.0	12.0,16.0
chrIII	245103	C	A	144.65		A|missense|MODERATE|SSK22|YCR073C|492/1331|MAP kinase kinase kinase of HOG1 mitogen-activated signaling pathway	70_0.0;2640_0.0;5150_0.0;7530_0.19444444444444445;10150_0.0	1.0	34	YCR073C	SSK22	MAP kinase kinase kinase of HOG1 mitogen-activated signaling pathway	missense_variant, MODERATE	49.0,0.0	47.0,0.0	26.0,0.0	29.0,7.0	22.0,0.0
chrIII	255944	G	T	162.59999999999997		T|nonsense|HIGH|SRB8|YCR081W|527/1427|Subunit of the RNA polymerase II mediator complex	70_0.0;2640_0.0;5150_0.0;7530_0.18461538461538463;10150_0.0	1.0	35	YCR081W	SRB8	Subunit of the RNA polymerase II mediator complex	stop_gained, HIGH	54.0,0.0	51.0,0.0	20.0,0.0	53.0,12.0	30.0,0.0
chrIII	265406	C	T	510.37		T|synonymous|LOW|ABP1|YCR088W|119/592|Actin-binding protein of the cortical actin cytoskeleton	70_0.0;2640_0.0;5150_0.0;7530_0.26666666666666666;10150_0.75	1.0	36				synonymous_variant, LOW	44.0,0.0	34.0,0.0	20.0,0.0	33.0,12.0	3.0,9.0
chrIII	291354	G	A	117.53			70_0.0;2640_0.0;5150_0.0;7530_0.0;10150_0.2631578947368421	1.0	37				upstream_gene_variant, MODIFIER	57.0,0.0	54.0,0.0	24.0,0.0	42.0,0.0	14.0,5.0
chrIII	309200	T	G	968.03			70_0.0;2640_0.14;5150_0.43333333333333335;7530_0.38181818181818183;10150_0.0	1.0	38				upstream_gene_variant, MODIFIER	51.0,0.0	43.0,7.0	17.0,13.0	34.0,21.0	36.0,0.0
chrIV	129655	C	A	193.63		A|missense|MODERATE|VMA1|YDL185W|955/1071|Subunit A of the V1 peripheral membrane domain of V-ATPase	70_0.0;2640_0.21153846153846154;5150_0.0;7530_0.0;10150_0.0	1.0	39	YDL185W	VMA1	Subunit A of the V1 peripheral membrane domain of V-ATPase	missense_variant, MODERATE	45.0,0.0	41.0,11.0	21.0,0.0	49.0,0.0	20.0,0.0
chrIV	205765	CGACGTTGGCGAATATGATGGT	C	1924.51		C|indel|MODERATE|RPO21|YDL140C|1595/1733|RNA polymerase II largest subunit B220	70_0.0;2640_0.11320754716981132;5150_0.7333333333333333;7530_0.39705882352941174;10150_0.5714285714285714	1.0	40	YDL140C	RPO21	RNA polymerase II largest subunit B220	disruptive_inframe_deletion, MODERATE	60.0,0.0	47.0,6.0	4.0,11.0	41.0,27.0	9.0,12.0
chrIV	207473	T	A	652.21		A|missense|MODERATE|RPO21|YDL140C|1033/1733|RNA polymerase II largest subunit B220	70_0.0;2640_0.0;5150_0.0;7530_0.16666666666666666;10150_0.47368421052631576	1.0	41	YDL140C	RPO21	RNA polymerase II largest subunit B220	missense_variant, MODERATE	48.0,0.0	54.0,0.0	28.0,0.0	40.0,8.0	20.0,18.0
chrIV	256375	C	A	51.62		A|missense|MODERATE|YDL114W|YDL114W|256/308|Putative short-chain dehydrogenase/reductase	70_0.0;2640_0.0;5150_0.0;7530_0.11320754716981132;10150_0.0	1.0	42	YDL114W	YDL114W	Putative short-chain dehydrogenase/reductase	missense_variant, MODERATE	46.0,0.0	55.0,0.0	25.0,0.0	47.0,6.0	22.0,0.0
chrIV	260806	C	A	144.59		A|missense|MODERATE|TRM3|YDL112W|629/1436|2'-O-ribose methyltransferase	70_0.0;2640_0.0;5150_0.0;7530_0.0;10150_0.25	1.0	43	YDL112W	TRM3	2'-O-ribose methyltransferase	missense_variant, MODERATE	48.0,0.0	42.0,0.0	18.0,0.0	45.0,0.0	18.0,6.0
chrIV	282702	C	G	163.62		G|missense|MODERATE|GET3|YDL100C|161/354|Guanine nucleotide exchange factor for Gpa1p	70_0.0;2640_0.0;5150_0.0;7530_0.18867924528301888;10150_0.0	1.0	44	YDL100C	GET3	Guanine nucleotide exchange factor for Gpa1p	missense_variant, MODERATE	52.0,0.0	38.0,0.0	21.0,0.0	43.0,10.0	15.0,0.0
chrIV	286997	C	G	480.19		G|noncoding|MODIFIER|PMT1|YDL095W||Protein O-mannosyltransferase of the ER membrane	70_0.0;2640_0.0;5150_0.0;7530_0.1875;10150_0.5882352941176471	1.0	45				upstream_gene_variant, MODIFIER	44.0,0.0	50.0,0.0	15.0,0.0	39.0,9.0	7.0,10.0
chrIV	325552	T	A	98.63		A|missense|MODERATE|BRE1|YDL074C|205/700|E3 ubiquitin ligase	70_0.0;2640_0.0;5150_0.0;7530_0.0;10150_0.21428571428571427	1.0	46	YDL074C	BRE1	E3 ubiquitin ligase	missense_variant, MODERATE	49.0,0.0	36.0,0.0	11.0,0.0	50.0,0.0	22.0,6.0
chrIV	331781	G	T	129.67		T|missense|MODERATE|BDF2|YDL070W|248/638|Protein involved in transcription initiation	70_0.0;2640_0.0;5150_0.0;7530_0.17647058823529413;10150_0.0	1.0	47	YDL070W	BDF2	Protein involved in transcription initiation	missense_variant, MODERATE	45.0,0.0	37.0,0.0	20.0,0.0	42.0,9.0	24.0,0.0
chrIV	358365	C	G	1769.48			70_0.0;2640_0.20833333333333334;5150_0.5454545454545454;7530_0.5166666666666667;10150_0.8823529411764706	1.0	48				upstream_gene_variant, MODIFIER	56.0,0.0	38.0,10.0	5.0,6.0	29.0,31.0	2.0,15.0
chrIV	408316	T	A	190.62		A|missense|MODERATE|DIA3|YDL024C|460/468|Protein of unknown function	70_0.0;2640_0.0;5150_0.0;7530_0.0;10150_0.3888888888888889	1.0	49	YDL024C	DIA3	Protein of unknown function	missense_variant, MODERATE	54.0,0.0	51.0,0.0	19.0,0.0	64.0,0.0	11.0,7.0
chrIV	556029	T	G	127.63			70_0.0;2640_0.0;5150_0.0;7530_0.16666666666666666;10150_0.0	1.0	50				upstream_gene_variant, MODIFIER	51.0,0.0	46.0,0.0	29.0,0.0	35.0,7.0	31.0,0.0
chrIV	591912	C	T	97.61		T|synonymous|LOW|SNF11|YDR073W|7/169|Subunit of the SWI/SNF chromatin remodeling complex	70_0.0;2640_0.17307692307692307;5150_0.0;7530_0.0;10150_0.0	1.0	51				synonymous_variant, LOW	58.0,0.0	43.0,9.0	17.0,0.0	59.0,0.0	21.0,0.0
chrIV	688491	TG	T	2735.46		T|indel|HIGH|VBA4|YDR119W|159/768|Protein of unknown function	70_0.0;2640_0.1896551724137931;5150_0.7931034482758621;7530_1.0;10150_1.0	1.0	52	YDR119W	VBA4	Protein of unknown function	frameshift_variant, HIGH	40.0,0.0	47.0,11.0	6.0,23.0	0.0,32.0	0.0,12.0
chrIV	739221	T	A	420.23		A|missense|MODERATE|DOP1|YDR141C|189/1698|Protein involved in vesicular transport at trans-Golgi network (TGN)	70_0.0;2640_0.0;5150_0.13043478260869565;7530_0.14583333333333334;10150_0.4	1.0	53	YDR141C	DOP1	Protein involved in vesicular transport at trans-Golgi network (TGN)	missense_variant, MODERATE	40.0,0.0	52.0,0.0	20.0,3.0	41.0,7.0	18.0,12.0
chrIV	833269	A	G	452.69999999999993		G|synonymous|LOW|SND1|YDR186C|672/877|Protein involved in SRP-independent targeting of substrates to the ER	70_0.0;2640_0.0;5150_0.0;7530_0.07407407407407407;10150_0.5555555555555556	1.0	54				synonymous_variant, LOW	53.0,0.0	52.0,0.0	24.0,0.0	50.0,4.0	12.0,15.0
chrIV	838805	A	C	281.63		C|missense|MODERATE|SLY1|YDR189W|208/666|Hydrophilic protein involved in ER/Golgi vesicle trafficking	70_0.0;2640_0.0;5150_0.0;7530_0.0;10150_0.45454545454545453	1.0	55	YDR189W	SLY1	Hydrophilic protein involved in ER/Golgi vesicle trafficking	missense_variant, MODERATE	43.0,0.0	42.0,0.0	10.0,0.0	42.0,0.0	12.0,10.0
chrIV	891397	G	A	641.6499999999999		A|synonymous|LOW|UPC2|YDR213W|619/913|Sterol regulatory element binding protein	70_0.0;2640_0.0;5150_0.0;7530_0.5581395348837209;10150_0.0	1.0	56				synonymous_variant, LOW	48.0,0.0	36.0,0.0	30.0,0.0	19.0,24.0	13.0,0.0
chrIV	951250	G	A	981.25		A|missense|MODERATE|PEX5|YDR244W|300/612|Peroxisomal membrane signal receptor for peroxisomal matrix proteins	70_0.0;2640_0.6341463414634146;5150_0.3333333333333333;7530_0.0;10150_0.0	1.0	57	YDR244W	PEX5	Peroxisomal membrane signal receptor for peroxisomal matrix proteins	missense_variant, MODERATE	50.0,0.0	15.0,26.0	14.0,7.0	43.0,0.0	23.0,0.0
chrIV	958484	A	T	3984.78		T|missense|MODERATE|YDR249C|YDR249C|370/373|YDR249C	70_0.0;2640_0.0;5150_0.64;7530_1.0;10150_1.0	1.0	58	YDR249C	YDR249C	Putative protein of unknown function	missense_variant, MODERATE	39.0,0.0	51.0,0.0	9.0,16.0	0.0,71.0	0.0,31.0
chrIV	1050828	G	C	357.62		C|missense|MODERATE|DPL1|YDR294C|397/589|Dihydrosphingosine phosphate lyase	70_0.0;2640_0.0;5150_0.0;7530_0.3181818181818182;10150_0.0	1.0	59	YDR294C	DPL1	Dihydrosphingosine phosphate lyase	missense_variant, MODERATE	44.0,0.0	44.0,0.0	21.0,0.0	30.0,14.0	20.0,0.0
chrIV	1052249	C	G	479.15			70_0.0;2640_0.0;5150_0.0;7530_0.125;10150_0.5925925925925926	1.0	60				upstream_gene_variant, MODIFIER	54.0,0.0	39.0,0.0	30.0,0.0	70.0,10.0	11.0,16.0
chrIV	1095163	G	C	163.6			70_0.0;2640_0.0;5150_0.0;7530_0.08;10150_0.34782608695652173	1.0	61				upstream_gene_variant, MODIFIER	54.0,0.0	46.0,0.0	26.0,0.0	46.0,4.0	15.0,8.0
chrIV	1136490	G	A	50.61		A|synonymous|LOW|SWR1|YDR334W|141/1514|Swi2/Snf2-related ATPase	70_0.0;2640_0.0;5150_0.0;7530_0.11538461538461539;10150_0.0	1.0	62				synonymous_variant, LOW	53.0,0.0	45.0,0.0	19.0,0.0	46.0,6.0	21.0,0.0
chrIV	1235215	C	T	463.25		T|synonymous|LOW|ARO10|YDR380W|287/635|Phenylpyruvate decarboxylase	70_0.0;2640_0.0;5150_0.0;7530_0.1346153846153846;10150_0.5	1.0	63				synonymous_variant, LOW	58.0,0.0	50.0,0.0	18.0,0.0	45.0,7.0	15.0,15.0
chrIV	1256457	C	T	331.6		T|synonymous|LOW|UBA2|YDR390C|176/636|Subunit of heterodimeric nuclear SUMO activating enzyme E1 with Aos1p	70_0.0;2640_0.0;5150_0.0;7530_0.0;10150_0.6666666666666666	1.0	64				synonymous_variant, LOW	50.0,0.0	43.0,0.0	27.0,0.0	47.0,0.0	5.0,10.0
chrIV	1290043	A	T	401.66		T|synonymous|LOW|SIZ1|YDR409W|167/904|SUMO E3 ligase	70_0.0;2640_0.0;5150_0.0;7530_0.0;10150_0.6666666666666666	1.0	65				synonymous_variant, LOW	48.0,0.0	45.0,0.0	21.0,0.0	60.0,0.0	6.0,12.0
chrIV	1328481	G	A	627.62		A|synonymous|LOW|CYM1|YDR430C|42/989|Lysine-specific metalloprotease of the pitrilysin family,A|noncoding|MODIFIER|YDR431W|YDR431W||YDR431W	70_0.0;2640_0.31666666666666665;5150_0.0;7530_0.0;10150_0.0	1.0	66				synonymous_variant, LOW	52.0,0.0	41.0,19.0	20.0,0.0	47.0,0.0	31.0,0.0
chrIV	1328482	A	G	627.62		G|missense|MODERATE|CYM1|YDR430C|42/989|Lysine-specific metalloprotease of the pitrilysin family,G|noncoding|MODIFIER|YDR431W|YDR431W||YDR431W	70_0.0;2640_0.31666666666666665;5150_0.0;7530_0.0;10150_0.0	1.0	66	YDR430C	CYM1	Lysine-specific metalloprotease of the pitrilysin family	missense_variant, MODERATE	52.0,0.0	41.0,19.0	18.0,0.0	47.0,0.0	31.0,0.0
chrIV	1359741	C	T	133.58			70_0.0;2640_0.0;5150_0.0;7530_0.15873015873015872;10150_0.0	1.0	67				upstream_gene_variant, MODIFIER	60.0,0.0	44.0,0.0	14.0,0.0	53.0,10.0	31.0,0.0
chrIV	1386296	A	G	444.77		G|missense|MODERATE|MRPL28|YDR462W|30/147|Mitochondrial ribosomal protein of the large subunit	70_0.0;2640_0.0;5150_0.0;7530_0.11320754716981132;10150_0.5555555555555556	1.0	68	YDR462W	MRPL28	Mitochondrial ribosomal protein of the large subunit	missense_variant, MODERATE	43.0,0.0	43.0,0.0	18.0,0.0	47.0,6.0	12.0,15.0
chrIV	1409283	G	T	403.58999999999986		T|missense|MODERATE|JIP4|YDR475C|316/876|Protein of unknown function	70_0.0;2640_0.0;5150_0.0;7530_0.0;10150_0.4482758620689655	1.0	69	YDR475C	JIP4	Protein of unknown function	missense_variant, MODERATE	54.0,0.0	40.0,0.0	19.0,0.0	46.0,0.0	16.0,13.0
chrIV	1425301	G	A	441.56		A|synonymous|LOW|VPS72|YDR485C|681/795|Htz1p-binding component of the SWR1 complex	70_0.0;2640_0.32075471698113206;5150_0.0;7530_0.0;10150_0.0	1.0	70				synonymous_variant, LOW	53.0,0.0	36.0,17.0	21.0,0.0	40.0,0.0	31.0,0.0
chrIX	59712	A	G	1884.32		G|missense|MODERATE|ESL1|YIL151C|328/1118|hEST1A/B (SMG5/6)-like protein	70_0.0;2640_0.2222222222222222;5150_0.4864864864864865;7530_0.6190476190476191;10150_0.8571428571428571	1.0	71	YIL151C	ESL1	hEST1A/B (SMG5/6)-like protein	missense_variant, MODERATE	57.0,0.0	49.0,14.0	19.0,18.0	16.0,26.0	2.0,12.0
chrIX	252343	C	A	1612.36		A|missense|MODERATE|YIL055C|YIL055C|529/627|YIL055C	70_0.0;2640_0.2;5150_0.4090909090909091;7530_0.5769230769230769;10150_0.5	1.0	72	YIL055C	YIL055C	Putative protein of unknown function	missense_variant, MODERATE	48.0,0.0	48.0,12.0	13.0,9.0	22.0,30.0	10.0,10.0
chrIX	258569	T	C	1994.92			70_0.0;2640_0.25925925925925924;5150_0.5;7530_0.4827586206896552;10150_0.75	1.0	73				upstream_gene_variant, MODIFIER	50.0,0.0	40.0,14.0	9.0,9.0	30.0,28.0	6.0,18.0
chrIX	313441	G	C	297.59		C|missense|MODERATE|RPB3|YIL021W|179/318|RNA polymerase II third largest subunit B44,C|missense|MODERATE|YIL021C-A|YIL021C-A|10/89|YIL021C-A	70_0.0;2640_0.0;5150_0.0;7530_0.0;10150_0.3548387096774194	1.0	74	YIL021W;YIL021C-A			missense_variant, MODERATE	46.0,0.0	43.0,0.0	15.0,0.0	51.0,0.0	20.0,11.0
chrIX	320323	A	T	1515.4		T|missense|MODERATE|VID28|YIL017C|215/921|GID Complex subunit_ serves as adaptor for regulatory subunit Vid24p	70_0.0;2640_0.09803921568627451;5150_0.6190476190476191;7530_0.4634146341463415;10150_0.5161290322580645	1.0	75	YIL017C	VID28	GID Complex subunit, serves as adaptor for regulatory subunit Vid24p	missense_variant, MODERATE	52.0,0.0	46.0,5.0	8.0,13.0	22.0,19.0	15.0,16.0
chrIX	370467	G	T	1275.39			70_0.0;2640_0.1956521739130435;5150_0.34782608695652173;7530_0.5348837209302325;10150_0.4166666666666667	1.0	76				upstream_gene_variant, MODIFIER	44.0,0.0	37.0,9.0	15.0,8.0	20.0,23.0	14.0,10.0
chrIX	398296	C	A	415.12		A|missense|MODERATE|MRS1|YIR021W|335/363|Splicing protein	70_0.0;2640_0.0;5150_0.0;7530_0.18;10150_0.45454545454545453	1.0	77	YIR021W	MRS1	Splicing protein	missense_variant, MODERATE	48.0,0.0	46.0,0.0	26.0,0.0	41.0,9.0	12.0,10.0
chrIX	422818	C	A	117.5		A|missense|MODERATE|YIR036W-A|YIR036W-A|62/133|YIR036W-A,A|synonymous|LOW|IRC24|YIR036C|16/263|Putative benzil reductase	70_0.0;2640_0.19444444444444445;5150_0.0;7530_0.0;10150_0.0	1.0	78	YIR036W-A	YIR036W-A	Dubious open reading frame	missense_variant, MODERATE	59.0,0.0	29.0,7.0	14.0,0.0	52.0,0.0	22.0,0.0
chrMito	28271	GCCCC	GCCCCC	8899.04			70_0.0;2640_0.0875;5150_0.0;7530_0.2777777777777778;10150_1.0	0.4051282051282051	79				intergenic_region, MODIFIER	48.0,0.0	73.0,7.0	34.0,0.0	78.0,30.0	0.0,42.0
chrV	1626	G	*	321.56999999999994			70_0.0;2640_0.2967032967032967;5150_0.0;7530_0.0;10150_0.0	1.0	80					77.0,0.0	64.0,27.0	19.0,0.0	60.0,0.0	20.0,0.0
chrV	18996	G	A	1296.8000000000004			70_0.0;2640_0.1891891891891892;5150_0.391304347826087;7530_0.40350877192982454;10150_0.47619047619047616	1.0	81				upstream_gene_variant, MODIFIER	48.0,0.0	30.0,7.0	14.0,9.0	34.0,23.0	11.0,10.0
chrV	83164	T	C	46.68		C|synonymous|LOW|ANP1|YEL036C|463/500|Subunit of the alpha-1_6 mannosyltransferase complex	70_0.0;2640_0.0;5150_0.0;7530_0.09195402298850575;10150_0.0	1.0	82				synonymous_variant, LOW	58.0,0.0	56.0,0.0	22.0,0.0	79.0,8.0	33.0,0.0
chrV	105177	T	C	2320.6		C|missense|MODERATE|YEL025C|YEL025C|324/1188|YEL025C	70_0.0;2640_0.4857142857142857;5150_0.5652173913043478;7530_0.5081967213114754;10150_0.48484848484848486	1.0	83	YEL025C	YEL025C	Putative protein of unknown function	missense_variant, MODERATE	58.0,0.0	18.0,17.0	10.0,13.0	30.0,31.0	17.0,16.0
chrV	122181	G	C	1214.36		C|synonymous|LOW|EAF5|YEL018W|237/279|Non-essential subunit of the NuA4 acetyltransferase complex	70_0.0;2640_0.2;5150_0.35;7530_0.44;10150_0.37037037037037035	1.0	84				synonymous_variant, LOW	52.0,0.0	32.0,8.0	13.0,7.0	28.0,22.0	17.0,10.0
chrV	154468	G	C	1480.3		C|missense|MODERATE|MNN1|YER001W|317/762|Alpha-1_3-mannosyltransferase	70_0.0;2640_0.0;5150_0.36363636363636365;7530_0.5423728813559322;10150_0.375	1.0	85	YER001W	MNN1	Alpha-1,3-mannosyltransferase	missense_variant, MODERATE	52.0,0.0	43.0,0.0	14.0,8.0	27.0,32.0	20.0,12.0
chrV	187550	C	T	289.64			70_0.0;2640_0.0;5150_0.0;7530_0.0;10150_0.3333333333333333	1.0	86				upstream_gene_variant, MODIFIER	55.0,0.0	43.0,0.0	25.0,0.0	54.0,0.0	22.0,11.0
chrV	239254	G	C	54.61		C|missense|MODERATE|MEI4|YER044C-A|144/408|Meiosis-specific protein involved in forming DSBs	70_0.0;2640_0.0;5150_0.0;7530_0.11904761904761904;10150_0.0	1.0	87	YER044C-A	MEI4	Meiosis-specific protein involved in forming DSBs	missense_variant, MODERATE	50.0,0.0	53.0,0.0	22.0,0.0	37.0,5.0	15.0,0.0
chrV	288328	C	G	781.26			70_0.0;2640_0.0;5150_0.0;7530_0.11864406779661017;10150_0.5142857142857142	1.0	88				upstream_gene_variant, MODIFIER	49.0,0.0	45.0,0.0	19.0,0.0	52.0,7.0	17.0,18.0
chrV	288331	C	T	782.21			70_0.0;2640_0.0;5150_0.0;7530_0.11864406779661017;10150_0.5294117647058824	1.0	88				upstream_gene_variant, MODIFIER	49.0,0.0	45.0,0.0	19.0,0.0	52.0,7.0	16.0,18.0
chrV	326557	A	T	177.95		T|missense|MODERATE|GET2|YER083C|158/285|Subunit of the GET complex	70_0.0;2640_0.0;5150_0.0;7530_0.1282051282051282;10150_0.5	1.0	89	YER083C	GET2	Subunit of the GET complex	missense_variant, MODERATE	37.0,0.0	53.0,0.0	22.0,0.0	34.0,5.0	7.0,7.0
chrV	353054	G	C	445.63		C|missense|MODERATE|SHC1|YER096W|454/512|Sporulation-specific activator of Chs3p (chitin synthase III)	70_0.0;2640_0.0;5150_0.0;7530_0.0;10150_0.6363636363636364	1.0	90	YER096W	SHC1	Sporulation-specific activator of Chs3p (chitin synthase III)	missense_variant, MODERATE	38.0,0.0	50.0,0.0	23.0,0.0	46.0,0.0	8.0,14.0
chrV	372419	T	C	346.31		C|missense|MODERATE|MAM1|YER106W|33/302|Monopolin	70_0.0;2640_0.0;5150_0.0;7530_0.11538461538461539;10150_0.47619047619047616	1.0	91	YER106W	MAM1	Monopolin	missense_variant, MODERATE	51.0,0.0	43.0,0.0	18.0,0.0	46.0,6.0	11.0,10.0
chrV	464914	T	G	4420.7			70_0.0;2640_0.15217391304347827;5150_1.0;7530_1.0;10150_1.0	1.0	92				upstream_gene_variant, MODIFIER	55.0,0.0	39.0,7.0	0.0,30.0	0.0,62.0	0.0,29.0
chrV	558006	T	G	3020.78		G|missense|MODERATE|TOG1|YER184C|209/794|Transcriptional activator of oleate genes	70_0.0;2640_0.22448979591836735;5150_0.6538461538461539;7530_0.5942028985507246;10150_1.0	1.0	93	YER184C	TOG1	Transcriptional activator of oleate genes	missense_variant, MODERATE	52.0,0.0	38.0,11.0	9.0,17.0	28.0,41.0	0.0,26.0
chrVI	30080	C	T	124.56		T|missense|MODERATE|YFL051C|YFL051C|154/160|YFL051C	70_0.0;2640_0.0;5150_0.24242424242424243;7530_0.0;10150_0.0	1.0	94	YFL051C	YFL051C	Putative protein of unknown function	missense_variant, MODERATE	55.0,0.0	60.0,0.0	25.0,8.0	46.0,0.0	33.0,0.0
chrVI	91809	C	T	276.62		T|synonymous|LOW|BUD27|YFL023W|255/797|Unconventional prefoldin protein involved in translation initiation	70_0.0;2640_0.0;5150_0.0;7530_0.0;10150_0.3448275862068966	1.0	95				synonymous_variant, LOW	51.0,0.0	56.0,0.0	12.0,0.0	53.0,0.0	19.0,10.0
chrVI	95955	G	C	140.6		C|synonymous|LOW|YFL021C-A|YFL021C-A|241/284|YFL021C-A,C|noncoding|MODIFIER|GAT1|YFL021W||Transcriptional activator of nitrogen catabolite repression genes	70_0.0;2640_0.1896551724137931;5150_0.0;7530_0.0;10150_0.0	1.0	96				synonymous_variant, LOW	50.0,0.0	47.0,11.0	20.0,0.0	51.0,0.0	30.0,0.0
chrVI	121562	G	C	43.57		C|missense|MODERATE|SMC1|YFL008W|690/1225|Subunit of the multiprotein cohesin complex	70_0.0;2640_0.0;5150_0.0;7530_0.10638297872340426;10150_0.0	1.0	97	YFL008W	SMC1	Subunit of the multiprotein cohesin complex	missense_variant, MODERATE	49.0,0.0	36.0,0.0	17.0,0.0	42.0,5.0	23.0,0.0
chrVI	157038	C	T	1178.32		T|synonymous|LOW|YFR006W|YFR006W|276/535|Putative X-Pro aminopeptidase	70_0.0;2640_0.0;5150_0.5;7530_0.4838709677419355;10150_0.45454545454545453	1.0	98				synonymous_variant, LOW	45.0,0.0	59.0,0.0	5.0,5.0	32.0,30.0	6.0,5.0
chrVI	190393	C	G	227.42		G|synonymous|LOW|FAB1|YFR019W|1942/2278|1-phosphatidylinositol-3-phosphate 5-kinase	70_0.0;2640_0.0;5150_0.0;7530_0.2222222222222222;10150_0.23076923076923078	1.0	99				synonymous_variant, LOW	48.0,0.0	31.0,0.0	27.0,0.0	28.0,8.0	10.0,3.0
chrVI	264736	C	T	132.62		T|missense|MODERATE|IRC7|YFR055W|156/340|Beta-lyase involved in the production of thiols	70_0.0;2640_0.0;5150_0.0;7530_0.0;10150_0.375	1.0	100	YFR055W	IRC7	Beta-lyase involved in the production of thiols	missense_variant, MODERATE	52.0,0.0	51.0,0.0	32.0,0.0	46.0,0.0	10.0,6.0
chrVII	10758	T	A	512.06			70_0.0;2640_0.0;5150_0.11764705882352941;7530_0.12962962962962962;10150_0.46875	1.0	101				upstream_gene_variant, MODIFIER	50.0,0.0	53.0,0.0	15.0,2.0	47.0,7.0	17.0,15.0
chrVII	17296	C	G	658.15			70_0.0;2640_0.0;5150_0.0;7530_0.12903225806451613;10150_0.5588235294117647	1.0	102				upstream_gene_variant, MODIFIER	46.0,0.0	58.0,0.0	37.0,0.0	54.0,8.0	15.0,19.0
chrVII	22517	A	G	197.65		G|missense|MODERATE|FZF1|YGL254W|79/299|Transcription factor involved in sulfite metabolism	70_0.0;2640_0.0;5150_0.0;7530_0.0;10150_0.3684210526315789	1.0	103	YGL254W	FZF1	Transcription factor involved in sulfite metabolism	missense_variant, MODERATE	41.0,0.0	46.0,0.0	17.0,0.0	45.0,0.0	12.0,7.0
chrVII	42966	CT	C	79.66		C|indel|HIGH|RTF1|YGL244W|498/558|Subunit of RNAPII-associated chromatin remodeling Paf1 complex	70_0.0;2640_0.13636363636363635;5150_0.0;7530_0.0;10150_0.0	1.0	104	YGL244W	RTF1	Subunit of RNAPII-associated chromatin remodeling Paf1 complex	frameshift_variant, HIGH	49.0,0.0	38.0,6.0	21.0,0.0	41.0,0.0	20.0,0.0
chrVII	43703	T	G	1233.33		G|missense|MODERATE|TAD1|YGL243W|140/400|tRNA-specific adenosine deaminase	70_0.0;2640_0.16279069767441862;5150_0.375;7530_0.36363636363636365;10150_0.5172413793103449	1.0	105	YGL243W	TAD1	tRNA-specific adenosine deaminase	missense_variant, MODERATE	58.0,0.0	36.0,7.0	15.0,9.0	28.0,16.0	14.0,15.0
chrVII	80495	G	A	282.36			70_0.0;2640_0.275;5150_0.0;7530_0.0;10150_0.0	1.0	106				upstream_gene_variant, MODIFIER	74.0,0.0	29.0,11.0	18.0,0.0	54.0,0.0	26.0,0.0
chrVII	182701	G	T	182.58000000000004		T|missense|MODERATE|ROK1|YGL171W|112/564|RNA-dependent ATPase	70_0.0;2640_0.0;5150_0.0;7530_0.2;10150_0.0	1.0	107	YGL171W	ROK1	RNA-dependent ATPase	missense_variant, MODERATE	48.0,0.0	44.0,0.0	29.0,0.0	52.0,13.0	42.0,0.0
chrVII	219465	AT	A	313.6		A|indel|HIGH|NUT1|YGL151W|656/1132|Component of the RNA polymerase II mediator complex	70_0.0;2640_0.0;5150_0.0;7530_0.0;10150_0.3333333333333333	1.0	108	YGL151W	NUT1	Component of the RNA polymerase II mediator complex	frameshift_variant, HIGH	45.0,0.0	49.0,0.0	26.0,0.0	57.0,0.0	24.0,12.0
chrVII	253981	T	G	532.61			70_0.0;2640_0.0;5150_0.0;7530_0.3958333333333333;10150_0.0	1.0	109				upstream_gene_variant, MODIFIER	55.0,0.0	44.0,0.0	21.0,0.0	29.0,19.0	26.0,0.0
chrVII	258087	A	G	1609.48		G|missense|MODERATE|ITC1|YGL133W|135/1264|Subunit of ATP-dependent Isw2p-Itc1p chromatin remodeling complex	70_0.0;2640_0.23684210526315788;5150_0.21739130434782608;7530_0.4666666666666667;10150_0.5833333333333334	1.0	110	YGL133W	ITC1	Subunit of ATP-dependent Isw2p-Itc1p chromatin remodeling complex	missense_variant, MODERATE	47.0,0.0	29.0,9.0	18.0,5.0	32.0,28.0	10.0,14.0
chrVII	301867	C	A	559.12		A|missense|MODERATE|CUE3|YGL110C|505/624|Subunit of ribosome-associated quality control trigger complex (RQT)	70_0.0;2640_0.0;5150_0.0;7530_0.10714285714285714;10150_0.5333333333333333	1.0	111	YGL110C	CUE3	Subunit of ribosome-associated quality control trigger complex (RQT)	missense_variant, MODERATE	60.0,0.0	56.0,0.0	16.0,0.0	50.0,6.0	14.0,16.0
chrVII	319731	C	A	114.58			70_0.0;2640_0.0;5150_0.0;7530_0.0;10150_0.1891891891891892	1.0	112				upstream_gene_variant, MODIFIER	61.0,0.0	54.0,0.0	23.0,0.0	47.0,0.0	30.0,7.0
chrVII	329534	C	G	2080.89		G|missense|MODERATE|VPS45|YGL095C|345/577|Protein of the Sec1p/Munc-18 family	70_0.0;2640_0.1;5150_0.5769230769230769;7530_0.5454545454545454;10150_0.6785714285714286	1.0	113	YGL095C	VPS45	Protein of the Sec1p/Munc-18 family	missense_variant, MODERATE	45.0,0.0	45.0,5.0	11.0,15.0	30.0,36.0	9.0,19.0
chrVII	333964	G	T	884.2		T|missense|MODERATE|PAN2|YGL094C|155/1115|Catalytic subunit of the Pan2p-Pan3p poly(A)-ribonuclease complex	70_0.0;2640_0.0;5150_0.0;7530_0.25333333333333335;10150_0.5135135135135135	1.0	114	YGL094C	PAN2	Catalytic subunit of the Pan2p-Pan3p poly(A)-ribonuclease complex	missense_variant, MODERATE	57.0,0.0	52.0,0.0	19.0,0.0	56.0,19.0	18.0,19.0
chrVII	342138	G	A	73.61		A|missense|MODERATE|NBP35|YGL091C|289/328|Essential cytoplasmic iron-sulfur cluster binding protein	70_0.0;2640_0.0;5150_0.0;7530_0.13559322033898305;10150_0.0	1.0	115	YGL091C	NBP35	Essential cytoplasmic iron-sulfur cluster binding protein	missense_variant, MODERATE	50.0,0.0	44.0,0.0	15.0,0.0	51.0,8.0	34.0,0.0
chrVII	350887	C	G	377.43		G|missense|MODERATE|GUP1|YGL084C|458/560|Plasma membrane protein involved in remodeling GPI anchors	70_0.0;2640_0.0;5150_0.0;7530_0.15384615384615385;10150_0.36666666666666664	1.0	116	YGL084C	GUP1	Plasma membrane protein involved in remodeling GPI anchors	missense_variant, MODERATE	45.0,0.0	47.0,0.0	22.0,0.0	44.0,8.0	19.0,11.0
chrVII	359388	A	G	128.57		G|noncoding|MODIFIER|KXD1|YGL079W||Subunit of the BLOC-1 complex involved in endosomal maturation	70_0.0;2640_0.0;5150_0.0;7530_0.0;10150_0.22580645161290322	1.0	117				upstream_gene_variant, MODIFIER	45.0,0.0	56.0,0.0	23.0,0.0	42.0,0.0	24.0,7.0
chrVII	413306	A	T	534.01			70_0.0;2640_0.0;5150_0.0;7530_0.16363636363636364;10150_0.6521739130434783	1.0	118				upstream_gene_variant, MODIFIER	43.0,0.0	48.0,0.0	14.0,0.0	46.0,9.0	8.0,15.0
chrVII	448746	G	A	245.61		A|synonymous|LOW|PGD1|YGL025C|392/397|Subunit of the RNA polymerase II mediator complex	70_0.0;2640_0.0;5150_0.0;7530_0.0;10150_0.4166666666666667	1.0	119				synonymous_variant, LOW	58.0,0.0	46.0,0.0	20.0,0.0	64.0,0.0	14.0,10.0
chrVII	460922	C	T	46.61		T|synonymous|LOW|ATE1|YGL017W|369/503|Arginyl-tRNA-protein transferase	70_0.0;2640_0.0;5150_0.16666666666666666;7530_0.0;10150_0.0	1.0	120				synonymous_variant, LOW	52.0,0.0	50.0,0.0	25.0,5.0	61.0,0.0	35.0,0.0
chrVII	461842	G	C	86.58		C|missense|MODERATE|KAP122|YGL016W|72/1081|Karyopherin beta	70_0.0;2640_0.0;5150_0.21428571428571427;7530_0.0;10150_0.0	1.0	121	YGL016W	KAP122	Karyopherin beta	missense_variant, MODERATE	54.0,0.0	45.0,0.0	22.0,6.0	50.0,0.0	25.0,0.0
chrVII	553668	G	T	988.17		T|missense|MODERATE|GSC2|YGR032W|1814/1895|Catalytic subunit of 1_3-beta-glucan synthase	70_0.0;2640_0.0;5150_0.3157894736842105;7530_0.36;10150_0.5	1.0	122	YGR032W	GSC2	Catalytic subunit of 1,3-beta-glucan synthase	missense_variant, MODERATE	49.0,0.0	49.0,0.0	13.0,6.0	32.0,18.0	12.0,12.0
chrVII	586275	G	A	1825.44			70_0.0;2640_0.11538461538461539;5150_0.6296296296296297;7530_0.5094339622641509;10150_0.6206896551724138	1.0	123				upstream_gene_variant, MODIFIER	47.0,0.0	46.0,6.0	10.0,17.0	26.0,27.0	11.0,18.0
chrVII	612745	T	G	1298.65		G|missense|MODERATE|ADE6|YGR061C|1062/1358|Formylglycinamidine-ribonucleotide (FGAM)-synthetase	70_0.0;2640_0.18421052631578946;5150_0.3684210526315789;7530_0.5757575757575758;10150_0.48	1.0	124	YGR061C	ADE6	Formylglycinamidine-ribonucleotide (FGAM)-synthetase	missense_variant, MODERATE	46.0,0.0	31.0,7.0	12.0,7.0	14.0,19.0	13.0,12.0
chrVII	632472	T	G	410.25		G|missense|MODERATE|ENV11|YGR071C|519/860|Protein proposed to be involved in vacuolar functions	70_0.0;2640_0.0;5150_0.0;7530_0.1111111111111111;10150_0.5	1.0	125	YGR071C	ENV11	Protein proposed to be involved in vacuolar functions	missense_variant, MODERATE	56.0,0.0	42.0,0.0	21.0,0.0	48.0,6.0	11.0,11.0
chrVII	691349	T	C	703.01		C|missense|MODERATE|MDR1|YGR100W|381/950|Cytoplasmic GTPase-activating protein	70_0.0;2640_0.0;5150_0.11538461538461539;7530_0.2647058823529412;10150_0.44	1.0	126	YGR100W	MDR1	Cytoplasmic GTPase-activating protein	missense_variant, MODERATE	44.0,0.0	41.0,0.0	23.0,3.0	50.0,18.0	14.0,11.0
chrVII	739421	G	T	331.55			70_0.0;2640_0.29411764705882354;5150_0.0;7530_0.0;10150_0.0	1.0	127				upstream_gene_variant, MODIFIER	49.0,0.0	36.0,15.0	29.0,0.0	48.0,0.0	33.0,0.0
chrVII	760522	G	T	148.57		T|nonsense|HIGH|CAF130|YGR134W|815/1122|Subunit of the CCR4-NOT transcriptional regulatory complex	70_0.0;2640_0.0;5150_0.0;7530_0.0;10150_0.27586206896551724	1.0	128	YGR134W	CAF130	Subunit of the CCR4-NOT transcriptional regulatory complex	stop_gained, HIGH	55.0,0.0	49.0,0.0	21.0,0.0	48.0,0.0	21.0,8.0
chrVII	807548	G	T	67.76		T|missense|MODERATE|NSR1|YGR159C|141/414|Nucleolar protein that binds nuclear localization sequences,T|missense|MODERATE|YGR160W|YGR160W|55/203|YGR160W	70_0.0;2640_0.1794871794871795;5150_0.0;7530_0.0;10150_0.0	1.0	129	YGR159C;YGR160W			missense_variant, MODERATE	47.0,0.0	32.0,7.0	25.0,0.0	54.0,0.0	18.0,0.0
chrVII	905410	T	G	35.61			70_0.0;2640_0.0;5150_0.0;7530_0.0;10150_0.11363636363636363	1.0	130				upstream_gene_variant, MODIFIER	52.0,0.0	55.0,0.0	14.0,0.0	46.0,0.0	39.0,5.0
chrVII	906159	C	A	404.19		A|noncoding|MODIFIER|ADE3|YGR204W||Cytoplasmic trifunctional enzyme C1-tetrahydrofolate synthase	70_0.0;2640_0.0;5150_0.0;7530_0.14545454545454545;10150_0.4827586206896552	1.0	131				upstream_gene_variant, MODIFIER	48.0,0.0	52.0,0.0	28.0,0.0	47.0,8.0	15.0,14.0
chrVII	922833	C	A	256.58			70_0.0;2640_0.0;5150_0.0;7530_0.22916666666666666;10150_0.0	1.0	132				upstream_gene_variant, MODIFIER	50.0,0.0	44.0,0.0	27.0,0.0	37.0,11.0	33.0,0.0
chrVII	962392	T	G	433.34		G|noncoding|MODIFIER|MIC26|YGR235C||Component of the MICOS complex	70_0.0;2640_0.0;5150_0.0;7530_0.19298245614035087;10150_0.4	1.0	133				upstream_gene_variant, MODIFIER	59.0,0.0	48.0,0.0	20.0,0.0	46.0,11.0	12.0,8.0
chrVII	993370	C	G	911.14		G|missense|MODERATE|RIE1|YGR250C|160/781|Putative RNA binding protein	70_0.0;2640_0.0;5150_0.35714285714285715;7530_0.3508771929824561;10150_0.45454545454545453	1.0	134	YGR250C	RIE1	Putative RNA binding protein	missense_variant, MODERATE	54.0,0.0	49.0,0.0	9.0,5.0	37.0,20.0	12.0,10.0
chrVII	1029398	A	C	204.63		C|missense|MODERATE|YTA7|YGR270W|571/1379|Protein that localizes to chromatin	70_0.0;2640_0.1875;5150_0.0;7530_0.0;10150_0.0	1.0	135	YGR270W	YTA7	Protein that localizes to chromatin	missense_variant, MODERATE	42.0,0.0	39.0,9.0	25.0,0.0	46.0,0.0	30.0,0.0
chrVIII	13753	G	T	458.1		T|missense|MODERATE|YHL044W|YHL044W|63/235|Putative integral membrane protein	70_0.0;2640_0.0;5150_0.0;7530_0.14814814814814814;10150_0.48	1.0	136	YHL044W	YHL044W	Putative integral membrane protein	missense_variant, MODERATE	56.0,0.0	54.0,0.0	27.0,0.0	46.0,8.0	13.0,12.0
chrVIII	15484	TA	T	448.18			70_0.0;2640_0.0;5150_0.0;7530_0.18181818181818182;10150_0.43333333333333335	1.0	137				upstream_gene_variant, MODIFIER	60.0,0.0	51.0,0.0	23.0,0.0	36.0,8.0	17.0,13.0
chrVIII	17959	G	A	114.65			70_0.0;2640_0.14;5150_0.0;7530_0.0;10150_0.0	1.0	138				upstream_gene_variant, MODIFIER	57.0,0.0	43.0,7.0	15.0,0.0	56.0,0.0	21.0,0.0
chrVIII	66126	C	CGATTAT	1305.81			70_0.0;2640_0.13043478260869565;5150_0.6666666666666666;7530_0.4;10150_0.7272727272727273	1.0	139				upstream_gene_variant, MODIFIER	42.0,0.0	20.0,3.0	3.0,6.0	18.0,12.0	6.0,16.0
chrVIII	151912	G	C	132.61		C|missense|MODERATE|YHR022C-A|YHR022C-A|13/29|YHR022C-A	70_0.0;2640_0.0;5150_0.0;7530_0.18;10150_0.0	1.0	140	YHR022C-A	YHR022C-A	Putative protein of unknown function	missense_variant, MODERATE	49.0,0.0	50.0,0.0	24.0,0.0	41.0,9.0	16.0,0.0
chrVIII	155669	G	A	366.64		A|missense|MODERATE|MYO1|YHR023W|1121/1928|Type II myosin heavy chain	70_0.0;2640_0.0;5150_0.0;7530_0.0;10150_0.6	1.0	141	YHR023W	MYO1	Type II myosin heavy chain	missense_variant, MODERATE	41.0,0.0	36.0,0.0	17.0,0.0	47.0,0.0	8.0,12.0
chrVIII	233930	G	A	1575.88		A|missense|MODERATE|DYS1|YHR068W|385/387|Deoxyhypusine synthase	70_0.0;2640_0.46153846153846156;5150_0.36363636363636365;7530_0.5777777777777777;10150_0.44	1.0	142	YHR068W	DYS1	Deoxyhypusine synthase	missense_variant, MODERATE	56.0,0.0	21.0,18.0	7.0,4.0	19.0,26.0	14.0,11.0
chrVIII	261101	G	T	150.63		T|missense|MODERATE|IRE1|YHR079C|379/1115|Serine-threonine kinase and endoribonuclease	70_0.0;2640_0.0;5150_0.0;7530_0.18867924528301888;10150_0.0	1.0	143	YHR079C	IRE1	Serine-threonine kinase and endoribonuclease	missense_variant, MODERATE	52.0,0.0	43.0,0.0	14.0,0.0	43.0,10.0	32.0,0.0
chrVIII	271173	T	A	1832.36		A|nonsense|HIGH|KSP1|YHR082C|341/1029|Serine/threonine protein kinase	70_0.0;2640_0.2807017543859649;5150_0.34615384615384615;7530_0.5892857142857143;10150_0.4782608695652174	1.0	144	YHR082C	KSP1	Serine/threonine protein kinase	stop_gained, HIGH	49.0,0.0	41.0,16.0	17.0,9.0	23.0,33.0	12.0,11.0
chrVIII	278452	CT	AT	3760.94			70_0.0;2640_0.2413793103448276;5150_0.0;7530_0.0;10150_0.0	1.0	145				upstream_gene_variant, MODIFIER	37.0,0.0	22.0,7.0	18.0,0.0	47.0,0.0	23.0,0.0
chrVIII	318226	C	G	516.69		G|nonsense|HIGH|KIC1|YHR102W|337/1080|Protein kinase of the PAK/Ste20 family_ required for cell integrity	70_0.0;2640_0.3055555555555556;5150_0.0;7530_0.0;10150_0.0	1.0	146	YHR102W	KIC1	Protein kinase of the PAK/Ste20 family, required for cell integrity	stop_gained, HIGH	52.0,0.0	50.0,22.0	15.0,0.0	47.0,0.0	33.0,0.0
chrVIII	459343	A	G	823.0899999999997			70_0.0;2640_0.0;5150_0.14285714285714285;7530_0.2564102564102564;10150_0.5357142857142857	1.0	147				upstream_gene_variant, MODIFIER	65.0,0.0	63.0,0.0	18.0,3.0	58.0,20.0	13.0,15.0
chrVIII	487049	C	T	85.68		T|missense|MODERATE|CTF8|YHR191C|77/133|Subunit of a complex with Ctf18p	70_0.0;2640_0.0;5150_0.0;7530_0.0;10150_0.1724137931034483	1.0	148	YHR191C	CTF8	Subunit of a complex with Ctf18p	missense_variant, MODERATE	60.0,0.0	46.0,0.0	15.0,0.0	53.0,0.0	24.0,5.0
chrVIII	514238	C	T	1283.31		T|synonymous|LOW|SKN7|YHR206W|287/622|Nuclear response regulator and transcription factor	70_0.0;2640_0.0;5150_0.3684210526315789;7530_0.5217391304347826;10150_0.44	1.0	149				synonymous_variant, LOW	50.0,0.0	43.0,0.0	12.0,7.0	22.0,24.0	14.0,11.0
chrVIII	552684	A	G	1109.83		G|noncoding|MODIFIER|PHO12|YHR215W||One of three repressible acid phosphatases	70_0.0;2640_0.0;5150_0.0;7530_0.30952380952380953;10150_1.0	1.0	150				upstream_gene_variant, MODIFIER	55.0,0.0	43.0,0.0	25.0,0.0	29.0,13.0	0.0,24.0
chrVIII	557516	GGTGTGGTGTGTGGGTGTGGTGT	GTGTGTGGTGTGTGGGTGTGGTGT	1411.24		GTGTGTGGTGTGTGGGTGTGGTGT|indel|HIGH|YHR217C|YHR217C|58/153|YHR217C	70_0.0;2640_0.0;5150_0.0;7530_0.24242424242424243;10150_0.0	1.0	151	YHR217C	YHR217C	Dubious open reading frame	frameshift_variant, HIGH	225.0,0.0	61.0,0.0	7.0,0.0	75.0,24.0	9.0,0.0
chrVIII	563112	GGTGTGTGGGTGTGGGTGTGTGTGTGGGT	GGTGGTGTGGGTGTGTGTGGGTGTGGGTGTGTGTGTGGGT	4623.16			70_0.6932515337423313;2640_0.0;7530_0.0;10150_0.0	0.9741379310344828	152				upstream_gene_variant, MODIFIER	50.0,113.0	403.0,0.0	2.0,0.0	399.0,0.0	9.0,0.0
chrVIII	563126	GGTGTGT	GTGTGTGGGTGTGGTGTGTGTGTGGTGTGGGTGTGGTGTGGGTGTGGTGTGGGTGTGGTGTGGGTGTGGGTGTGTGT	12566.15			70_0.725925925925926;2640_0.0;7530_0.0	1.0	152				upstream_gene_variant, MODIFIER	37.0,98.0	14.0,0.0	1.0,0.0	473.0,0.0	2.0,0.0
chrVIII	563143	GGT	GGTGTGTGT	24949.44			70_0.5483870967741935;2640_0.0;5150_0.0;7530_0.0;10150_0.0	1.0	152				upstream_gene_variant, MODIFIER	14.0,17.0	9.0,0.0	18.0,0.0	585.0,0.0	15.0,0.0
chrX	94046	C	T	76.59		T|missense|MODERATE|SWI3|YJL176C|162/825|Subunit of the SWI/SNF chromatin remodeling complex,T|noncoding|MODIFIER|YJL175W|YJL175W||YJL175W	70_0.0;2640_0.0;5150_0.0;7530_0.0;10150_0.21212121212121213	1.0	153	YJL176C	SWI3	Subunit of the SWI/SNF chromatin remodeling complex	missense_variant, MODERATE	50.0,0.0	49.0,0.0	23.0,0.0	51.0,0.0	26.0,7.0
chrX	95653	G	A	1575.25		A|missense|MODERATE|KRE9|YJL174W|188/276|Glycoprotein involved in cell wall beta-glucan assembly	70_0.0;2640_0.1791044776119403;5150_0.2962962962962963;7530_0.49019607843137253;10150_0.625	1.0	154	YJL174W	KRE9	Glycoprotein involved in cell wall beta-glucan assembly	missense_variant, MODERATE	52.0,0.0	55.0,12.0	19.0,8.0	26.0,25.0	9.0,15.0
chrX	139704	ATAT	A	1410.0700000000006			70_0.0;2640_0.0;5150_0.29411764705882354;7530_0.5609756097560976;10150_0.5185185185185185	1.0	155				upstream_gene_variant, MODIFIER	57.0,0.0	41.0,0.0	12.0,5.0	18.0,23.0	13.0,14.0
chrX	282785	G	T	1135.11		T|missense|MODERATE|IML2|YJL082W|534/731|Protein required for clearance of inclusion bodies	70_0.0;2640_0.0;5150_0.24;7530_0.5227272727272727;10150_0.4090909090909091	1.0	156	YJL082W	IML2	Protein required for clearance of inclusion bodies	missense_variant, MODERATE	48.0,0.0	53.0,0.0	19.0,6.0	21.0,23.0	13.0,9.0
chrX	482348	A	T	64.8		T|missense|MODERATE|CDS_X_478046_479346|CDS_X_478046_479346|1434/1755|CDS_X_478046_479346	70_0.0;2640_0.0;7530_0.2222222222222222	1.0	157	CDS_X_478046_479346			missense_variant, MODERATE	5.0,0.0	8.0,0.0	2.0,0.0	7.0,2.0	0.0,3.0
chrX	520480	C	A	281.72		A|missense|MODERATE|SSC1|YJR045C|275/654|Hsp70 family ATPase	70_0.0;2640_0.0;5150_0.0;7530_0.2909090909090909;10150_0.0	1.0	158	YJR045C	SSC1	Hsp70 family ATPase	missense_variant, MODERATE	59.0,0.0	36.0,0.0	27.0,0.0	39.0,16.0	16.0,0.0
chrX	535872	G	T	311.6		T|missense|MODERATE|KCH1|YJR054W|39/497|Potassium transporter that mediates K+ influx	70_0.0;2640_0.0;5150_0.0;7530_0.2222222222222222;10150_0.0	1.0	159	YJR054W	KCH1	Potassium transporter that mediates K+ influx	missense_variant, MODERATE	46.0,0.0	46.0,0.0	26.0,0.0	42.0,12.0	36.0,0.0
chrX	593954	G	A	1842.68		A|nonsense|HIGH|GRR1|YJR090C|26/1151|F-box protein component of an SCF ubiquitin-ligase complex	70_0.0;2640_0.13333333333333333;5150_0.30303030303030304;7530_0.5405405405405406;10150_0.6176470588235294	1.0	160	YJR090C	GRR1	F-box protein component of an SCF ubiquitin-ligase complex	stop_gained, HIGH	50.0,0.0	39.0,6.0	23.0,10.0	34.0,40.0	13.0,21.0
chrX	597007	A	G	140.59		G|synonymous|LOW|JSN1|YJR091C|344/1091|Member of the Puf family of RNA-binding proteins	70_0.0;2640_0.0;5150_0.0;7530_0.18181818181818182;10150_0.0	1.0	161				synonymous_variant, LOW	59.0,0.0	42.0,0.0	21.0,0.0	36.0,8.0	27.0,0.0
chrX	607688	G	T	233.56			70_0.0;2640_0.0;5150_0.0;7530_0.2028985507246377;10150_0.0	1.0	162				upstream_gene_variant, MODIFIER	47.0,0.0	56.0,0.0	28.0,0.0	55.0,14.0	36.0,0.0
chrXI	9633	G	T	125.57		T|missense|MODERATE|FRE2|YKL220C|532/711|Ferric reductase and cupric reductase	70_0.0;2640_0.0;5150_0.0;7530_0.0;10150_0.20689655172413793	1.0	163	YKL220C	FRE2	Ferric reductase and cupric reductase	missense_variant, MODERATE	53.0,0.0	49.0,0.0	25.0,0.0	48.0,0.0	23.0,6.0
chrXI	45877	C	G	85.6		G|missense|MODERATE|STE6|YKL209C|140/1290|Plasma membrane ATP-binding cassette (ABC) transporter	70_0.0;2640_0.0;5150_0.0;7530_0.0;10150_0.25	1.0	164	YKL209C	STE6	Plasma membrane ATP-binding cassette (ABC) transporter	missense_variant, MODERATE	45.0,0.0	51.0,0.0	17.0,0.0	51.0,0.0	15.0,5.0
chrXI	51858	G	C	3676.11		C|missense|MODERATE|LOS1|YKL205W|603/1100|Nuclear pore protein	70_0.0;2640_0.5454545454545454;5150_0.6666666666666666;7530_0.8727272727272727;10150_1.0	1.0	165	YKL205W	LOS1	Nuclear pore protein	missense_variant, MODERATE	44.0,0.0	20.0,24.0	7.0,14.0	7.0,48.0	0.0,26.0
chrXI	121202	A	T	3301.83		T|missense|MODERATE|TPO5|YKL174C|347/618|Protein involved in excretion of putrescine and spermidine	70_0.0;2640_0.1774193548387097;5150_0.5;7530_0.8333333333333334;10150_1.0	1.0	166	YKL174C	TPO5	Protein involved in excretion of putrescine and spermidine	missense_variant, MODERATE	56.0,0.0	51.0,11.0	9.0,9.0	10.0,50.0	0.0,36.0
chrXI	127232	G	T	1156.34			70_0.0;2640_0.0;5150_0.3103448275862069;7530_0.18666666666666668;10150_1.0	1.0	167				upstream_gene_variant, MODIFIER	39.0,0.0	45.0,0.0	20.0,9.0	61.0,14.0	0.0,23.0
chrXI	162575	G	T	254.57			70_0.0;2640_0.0;5150_0.0;7530_0.0;10150_0.3225806451612903	1.0	168				upstream_gene_variant, MODIFIER	49.0,0.0	53.0,0.0	10.0,0.0	40.0,0.0	21.0,10.0
chrXI	203437	C	T	181.35			70_0.0;2640_0.0;5150_0.3333333333333333;7530_0.14285714285714285;10150_0.0	1.0	169				upstream_gene_variant, MODIFIER	45.0,0.0	49.0,0.0	16.0,8.0	42.0,7.0	18.0,0.0
chrXI	210651	G	T	319.65			70_0.0;2640_0.0;5150_0.0;7530_0.2553191489361702;10150_0.0	1.0	170				upstream_gene_variant, MODIFIER	52.0,0.0	39.0,0.0	26.0,0.0	35.0,12.0	24.0,0.0
chrXI	253189	C	A	138.59		A|missense|MODERATE|HSL1|YKL101W|1298/1518|Nim1p-related protein kinase	70_0.0;2640_0.0;5150_0.0;7530_0.0;10150_0.2413793103448276	1.0	171	YKL101W	HSL1	Nim1p-related protein kinase	missense_variant, MODERATE	49.0,0.0	44.0,0.0	34.0,0.0	54.0,0.0	22.0,7.0
chrXI	341869	T	A	399.65		A|nonsense|HIGH|SFK1|YKL051W|61/353|Protein that regulates phospholipid asymmetry at plasma membrane	70_0.0;2640_0.0;5150_0.0;7530_0.08771929824561403;10150_0.6086956521739131	1.0	172	YKL051W	SFK1	Protein that regulates phospholipid asymmetry at plasma membrane	stop_gained, HIGH	40.0,0.0	53.0,0.0	20.0,0.0	52.0,5.0	9.0,14.0
chrXI	378610	C	T	464.13		T|missense|MODERATE|TTI1|YKL033W|928/1038|Subunit of the ASTRA complex_ involved in chromatin remodeling	70_0.0;2640_0.0;5150_0.0;7530_0.12987012987012986;10150_0.3611111111111111	1.0	173	YKL033W	TTI1	Subunit of the ASTRA complex, involved in chromatin remodeling	missense_variant, MODERATE	50.0,0.0	59.0,0.0	29.0,0.0	67.0,10.0	23.0,13.0
chrXI	436500	C	A	578.51		A|synonymous|LOW|AUR1|YKL004W|193/401|Phosphatidylinositol:ceramide phosphoinositol transferase	70_0.0;2640_0.0;5150_0.0;7530_0.109375;10150_0.45454545454545453	1.0	174				synonymous_variant, LOW	54.0,0.0	54.0,0.0	28.0,0.0	57.0,7.0	24.0,20.0
chrXI	546253	T	A	125.63		A|synonymous|LOW|DYN1|YKR054C|650/4092|Cytoplasmic heavy chain dynein	70_0.0;2640_0.0;5150_0.0;7530_0.0;10150_0.29411764705882354	1.0	175				synonymous_variant, LOW	45.0,0.0	37.0,0.0	17.0,0.0	50.0,0.0	12.0,5.0
chrXI	588939	G	A	408.27		A|synonymous|LOW|TRZ1|YKR079C|318/838|tRNA 3'-end processing endonuclease tRNase Z	70_0.0;2640_0.0;5150_0.0;7530_0.11904761904761904;10150_0.5714285714285714	1.0	176				synonymous_variant, LOW	51.0,0.0	42.0,0.0	20.0,0.0	37.0,5.0	9.0,12.0
chrXI	600699	C	T	294.49		T|missense|MODERATE|PRP16|YKR086W|85/1071|DEAH-box RNA helicase involved in second catalytic step of splicing a	70_0.0;2640_0.0;5150_0.0;7530_0.1509433962264151;10150_0.42857142857142855	1.0	177	YKR086W	PRP16	DEAH-box RNA helicase involved in second catalytic step of splicing a	missense_variant, MODERATE	52.0,0.0	39.0,0.0	22.0,0.0	45.0,8.0	8.0,6.0
chrXI	617205	G	A	1910.67		A|nonsense|HIGH|PTR2|YKR093W|313/601|Integral membrane peptide transporter	70_0.0;2640_0.2608695652173913;5150_0.6296296296296297;7530_0.6222222222222222;10150_0.5185185185185185	1.0	178	YKR093W	PTR2	Integral membrane peptide transporter	stop_gained, HIGH	54.0,0.0	34.0,12.0	10.0,17.0	17.0,28.0	13.0,14.0
chrXII	47	ACCACACCACAC	A	108.62			70_0.0;2640_0.0;5150_0.0625;7530_0.0;10150_0.11940298507462686	1.0	179				upstream_gene_variant, MODIFIER	102.0,0.0	78.0,0.0	30.0,2.0	181.0,0.0	59.0,8.0
chrXII	52	A	*	552.32			70_0.0;2640_0.0;5150_0.06896551724137931;7530_0.0;10150_0.17777777777777778	1.0	179					102.0,0.0	78.0,0.0	27.0,2.0	181.0,0.0	37.0,8.0
chrXII	89262	G	A	887.95		A|missense|MODERATE|HSP104|YLL026W|212/908|Disaggregase	70_0.0;2640_0.0;5150_0.0;7530_0.23809523809523808;10150_1.0	1.0	180	YLL026W	HSP104	Disaggregase	missense_variant, MODERATE	46.0,0.0	47.0,0.0	17.0,0.0	48.0,15.0	0.0,17.0
chrXII	135905	C	A	119.55		A|nonsense|HIGH|LMO1|YLL007C|135/665|Homolog of mammalian ELMO (Engulfment and celL MOtility)	70_0.0;2640_0.17391304347826086;5150_0.0;7530_0.0;10150_0.0	1.0	181	YLL007C	LMO1	Homolog of mammalian ELMO (Engulfment and celL MOtility)	stop_gained, HIGH	54.0,0.0	38.0,8.0	21.0,0.0	54.0,0.0	34.0,0.0
chrXII	175681	A	G	316.33			70_0.0;2640_0.0;5150_0.17647058823529413;7530_0.21875;10150_0.0	1.0	182				upstream_gene_variant, MODIFIER	59.0,0.0	52.0,0.0	14.0,3.0	50.0,14.0	20.0,0.0
chrXII	252768	C	T	341.65		T|synonymous|LOW|SPT8|YLR055C|294/602|Subunit of the SAGA transcriptional regulatory complex	70_0.0;2640_0.2727272727272727;5150_0.0;7530_0.0;10150_0.0	1.0	183				synonymous_variant, LOW	50.0,0.0	40.0,15.0	20.0,0.0	46.0,0.0	23.0,0.0
chrXII	282216	C	T	1423.6		T|noncoding|MODIFIER|RFU1|YLR073C||Protein that inhibits Doa4p deubiquitinating activity	70_0.0;2640_0.18181818181818182;5150_0.55;7530_0.4897959183673469;10150_0.5294117647058824	1.0	184				upstream_gene_variant, MODIFIER	51.0,0.0	36.0,8.0	9.0,11.0	25.0,24.0	8.0,9.0
chrXII	311483	G	A	327.35		A|nonsense|HIGH|CSF1|YLR087C|1606/2958|Protein required for fermentation at low temperature	70_0.0;2640_0.0;5150_0.2727272727272727;7530_0.3548387096774194;10150_0.0	1.0	185	YLR087C	CSF1	Protein required for fermentation at low temperature	stop_gained, HIGH	47.0,0.0	40.0,0.0	8.0,3.0	20.0,11.0	22.0,0.0
chrXII	322342	G	T	98.61		T|missense|MODERATE|XDJ1|YLR090W|359/459|Chaperone with a role in facilitating mitochondrial protein import	70_0.0;2640_0.0;5150_0.0;7530_0.0;10150_0.1875	1.0	186	YLR090W	XDJ1	Chaperone with a role in facilitating mitochondrial protein import	missense_variant, MODERATE	53.0,0.0	50.0,0.0	23.0,0.0	40.0,0.0	26.0,6.0
chrXII	374897	A	C	223.63			70_0.0;2640_0.0;5150_0.0;7530_0.1896551724137931;10150_0.0	1.0	187				upstream_gene_variant, MODIFIER	50.0,0.0	40.0,0.0	16.0,0.0	47.0,11.0	32.0,0.0
chrXII	374981	G	T	836.16			70_0.0;2640_0.0;5150_0.0;7530_0.15384615384615385;10150_0.5853658536585366	1.0	188				upstream_gene_variant, MODIFIER	57.0,0.0	38.0,0.0	15.0,0.0	55.0,10.0	17.0,24.0
chrXII	384225	A	G	527.1		G|synonymous|LOW|CLF1|YLR117C|291/687|Member of the NineTeen Complex (NTC)	70_0.0;2640_0.0;5150_0.125;7530_0.17307692307692307;10150_0.4444444444444444	1.0	189				synonymous_variant, LOW	51.0,0.0	42.0,0.0	21.0,3.0	43.0,9.0	15.0,12.0
chrXII	406773	G	A	2495.32		A|nonsense|HIGH|ACE2|YLR131C|205/770|Transcription factor required for septum destruction after cytokinesis	70_0.0;2640_0.0;5150_0.3181818181818182;7530_0.5172413793103449;10150_0.38095238095238093	0.5421686746987951	190	YLR131C	ACE2	Transcription factor required for septum destruction after cytokinesis	stop_gained, HIGH	47.0,0.0	45.0,0.0	15.0,7.0	28.0,30.0	13.0,8.0
chrXII	491567	C	A	2325.27			70_0.0;2640_0.0;5150_0.24242424242424243;7530_0.5074626865671642;10150_1.0	1.0	191				upstream_gene_variant, MODIFIER	50.0,0.0	54.0,0.0	25.0,8.0	33.0,34.0	0.0,34.0
chrXII	548840	T	C	195.66		C|missense|MODERATE|PBA1|YLR199C|136/276|Protein involved in 20S proteasome assembly	70_0.0;2640_0.0;5150_0.0;7530_0.23809523809523808;10150_0.0	1.0	192	YLR199C	PBA1	Protein involved in 20S proteasome assembly	missense_variant, MODERATE	47.0,0.0	44.0,0.0	17.0,0.0	32.0,10.0	25.0,0.0
chrXII	587749	G	A	207.57		A|synonymous|LOW|UCC1|YLR224W|241/369|F-box protein and component of SCF ubiquitin ligase complexes	70_0.0;2640_0.0;5150_0.0;7530_0.0;10150_0.27586206896551724	1.0	193				synonymous_variant, LOW	49.0,0.0	50.0,0.0	17.0,0.0	50.0,0.0	21.0,8.0
chrXII	621930	C	G	57.56999999999999		G|missense|MODERATE|CSC1|YLR241W|293/782|Calcium permeable gated cation channel	70_0.0;2640_0.0;5150_0.0;7530_0.10909090909090909;10150_0.0	1.0	194	YLR241W	CSC1	Calcium permeable gated cation channel	missense_variant, MODERATE	51.0,0.0	47.0,0.0	21.0,0.0	49.0,6.0	23.0,0.0
chrXII	623284	C	G	358.58999999999986		G|missense|MODERATE|CSC1|YLR241W|744/782|Calcium permeable gated cation channel	70_0.0;2640_0.0;5150_0.0;7530_0.26785714285714285;10150_0.0	1.0	195	YLR241W	CSC1	Calcium permeable gated cation channel	missense_variant, MODERATE	57.0,0.0	36.0,0.0	26.0,0.0	41.0,15.0	24.0,0.0
chrXII	651334	G	A	174.60000000000005		A|missense|MODERATE|HAP1|YLR256W|1441/1502|Zinc finger transcription factor	70_0.0;2640_0.0;5150_0.0;7530_0.20754716981132076;10150_0.0	1.0	196	YLR256W	HAP1	Zinc finger transcription factor	missense_variant, MODERATE	45.0,0.0	48.0,0.0	20.0,0.0	42.0,11.0	18.0,0.0
chrXII	828715	C	T	112.63			70_0.0;2640_0.0;5150_0.0;7530_0.0;10150_0.2727272727272727	1.0	197				upstream_gene_variant, MODIFIER	48.0,0.0	48.0,0.0	24.0,0.0	49.0,0.0	16.0,6.0
chrXII	838698	C	G	72.75		G|missense|MODERATE|ILV5|YLR355C|365/395|Acetohydroxyacid reductoisomerase and mtDNA binding protein	70_0.0;2640_0.15384615384615385;5150_0.0;7530_0.0;10150_0.0	1.0	198	YLR355C	ILV5	Acetohydroxyacid reductoisomerase and mtDNA binding protein	missense_variant, MODERATE	41.0,0.0	33.0,6.0	14.0,0.0	39.0,0.0	25.0,0.0
chrXII	850213	G	T	218.66		T|missense|MODERATE|YLR361C-A|YLR361C-A|2/98|YLR361C-A	70_0.0;2640_0.0;5150_0.0;7530_0.0;10150_0.47368421052631576	1.0	199	YLR361C-A	YLR361C-A	Putative protein of unknown function	missense_variant, MODERATE	41.0,0.0	34.0,0.0	8.0,0.0	39.0,0.0	10.0,9.0
chrXII	940191	G	C	941.18		C|missense|MODERATE|VIP1|YLR410W|705/1146|Bifunctional inositol pyrophosphate kinase and phosphatase	70_0.0;2640_0.0;5150_0.0;7530_0.15217391304347827;10150_1.0	1.0	200	YLR410W	VIP1	Bifunctional inositol pyrophosphate kinase and phosphatase	missense_variant, MODERATE	38.0,0.0	43.0,0.0	20.0,0.0	39.0,7.0	0.0,25.0
chrXII	965055	G	C	479.66		C|missense|MODERATE|URA4|YLR420W|245/364|Dihydroorotase	70_0.0;2640_0.375;5150_0.0;7530_0.0;10150_0.0	1.0	201	YLR420W	URA4	Dihydroorotase	missense_variant, MODERATE	51.0,0.0	25.0,15.0	24.0,0.0	40.0,0.0	21.0,0.0
chrXII	970592	C	G	64.67		G|missense|MODERATE|DCK1|YLR422W|1386/1932|Dock family protein (Dedicator Of CytoKinesis)_ homolog of human DOCK1	70_0.0;2640_0.14285714285714285;5150_0.0;7530_0.0;10150_0.0	1.0	202	YLR422W	DCK1	Dock family protein (Dedicator Of CytoKinesis), homolog of human DOCK1	missense_variant, MODERATE	53.0,0.0	30.0,5.0	19.0,0.0	42.0,0.0	21.0,0.0
chrXII	1038271	G	C	647.0		C|missense|MODERATE|LEU3|YLR451W|547/886|Zinc-knuckle transcription factor_ repressor and activator	70_0.0;2640_0.0;5150_0.0;7530_0.3870967741935484;10150_0.0	1.0	203	YLR451W	LEU3	Zinc-knuckle transcription factor, repressor and activator	missense_variant, MODERATE	61.0,0.0	42.0,0.0	23.0,0.0	38.0,24.0	26.0,0.0
chrXII	1064459	C	A	2499.94			70_0.0;2640_0.0;5150_0.7777777777777778;7530_1.0;10150_1.0	1.0	204				upstream_gene_variant, MODIFIER	46.0,0.0	50.0,0.0	6.0,21.0	0.0,24.0	0.0,26.0
chrXII	1072151	A	G	6080.460000000001		G|missense|MODERATE|YLR466C-B|YLR466C-B|33/38|YLR466C-B	70_0.0;2640_0.0;5150_0.25;7530_0.45652173913043476;10150_0.48	0.3440366972477064	205	YLR466C-B	YLR466C-B	Dubious open reading frame	missense_variant, MODERATE	62.0,0.0	39.0,0.0	27.0,9.0	50.0,42.0	26.0,24.0
chrXIII	238588	G	T	390.61		T|missense|MODERATE|PSP2|YML017W|534/593|Asn rich cytoplasmic protein that contains RGG motifs	70_0.0;2640_0.0;5150_0.0;7530_0.0;10150_0.48148148148148145	1.0	206	YML017W	PSP2	Asn rich cytoplasmic protein that contains RGG motifs	missense_variant, MODERATE	50.0,0.0	44.0,0.0	17.0,0.0	40.0,0.0	14.0,13.0
chrXIII	252180	TTCA	T	290.69		T|indel|MODERATE|ERG6|YML008C|282/383|Delta(24)-sterol C-methyltransferase	70_0.0;2640_0.0;5150_0.0;7530_0.22727272727272727;10150_0.0	1.0	207	YML008C	ERG6	Delta(24)-sterol C-methyltransferase	disruptive_inframe_deletion, MODERATE	50.0,0.0	51.0,0.0	12.0,0.0	34.0,10.0	28.0,0.0
chrXIII	310439	C	T	859.26		T|missense|MODERATE|PEX9|YMR018W|66/514|Peroxisomal membrane signal receptor for peroxisomal matrix proteins	70_0.0;2640_0.0;5150_0.4444444444444444;7530_0.4166666666666667;10150_0.4117647058823529	1.0	208	YMR018W	PEX9	Peroxisomal membrane signal receptor for peroxisomal matrix proteins	missense_variant, MODERATE	47.0,0.0	42.0,0.0	5.0,4.0	28.0,20.0	10.0,7.0
chrXIII	331594	G	T	1539.59		T|missense|MODERATE|RSF1|YMR030W|256/376|Protein required for respiratory growth	70_0.0;2640_0.3333333333333333;5150_0.7142857142857143;7530_0.423728813559322;10150_0.2916666666666667	1.0	209	YMR030W	RSF1	Protein required for respiratory growth	missense_variant, MODERATE	50.0,0.0	20.0,10.0	6.0,15.0	34.0,25.0	17.0,7.0
chrXIII	372216	C	T	1293.41			70_0.0;2640_0.2033898305084746;5150_0.75;7530_0.40425531914893614;10150_0.3333333333333333	1.0	210				upstream_gene_variant, MODIFIER	40.0,0.0	47.0,12.0	5.0,15.0	28.0,19.0	12.0,6.0
chrXIII	429420	C	T	284.71		T|nonsense|HIGH|NAM7|YMR080C|82/971|ATP-dependent RNA helicase of the SFI superfamily	70_0.0;2640_0.0;5150_0.0;7530_0.0851063829787234;10150_0.43478260869565216	1.0	211	YMR080C	NAM7	ATP-dependent RNA helicase of the SFI superfamily	stop_gained, HIGH	58.0,0.0	47.0,0.0	9.0,0.0	43.0,4.0	13.0,10.0
chrXIII	485480	T	A	103.59		A|missense|MODERATE|ILV2|YMR108W|454/687|Acetolactate synthase	70_0.0;2640_0.15;5150_0.0;7530_0.0;10150_0.0	1.0	212	YMR108W	ILV2	Acetolactate synthase	missense_variant, MODERATE	50.0,0.0	34.0,6.0	15.0,0.0	43.0,0.0	17.0,0.0
chrXIII	487449	A	G	438.18		G|missense|MODERATE|MYO5|YMR109W|276/1219|One of two type I myosin motors	70_0.0;2640_0.0;5150_0.0;7530_0.1590909090909091;10150_0.4583333333333333	1.0	213	YMR109W	MYO5	One of two type I myosin motors	missense_variant, MODERATE	60.0,0.0	49.0,0.0	33.0,0.0	37.0,7.0	13.0,11.0
chrXIII	543163	G	C	64.59		C|missense|MODERATE|PSO2|YMR137C|615/661|Nuclease required for DNA single- and double-strand break repair	70_0.0;2640_0.0;5150_0.0;7530_0.11320754716981132;10150_0.0	1.0	214	YMR137C	PSO2	Nuclease required for DNA single- and double-strand break repair	missense_variant, MODERATE	53.0,0.0	50.0,0.0	20.0,0.0	47.0,6.0	30.0,0.0
chrXIII	544226	C	G	1547.26		G|missense|MODERATE|PSO2|YMR137C|261/661|Nuclease required for DNA single- and double-strand break repair	70_0.0;2640_0.0;5150_0.5714285714285714;7530_0.4153846153846154;10150_0.53125	1.0	215	YMR137C	PSO2	Nuclease required for DNA single- and double-strand break repair	missense_variant, MODERATE	47.0,0.0	39.0,0.0	9.0,12.0	38.0,27.0	15.0,17.0
chrXIII	592329	C	A	375.35		A|missense|MODERATE|PAH1|YMR165C|107/862|Mg2+-dependent phosphatidate (PA) phosphatase	70_0.0;2640_0.0;5150_0.0;7530_0.15789473684210525;10150_0.4583333333333333	1.0	216	YMR165C	PAH1	Mg2+-dependent phosphatidate (PA) phosphatase	missense_variant, MODERATE	47.0,0.0	49.0,0.0	16.0,0.0	48.0,9.0	13.0,11.0
chrXIII	637276	A	T	164.63			70_0.0;2640_0.16666666666666666;5150_0.0;7530_0.0;10150_0.0	1.0	217				upstream_gene_variant, MODIFIER	53.0,0.0	50.0,10.0	21.0,0.0	46.0,0.0	34.0,0.0
chrXIII	730061	C	G	394.25		G|missense|MODERATE|RRP5|YMR229C|361/1729|RNA binding protein involved in synthesis of 18S and 5.8S rRNAs	70_0.0;2640_0.0;5150_0.0;7530_0.09090909090909091;10150_0.5	1.0	218	YMR229C	RRP5	RNA binding protein involved in synthesis of 18S and 5.8S rRNAs	missense_variant, MODERATE	49.0,0.0	58.0,0.0	13.0,0.0	50.0,5.0	15.0,15.0
chrXIII	790888	C	G	37.59		G|missense|MODERATE|TPS3|YMR261C|948/1054|Regulatory subunit of trehalose-6-phosphate synthase/phosphatase	70_0.0;2640_0.0;5150_0.0;7530_0.12962962962962962;10150_0.0	1.0	219	YMR261C	TPS3	Regulatory subunit of trehalose-6-phosphate synthase/phosphatase	missense_variant, MODERATE	54.0,0.0	46.0,0.0	24.0,0.0	47.0,7.0	37.0,0.0
chrXIII	823684	C	T	45.61999999999999		T|synonymous|LOW|PRM15|YMR278W|188/622|Phosphoribomutase	70_0.0;2640_0.0;5150_0.0;7530_0.125;10150_0.0	1.0	220				synonymous_variant, LOW	46.0,0.0	45.0,0.0	16.0,0.0	42.0,6.0	36.0,0.0
chrXIII	826071	G	T	46.63		T|synonymous|LOW|ATR2|YMR279C|213/540|Putative boron transporter involved in boron efflux and resistance	70_0.0;2640_0.0;5150_0.0;7530_0.15555555555555556;10150_0.0	1.0	221				synonymous_variant, LOW	44.0,0.0	41.0,0.0	24.0,0.0	38.0,7.0	30.0,0.0
chrXIII	867049	A	T	6372.7800000000025		T|nonsense|HIGH|ADE4|YMR300C|134/510|Phosphoribosylpyrophosphate amidotransferase (PRPPAT)	70_0.0;2640_1.0;5150_1.0;7530_1.0;10150_1.0	1.0	222	YMR300C	ADE4	Phosphoribosylpyrophosphate amidotransferase (PRPPAT)	stop_gained, HIGH	52.0,0.0	0.0,58.0	0.0,22.0	0.0,58.0	0.0,36.0
chrXIII	908814	TAGTGAGTTCAGAAGCTCCATCGTCAACATCTAGCTCAGTGAGTTCAGAAGCTCCATCGTCAACATCTAGCTC	T	370.44		T|indel|MODERATE|YMR317W|YMR317W|376/1128|YMR317W	70_0.0;2640_0.0;5150_0.36363636363636365;7530_0.0;10150_0.7777777777777778	1.0	223	YMR317W	YMR317W	Putative protein of unknown function	disruptive_inframe_deletion, MODERATE	71.0,0.0	52.0,0.0	7.0,4.0	69.0,0.0	2.0,7.0
chrXIV	6833	CCACACCACACCCACACCCA	TCACACCACACCCACACCCA	5618.779999999999		TCACACCACACCCACACCCA|synonymous|LOW|YNL338W|YNL338W|91/118|YNL338W	70_0.0;2640_0.15151515151515152;7530_0.0;10150_0.0	1.0	224				synonymous_variant, LOW	469.0,0.0	56.0,10.0	4.0,0.0	564.0,0.0	10.0,0.0
chrXIV	34791	G	A	988.21			70_0.0;2640_0.0;5150_0.5217391304347826;7530_0.40350877192982454;10150_0.0	1.0	225				upstream_gene_variant, MODIFIER	51.0,0.0	61.0,0.0	11.0,12.0	34.0,23.0	18.0,0.0
chrXIV	43850	G	C	157.6		C|missense|MODERATE|ATP11|YNL315C|212/318|Molecular chaperone	70_0.0;2640_0.17777777777777778;5150_0.0;7530_0.0;10150_0.0	1.0	226	YNL315C	ATP11	Molecular chaperone	missense_variant, MODERATE	47.0,0.0	37.0,8.0	14.0,0.0	47.0,0.0	24.0,0.0
chrXIV	91423	T	A	1021.62		A|missense|MODERATE|CAF40|YNL288W|297/373|Component of the CCR4-NOT transcriptional complex	70_0.0;2640_0.5932203389830508;5150_0.0;7530_0.0;10150_0.0	1.0	227	YNL288W	CAF40	Component of the CCR4-NOT transcriptional complex	missense_variant, MODERATE	51.0,0.0	24.0,35.0	20.0,0.0	53.0,0.0	24.0,0.0
chrXIV	148642	A	G	81.62		G|missense|MODERATE|POL2|YNL262W|67/2222|Catalytic subunit of DNA polymerase (II) epsilon	70_0.0;2640_0.0;5150_0.0;7530_0.0;10150_0.23809523809523808	1.0	228	YNL262W	POL2	Catalytic subunit of DNA polymerase (II) epsilon	missense_variant, MODERATE	48.0,0.0	52.0,0.0	20.0,0.0	37.0,0.0	16.0,5.0
chrXIV	182062	G	T	484.59		T|missense|MODERATE|RPA49|YNL248C|260/415|RNA polymerase I subunit A49	70_0.0;2640_0.0;5150_0.0;7530_0.0;10150_0.6071428571428571	1.0	229	YNL248C	RPA49	RNA polymerase I subunit A49	missense_variant, MODERATE	47.0,0.0	44.0,0.0	20.0,0.0	56.0,0.0	11.0,17.0
chrXIV	209931	A	C	3331.2199999999993		C|missense|MODERATE|SIN4|YNL236W|924/974|Subunit of the RNA polymerase II mediator complex,C|missense|MODERATE|YNL235C|YNL235C|94/143|YNL235C	70_0.0;2640_0.19298245614035087;5150_1.0;7530_1.0;10150_1.0	1.0	230	YNL236W;YNL235C			missense_variant, MODERATE	44.0,0.0	46.0,11.0	0.0,16.0	0.0,60.0	0.0,16.0
chrXIV	263046	A	C	309.31		C|synonymous|LOW|PSY2|YNL201C|131/858|Subunit of protein phosphatase PP4 complex	70_0.0;2640_0.0;5150_0.0;7530_0.09259259259259259;10150_0.5625	1.0	231				synonymous_variant, LOW	53.0,0.0	46.0,0.0	12.0,0.0	49.0,5.0	7.0,9.0
chrXIV	281879	G	A	180.6			70_0.0;2640_0.17142857142857143;5150_0.0;7530_0.0;10150_0.0	1.0	232				upstream_gene_variant, MODIFIER	45.0,0.0	58.0,12.0	21.0,0.0	47.0,0.0	24.0,0.0
chrXIV	285542	C	G	321.6		G|missense|MODERATE|SRP1|YNL189W|351/542|Karyopherin alpha homolog	70_0.0;2640_0.0;5150_0.0;7530_0.0;10150_0.5238095238095238	1.0	233	YNL189W	SRP1	Karyopherin alpha homolog	missense_variant, MODERATE	61.0,0.0	49.0,0.0	20.0,0.0	59.0,0.0	10.0,11.0
chrXIV	314987	C	A	168.57		A|missense|MODERATE|APC1|YNL172W|1374/1747|Largest subunit of the Anaphase-Promoting Complex/Cyclosome	70_0.0;2640_0.17543859649122806;5150_0.0;7530_0.0;10150_0.0	1.0	234	YNL172W	APC1	Largest subunit of the Anaphase-Promoting Complex/Cyclosome	missense_variant, MODERATE	52.0,0.0	47.0,10.0	24.0,0.0	50.0,0.0	28.0,0.0
chrXIV	336534	C	A	337.57999999999987			70_0.0;2640_0.0;5150_0.0;7530_0.0;10150_0.38235294117647056	1.0	235				upstream_gene_variant, MODIFIER	44.0,0.0	50.0,0.0	10.0,0.0	58.0,0.0	21.0,13.0
chrXIV	577186	C	T	797.17		T|missense|MODERATE|HHF2|YNL030W|84/103|Histone H4	70_0.0;2640_0.0;5150_0.3333333333333333;7530_0.28125;10150_0.4166666666666667	1.0	236	YNL030W	HHF2	Histone H4	missense_variant, MODERATE	57.0,0.0	40.0,0.0	12.0,6.0	46.0,18.0	14.0,10.0
chrXIV	596966	A	G	1293.04		G|synonymous|LOW|ARK1|YNL020C|261/638|Ser/Thr protein kinase	70_0.0;2640_0.0;5150_0.25;7530_0.5;10150_0.5555555555555556	1.0	237				synonymous_variant, LOW	49.0,0.0	45.0,0.0	18.0,6.0	27.0,27.0	12.0,15.0
chrXIV	635255	G	A	277.63		A|synonymous|LOW|RPC34|YNR003C|84/317|RNA polymerase III subunit C34	70_0.0;2640_0.2542372881355932;5150_0.0;7530_0.0;10150_0.0	1.0	238				synonymous_variant, LOW	55.0,0.0	44.0,15.0	21.0,0.0	39.0,0.0	28.0,0.0
chrXIV	745066	A	T	62.62		T|missense|MODERATE|PUL3|YNR062C|152/327|Putative pulcherrimin transporter	70_0.0;2640_0.0;5150_0.0;7530_0.11627906976744186;10150_0.0	1.0	239	YNR062C	PUL3	Putative pulcherrimin transporter	missense_variant, MODERATE	49.0,0.0	43.0,0.0	19.0,0.0	38.0,5.0	25.0,0.0
chrXIV	745067	C	T	62.61		T|missense|MODERATE|PUL3|YNR062C|152/327|Putative pulcherrimin transporter	70_0.0;2640_0.0;5150_0.0;7530_0.1111111111111111;10150_0.0	1.0	239	YNR062C	PUL3	Putative pulcherrimin transporter	missense_variant, MODERATE	49.0,0.0	43.0,0.0	19.0,0.0	40.0,5.0	25.0,0.0
chrXIV	784371	TGGGTGTGG	T	159.53			70_0.7272727272727273;2640_0.0	1.0	240				upstream_gene_variant, MODIFIER	3.0,8.0	211.0,0.0	0.0,0.0	0.0,0.0	3.0,0.0
chrXV	76458	A	T	298.25		T|missense|MODERATE|ALR1|YOL130W|713/859|Plasma membrane Mg(2+) transporter	70_0.0;2640_0.0;5150_0.0;7530_0.125;10150_0.6666666666666666	1.0	241	YOL130W	ALR1	Plasma membrane Mg(2+) transporter	missense_variant, MODERATE	51.0,0.0	46.0,0.0	19.0,0.0	42.0,6.0	7.0,14.0
chrXV	93023	C	A	42.6			70_0.0;2640_0.0;5150_0.0;7530_0.1111111111111111;10150_0.0	1.0	242				upstream_gene_variant, MODIFIER	46.0,0.0	52.0,0.0	21.0,0.0	56.0,7.0	36.0,0.0
chrXV	93489	C	T	1432.14		T|missense|MODERATE|RPL18A|YOL120C|130/186|Ribosomal 60S subunit protein L18A	70_0.0;2640_0.0;5150_0.34615384615384615;7530_0.47692307692307695;10150_0.39285714285714285	1.0	243	YOL120C	RPL18A	Ribosomal 60S subunit protein L18A	missense_variant, MODERATE	49.0,0.0	52.0,0.0	17.0,9.0	34.0,31.0	17.0,11.0
chrXV	299566	G	C	193.62		C|noncoding|MODIFIER|YOL014W|YOL014W||YOL014W	70_0.0;2640_0.23255813953488372;5150_0.0;7530_0.0;10150_0.0	1.0	244				upstream_gene_variant, MODIFIER	47.0,0.0	33.0,10.0	21.0,0.0	53.0,0.0	22.0,0.0
chrXV	332158	C	A	1302.09		A|missense|MODERATE|YSP3|YOR003W|261/478|Putative precursor of the subtilisin-like protease III	70_0.0;2640_0.0;5150_0.30434782608695654;7530_0.6153846153846154;10150_0.2857142857142857	1.0	245	YOR003W	YSP3	Putative precursor of the subtilisin-like protease III	missense_variant, MODERATE	44.0,0.0	51.0,0.0	16.0,7.0	20.0,32.0	15.0,6.0
chrXV	410876	C	T	429.56000000000006		T|nonsense|HIGH|WHI2|YOR043W|29/486|Negative regulator of TORC1 in response to limiting leucine	70_0.0;2640_0.0;5150_0.0;7530_0.0847457627118644;10150_0.6086956521739131	1.0	246	YOR043W	WHI2	Negative regulator of TORC1 in response to limiting leucine	stop_gained, HIGH	58.0,0.0	48.0,0.0	32.0,0.0	54.0,5.0	9.0,14.0
chrXV	420544	G	A	662.26		A|synonymous|LOW|RAT1|YOR048C|343/1006|Nuclear 5' to 3' single-stranded RNA exonuclease	70_0.0;2640_0.0;5150_0.0;7530_0.22413793103448276;10150_0.5357142857142857	1.0	247				synonymous_variant, LOW	52.0,0.0	45.0,0.0	17.0,0.0	45.0,13.0	13.0,15.0
chrXV	462648	A	C	1149.29			70_0.0;2640_0.0;5150_0.4;7530_0.525;10150_0.5909090909090909	1.0	248				upstream_gene_variant, MODIFIER	40.0,0.0	44.0,0.0	6.0,4.0	19.0,21.0	9.0,13.0
chrXV	552407	C	T	1499.71		T|missense|MODERATE|PFY1|YOR122C|65/126|Profilin	70_0.0;2640_0.24390243902439024;5150_0.8333333333333334;7530_0.44680851063829785;10150_0.4375	0.9636363636363636	249	YOR122C	PFY1	Profilin	missense_variant, MODERATE	49.0,0.0	31.0,10.0	3.0,15.0	26.0,21.0	9.0,7.0
chrXV	553007	C	T	207.64			70_0.0;2640_0.19672131147540983;5150_0.0;7530_0.0;10150_0.0	1.0	250				upstream_gene_variant, MODIFIER	59.0,0.0	49.0,12.0	25.0,0.0	44.0,0.0	22.0,0.0
chrXV	557149	C	T	335.19999999999993		T|synonymous|LOW|UBP2|YOR124C|472/1272|Ubiquitin-specific protease	70_0.0;2640_0.0;5150_0.0;7530_0.18421052631578946;10150_0.3333333333333333	1.0	251				synonymous_variant, LOW	45.0,0.0	47.0,0.0	17.0,0.0	31.0,7.0	14.0,7.0
chrXV	586605	C	T	359.42999999999995			70_0.0;2640_0.0;5150_0.15;7530_0.3783783783783784;10150_0.0	1.0	252				upstream_gene_variant, MODIFIER	41.0,0.0	42.0,0.0	17.0,3.0	23.0,14.0	22.0,0.0
chrXV	623389	G	T	81.67		T|missense|MODERATE|PDR5|YOR153W|1209/1511|Plasma membrane ATP-binding cassette (ABC) transporter	70_0.0;2640_0.23076923076923078;5150_0.0;7530_0.0;10150_0.0	1.0	253	YOR153W	PDR5	Plasma membrane ATP-binding cassette (ABC) transporter	missense_variant, MODERATE	53.0,0.0	20.0,6.0	13.0,0.0	47.0,0.0	25.0,0.0
chrXV	725864	C	A	52.56999999999999		A|missense|MODERATE|GEP3|YOR205C|319/556|Protein required for mitochondrial ribosome small subunit biogenesis	70_0.0;2640_0.0;5150_0.0;7530_0.14285714285714285;10150_0.0	1.0	254	YOR205C	GEP3	Protein required for mitochondrial ribosome small subunit biogenesis	missense_variant, MODERATE	56.0,0.0	46.0,0.0	20.0,0.0	42.0,7.0	16.0,0.0
chrXV	857174	T	C	472.17		C|missense|MODERATE|SNF2|YOR290C|891/1703|Catalytic subunit of the SWI/SNF chromatin remodeling complex	70_0.0;2640_0.0;5150_0.14285714285714285;7530_0.3404255319148936;10150_0.0	1.0	255	YOR290C	SNF2	Catalytic subunit of the SWI/SNF chromatin remodeling complex	missense_variant, MODERATE	46.0,0.0	54.0,0.0	18.0,3.0	31.0,16.0	26.0,0.0
chrXV	896718	G	A	336.64		A|missense|MODERATE|NOP58|YOR310C|410/511|Protein involved in producing mature rRNAs and snoRNAs,A|noncoding|MODIFIER|YOR309C|YOR309C||YOR309C	70_0.0;2640_0.0;5150_0.0;7530_0.23076923076923078;10150_0.0	1.0	256	YOR310C	NOP58	Protein involved in producing mature rRNAs and snoRNAs	missense_variant, MODERATE	60.0,0.0	47.0,0.0	19.0,0.0	50.0,15.0	19.0,0.0
chrXV	901920	C	T	166.61		T|missense|MODERATE|SPS4|YOR313C|181/338|Protein whose expression is induced during sporulation	70_0.0;2640_0.0;5150_0.0;7530_0.0;10150_0.35294117647058826	1.0	257	YOR313C	SPS4	Protein whose expression is induced during sporulation	missense_variant, MODERATE	46.0,0.0	51.0,0.0	23.0,0.0	45.0,0.0	11.0,6.0
chrXV	936358	G	C	1857.46		C|missense|MODERATE|SCD5|YOR329C|860/872|Protein required for normal actin organization and endocytosis	70_0.0;2640_0.2;5150_0.6666666666666666;7530_0.49206349206349204;10150_0.4166666666666667	1.0	258	YOR329C	SCD5	Protein required for normal actin organization and endocytosis	missense_variant, MODERATE	47.0,0.0	44.0,11.0	8.0,16.0	32.0,31.0	7.0,5.0
chrXV	968861	T	C	214.61			70_0.0;2640_0.0;5150_0.0;7530_0.18032786885245902;10150_0.0	1.0	259				upstream_gene_variant, MODIFIER	50.0,0.0	54.0,0.0	32.0,0.0	50.0,11.0	27.0,0.0
chrXV	999170	GA	G	52.62		G|indel|HIGH|SOG2|YOR353C|415/791|Key component of the RAM signaling network	70_0.0;2640_0.0;5150_0.0;7530_0.15217391304347827;10150_0.0	1.0	260	YOR353C	SOG2	Key component of the RAM signaling network	frameshift_variant, HIGH	60.0,0.0	51.0,0.0	24.0,0.0	39.0,7.0	24.0,0.0
chrXV	1034451	G	A	420.55		A|missense|MODERATE|NDD1|YOR372C|536/554|Transcriptional activator essential for nuclear division	70_0.0;2640_0.0;5150_0.0;7530_0.0;10150_0.39473684210526316	1.0	261	YOR372C	NDD1	Transcriptional activator essential for nuclear division	missense_variant, MODERATE	46.0,0.0	56.0,0.0	24.0,0.0	44.0,0.0	23.0,15.0
chrXV	1073043	GA	G	443.14			70_0.0;2640_0.0;5150_0.0;7530_0.14545454545454545;10150_0.6190476190476191	1.0	262				upstream_gene_variant, MODIFIER	63.0,0.0	40.0,0.0	22.0,0.0	47.0,8.0	8.0,13.0
chrXVI	55034	A	T	45.58		T|synonymous|LOW|THI21|YPL258C|40/551|Hydroxymethylpyrimidine (HMP) and HMP-phosphate kinase	70_0.0;2640_0.125;5150_0.0;7530_0.0;10150_0.0	1.0	263				synonymous_variant, LOW	35.0,0.0	35.0,5.0	8.0,0.0	27.0,0.0	39.0,0.0
chrXVI	140652	C	T	1069.11		T|synonymous|LOW|BMS1|YPL217C|840/1183|GTPase required for ribosomal subunit synthesis and rRNA processing	70_0.0;2640_0.19444444444444445;5150_0.4782608695652174;7530_0.5263157894736842;10150_0.0	1.0	264				synonymous_variant, LOW	49.0,0.0	29.0,7.0	12.0,11.0	18.0,20.0	19.0,0.0
chrXVI	226373	C	T	1438.08		T|missense|MODERATE|OYE3|YPL171C|328/400|Conserved NADPH oxidoreductase containing flavin mononucleotide (FMN)	70_0.0;2640_0.0;5150_0.0;7530_0.23728813559322035;10150_1.0	1.0	265	YPL171C	OYE3	Conserved NADPH oxidoreductase containing flavin mononucleotide (FMN)	missense_variant, MODERATE	39.0,0.0	55.0,0.0	16.0,0.0	45.0,14.0	0.0,34.0
chrXVI	293388	C	T	815.25		T|synonymous|LOW|GIP3|YPL137C|1081/1276|Cytoplasmic protein that regulates protein phosphatase 1 Glc7p	70_0.0;2640_0.0;5150_0.45;7530_0.4418604651162791;10150_0.0	1.0	266				synonymous_variant, LOW	50.0,0.0	43.0,0.0	11.0,9.0	24.0,19.0	32.0,0.0
chrXVI	302383	T	C	86.59		C|missense|MODERATE|COX11|YPL132W|229/300|Protein required for delivery of copper to Cox1p	70_0.0;2640_0.0;5150_0.0;7530_0.0;10150_0.2	1.0	267	YPL132W	COX11	Protein required for delivery of copper to Cox1p	missense_variant, MODERATE	42.0,0.0	50.0,0.0	16.0,0.0	49.0,0.0	24.0,6.0
chrXVI	344672	A	C	2458.82		C|missense|MODERATE|GDE1|YPL110C|17/1223|Glycerophosphocholine (GroPCho) phosphodiesterase	70_0.0;2640_0.1956521739130435;5150_0.5185185185185185;7530_0.42857142857142855;10150_1.0	1.0	268	YPL110C	GDE1	Glycerophosphocholine (GroPCho) phosphodiesterase	missense_variant, MODERATE	59.0,0.0	37.0,9.0	13.0,14.0	32.0,24.0	0.0,32.0
chrXVI	374813	G	A	160.57		A|synonymous|LOW|SSU1|YPL092W|346/458|Plasma membrane sulfite pump involved in sulfite metabolism	70_0.0;2640_0.0;5150_0.36363636363636365;7530_0.0;10150_0.0	1.0	269				synonymous_variant, LOW	50.0,0.0	57.0,0.0	14.0,8.0	56.0,0.0	23.0,0.0
chrXVI	380790	T	G	100.67		G|missense|MODERATE|RLM1|YPL089C|115/676|MADS-box transcription factor	70_0.0;2640_0.0;5150_0.0;7530_0.13725490196078433;10150_0.0	1.0	270	YPL089C	RLM1	MADS-box transcription factor	missense_variant, MODERATE	47.0,0.0	52.0,0.0	26.0,0.0	44.0,7.0	30.0,0.0
chrXVI	389171	G	A	149.68		A|missense|MODERATE|SEC16|YPL085W|708/2195|COPII vesicle coat protein required for ER transport vesicle budding	70_0.0;2640_0.0;5150_0.0;7530_0.18518518518518517;10150_0.0	1.0	271	YPL085W	SEC16	COPII vesicle coat protein required for ER transport vesicle budding	missense_variant, MODERATE	58.0,0.0	44.0,0.0	18.0,0.0	44.0,10.0	21.0,0.0
chrXVI	389912	G	C	155.65		C|missense|MODERATE|SEC16|YPL085W|955/2195|COPII vesicle coat protein required for ER transport vesicle budding	70_0.0;2640_0.0;5150_0.0;7530_0.2;10150_0.0	1.0	272	YPL085W	SEC16	COPII vesicle coat protein required for ER transport vesicle budding	missense_variant, MODERATE	41.0,0.0	41.0,0.0	24.0,0.0	40.0,10.0	19.0,0.0
chrXVI	401677	T	A	72.58		A|missense|MODERATE|MOT1|YPL082C|797/1867|Essential protein involved in regulation of transcription	70_0.0;2640_0.0;5150_0.0;7530_0.0;10150_0.20833333333333334	1.0	273	YPL082C	MOT1	Essential protein involved in regulation of transcription	missense_variant, MODERATE	49.0,0.0	42.0,0.0	26.0,0.0	43.0,0.0	19.0,5.0
chrXVI	412418	G	A	110.6		A|noncoding|MODIFIER|GCR1|YPL075W||Transcriptional activator of genes involved in glycolysis	70_0.0;2640_0.0;5150_0.0;7530_0.14035087719298245;10150_0.0	1.0	274				upstream_gene_variant, MODIFIER	56.0,0.0	48.0,0.0	25.0,0.0	49.0,8.0	34.0,0.0
chrXVI	452655	A	G	804.3		G|missense|MODERATE|SUR1|YPL057C|129/382|Mannosylinositol phosphorylceramide (MIPC) synthase catalytic subunit	70_0.0;2640_0.0;5150_0.0;7530_0.0;10150_1.0	1.0	275	YPL057C	SUR1	Mannosylinositol phosphorylceramide (MIPC) synthase catalytic subunit	missense_variant, MODERATE	59.0,0.0	50.0,0.0	15.0,0.0	57.0,0.0	0.0,23.0
chrXVI	454133	T	C	1185.68		C|missense|MODERATE|LGE1|YPL055C|281/332|Protein involved in histone H2B ubiquitination	70_0.0;2640_0.5405405405405406;5150_0.2;7530_0.47619047619047616;10150_0.0	1.0	276	YPL055C	LGE1	Protein involved in histone H2B ubiquitination	missense_variant, MODERATE	52.0,0.0	17.0,20.0	8.0,2.0	22.0,20.0	18.0,0.0
chrXVI	462794	A	ACTTGTG	293.64		ACTTGTG|indel|MODERATE|DIG1|YPL049C|343/452|MAP kinase-responsive inhibitor of the Ste12p transcription factor	70_0.0;2640_0.0;5150_0.0;7530_0.0;10150_0.3181818181818182	1.0	277	YPL049C	DIG1	MAP kinase-responsive inhibitor of the Ste12p transcription factor	disruptive_inframe_insertion, MODERATE	48.0,0.0	43.0,0.0	18.0,0.0	43.0,0.0	15.0,7.0
chrXVI	504327	T	A	96.61		A|missense|MODERATE|MET12|YPL023C|656/657|Protein with MTHFR activity in vitro	70_0.0;2640_0.0;5150_0.0;7530_0.14285714285714285;10150_0.0	1.0	278	YPL023C	MET12	Protein with MTHFR activity in vitro	missense_variant, MODERATE	48.0,0.0	52.0,0.0	21.0,0.0	36.0,6.0	26.0,0.0
chrXVI	721965	G	A	309.57		A|missense|MODERATE|SYT1|YPR095C|912/1226|Guanine nucleotide exchange factor (GEF) for Arf proteins	70_0.0;2640_0.0;5150_0.0;7530_0.24285714285714285;10150_0.0	1.0	279	YPR095C	SYT1	Guanine nucleotide exchange factor (GEF) for Arf proteins	missense_variant, MODERATE	55.0,0.0	49.0,0.0	15.0,0.0	53.0,17.0	27.0,0.0
chrXVI	835757	C	T	50.59		T|missense|MODERATE|NCA2|YPR155C|547/616|Protein that regulates expression of Fo-F1 ATP synthase subunits	70_0.0;2640_0.0;5150_0.0;7530_0.12121212121212122;10150_0.0	1.0	280	YPR155C	NCA2	Protein that regulates expression of Fo-F1 ATP synthase subunits	missense_variant, MODERATE	52.0,0.0	47.0,0.0	24.0,0.0	58.0,8.0	28.0,0.0
chrXVI	943211	A	T	106.53		T|missense|MODERATE|YPR202W|YPR202W|17/238|YPR202W	70_0.0;2640_0.0;5150_0.0;7530_0.0;10150_0.11827956989247312	1.0	281	YPR202W	YPR202W	Putative protein of unknown function	missense_variant, MODERATE	134.0,0.0	114.0,0.0	36.0,0.0	85.0,0.0	82.0,11.0
