info	CHROM	POS	REF	ALT	QUAL	SVTYPE	ANN_simpler	ANN	af_trajectory	perc_of_alt	mutation_group	G1410_allele_counts	G2640_allele_counts	G5150_allele_counts	G7530_allele_counts	G10150_allele_counts
chrI 120868 C -> A A|missense|MODERATE|PSK1|YAL017W|224/1356|PAS domain-containing serine/threonine protein kinasenan	chrI	120868	C	A	1346.34		A|missense|MODERATE|PSK1|YAL017W|224/1356|PAS domain-containing serine/threonine protein kinase	A|missense_variant|MODERATE|YAL017W|YAL017W|transcript|TRANSCRIPT_YAL017W|protein_coding|1/1|c.671C>A|p.Ala224Glu|671/4071|671/4071|224/1356||,A|upstream_gene_variant|MODIFIER|YAL018C|YAL018C|transcript|TRANSCRIPT_YAL018C|protein_coding||c.-1354G>T|||||1354|,A|upstream_gene_variant|MODIFIER|YAL016W|YAL016W|transcript|TRANSCRIPT_YAL016W|protein_coding||c.-3984C>A|||||3984|,A|downstream_gene_variant|MODIFIER|YAL019W|YAL019W|transcript|TRANSCRIPT_YAL019W|protein_coding||c.*2581C>A|||||2581|,A|downstream_gene_variant|MODIFIER|YAL016C-B|YAL016C-B|transcript|TRANSCRIPT_YAL016C-B|protein_coding||c.*3412G>T|||||3412|,A|downstream_gene_variant|MODIFIER|YAL016C-A|YAL016C-A|transcript|TRANSCRIPT_YAL016C-A|protein_coding||c.*3860G>T|||||3860|	70_0.0;1410_0.0;2640_0.0;5150_0.0;7530_0.6410256410256411;10150_0.7272727272727273	1.0	2	35.0,0.0	56.0,0.0	35.0,0.0	14.0,25.0	6.0,16.0
chrII 17417 C -> A A|synonymous|LOW|PKC1|YBL105C|93/1151|Protein serine/threonine kinasenan	chrII	17417	C	A	2562.62		A|synonymous|LOW|PKC1|YBL105C|93/1151|Protein serine/threonine kinase	A|synonymous_variant|LOW|YBL105C|YBL105C|transcript|TRANSCRIPT_YBL105C|protein_coding|1/1|c.279G>T|p.Ser93Ser|279/3456|279/3456|93/1151||,A|upstream_gene_variant|MODIFIER|YBL106C|YBL106C|transcript|TRANSCRIPT_YBL106C|protein_coding||c.-3539G>T|||||3539|,A|downstream_gene_variant|MODIFIER|YBL104C|YBL104C|transcript|TRANSCRIPT_YBL104C|protein_coding||c.*759G>T|||||759|,A|downstream_gene_variant|MODIFIER|YBL103C|YBL103C|transcript|TRANSCRIPT_YBL103C|protein_coding||c.*4658G>T|||||4658|	70_0.0;1410_0.0;2640_0.45161290322580644;5150_0.5135135135135135;7530_0.45901639344262296;10150_0.45161290322580644	1.0	6	27.0,0.0	34.0,28.0	18.0,19.0	33.0,28.0	17.0,14.0
chrII 98402 G -> T T|missense|MODERATE|SEF1|YBL066C|570/1148|Putative transcription factornan	chrII	98402	G	T	1955.22		T|missense|MODERATE|SEF1|YBL066C|570/1148|Putative transcription factor	T|missense_variant|MODERATE|YBL066C|YBL066C|transcript|TRANSCRIPT_YBL066C|protein_coding|1/1|c.1708C>A|p.Gln570Lys|1708/3447|1708/3447|570/1148||,T|upstream_gene_variant|MODIFIER|YBL067C|YBL067C|transcript|TRANSCRIPT_YBL067C|protein_coding||c.-2526C>A|||||2526|,T|upstream_gene_variant|MODIFIER|YBL065W|YBL065W|transcript|TRANSCRIPT_YBL065W|protein_coding||c.-1555G>T|||||1555|,T|upstream_gene_variant|MODIFIER|YBL063W|YBL063W|transcript|TRANSCRIPT_YBL063W|protein_coding||c.-3478G>T|||||3478|,T|downstream_gene_variant|MODIFIER|YBL064C|YBL064C|transcript|TRANSCRIPT_YBL064C|protein_coding||c.*1963C>A|||||1963|	70_0.0;1410_0.0;2640_0.0;5150_0.48484848484848486;7530_0.6363636363636364;10150_0.7037037037037037	1.0	8	37.0,0.0	56.0,0.0	17.0,16.0	16.0,28.0	8.0,19.0
chrII 350166 G -> A nannan	chrII	350166	G	A	1966.04			A|upstream_gene_variant|MODIFIER|YBR055C|YBR055C|transcript|TRANSCRIPT_YBR055C|protein_coding||c.-2903C>T|||||2903|,A|upstream_gene_variant|MODIFIER|YBR056W-A|YBR056W-A|transcript|TRANSCRIPT_YBR056W-A|protein_coding||c.-1051G>A|||||1051|,A|downstream_gene_variant|MODIFIER|YBR056W|YBR056W|transcript|TRANSCRIPT_YBR056W|protein_coding||c.*820G>A|||||820|,A|downstream_gene_variant|MODIFIER|YBR056C-B|YBR056C-B|transcript|TRANSCRIPT_YBR056C-B|protein_coding||c.*1089C>T|||||1089|,A|downstream_gene_variant|MODIFIER|YBR057C|YBR057C|transcript|TRANSCRIPT_YBR057C|protein_coding||c.*1989C>T|||||1989|,A|downstream_gene_variant|MODIFIER|YBR058C|YBR058C|transcript|TRANSCRIPT_YBR058C|protein_coding||c.*3468C>T|||||3468|,A|intergenic_region|MODIFIER|YBR056W-YBR056W-A|YBR056W-YBR056W-A|intergenic_region|YBR056W-YBR056W-A|||n.350166G>A||||||	70_0.0;1410_0.0;2640_0.0;5150_0.38636363636363635;7530_0.5714285714285714;10150_0.5416666666666666	1.0	10	38.0,0.0	55.0,0.0	27.0,17.0	24.0,32.0	11.0,13.0
chrII 713973 T -> C C|synonymous|LOW|ENP1|YBR247C|120/483|Protein associated with U3 and U14 snoRNAsnan	chrII	713973	T	C	538.5		C|synonymous|LOW|ENP1|YBR247C|120/483|Protein associated with U3 and U14 snoRNAs	C|synonymous_variant|LOW|YBR247C|YBR247C|transcript|TRANSCRIPT_YBR247C|protein_coding|1/1|c.360A>G|p.Glu120Glu|360/1452|360/1452|120/483||,C|upstream_gene_variant|MODIFIER|YBR245C|YBR245C|transcript|TRANSCRIPT_YBR245C|protein_coding||c.-2557A>G|||||2557|,C|upstream_gene_variant|MODIFIER|YBR250W|YBR250W|transcript|TRANSCRIPT_YBR250W|protein_coding||c.-4937T>C|||||4937|,C|downstream_gene_variant|MODIFIER|YBR246W|YBR246W|transcript|TRANSCRIPT_YBR246W|protein_coding||c.*1342T>C|||||1342|,C|downstream_gene_variant|MODIFIER|YBR248C|YBR248C|transcript|TRANSCRIPT_YBR248C|protein_coding||c.*711A>G|||||711|,C|downstream_gene_variant|MODIFIER|YBR249C|YBR249C|transcript|TRANSCRIPT_YBR249C|protein_coding||c.*2786A>G|||||2786|	70_0.0;1410_0.0;2640_0.0;5150_0.0;7530_0.16279069767441862;10150_0.4827586206896552	1.0	12	40.0,0.0	70.0,0.0	34.0,0.0	36.0,7.0	15.0,14.0
chrIII 152309 T -> A nannan	chrIII	152309	T	A	3401.34			A|upstream_gene_variant|MODIFIER|YCR017C|YCR017C|transcript|TRANSCRIPT_YCR017C|protein_coding||c.-4681A>T|||||4681|,A|upstream_gene_variant|MODIFIER|YCR018C|YCR018C|transcript|TRANSCRIPT_YCR018C|protein_coding||c.-3412A>T|||||3412|,A|upstream_gene_variant|MODIFIER|YCR018C-A|YCR018C-A|transcript|TRANSCRIPT_YCR018C-A|protein_coding||c.-453A>T|||||453|,A|upstream_gene_variant|MODIFIER|YCR019W|YCR019W|transcript|TRANSCRIPT_YCR019W|protein_coding||c.-522T>A|||||522|,A|upstream_gene_variant|MODIFIER|YCR020W-B|YCR020W-B|transcript|TRANSCRIPT_YCR020W-B|protein_coding||c.-3005T>A|||||3005|,A|downstream_gene_variant|MODIFIER|YCR020C|YCR020C|transcript|TRANSCRIPT_YCR020C|protein_coding||c.*1697A>T|||||1697|,A|downstream_gene_variant|MODIFIER|YCR020C-A|YCR020C-A|transcript|TRANSCRIPT_YCR020C-A|protein_coding||c.*2515A>T|||||2515|,A|downstream_gene_variant|MODIFIER|YCR021C|YCR021C|transcript|TRANSCRIPT_YCR021C|protein_coding||c.*3794A>T|||||3794|,A|intergenic_region|MODIFIER|YCR018C-A-YCR019W|YCR018C-A-YCR019W|intergenic_region|YCR018C-A-YCR019W|||n.152309T>A||||||	70_0.0;1410_0.0;2640_0.5694444444444444;5150_0.6041666666666666;7530_0.5;10150_0.5384615384615384	1.0	15	39.0,0.0	31.0,41.0	19.0,29.0	21.0,21.0	12.0,14.0
chrIII 228231 AG -> A A|indel|HIGH|YCR064C|YCR064C|90/136|YCR064C,A|noncoding|MODIFIER|BUD31|YCR063W||Component of the SF3b subcomplex of the U2 snRNPnan	chrIII	228231	AG	A	656.11		A|indel|HIGH|YCR064C|YCR064C|90/136|YCR064C,A|noncoding|MODIFIER|BUD31|YCR063W||Component of the SF3b subcomplex of the U2 snRNP	A|frameshift_variant|HIGH|YCR064C|YCR064C|transcript|TRANSCRIPT_YCR064C|protein_coding|1/1|c.270delC|p.Gln94fs|270/411|270/411|90/136||,A|upstream_gene_variant|MODIFIER|YCR059C|YCR059C|transcript|TRANSCRIPT_YCR059C|protein_coding||c.-4006delC|||||4006|,A|upstream_gene_variant|MODIFIER|YCR063W|YCR063W|transcript|TRANSCRIPT_YCR063W|protein_coding||c.-82delG|||||82|,A|upstream_gene_variant|MODIFIER|YCR065W|YCR065W|transcript|TRANSCRIPT_YCR065W|protein_coding||c.-1074delG|||||1074|,A|upstream_gene_variant|MODIFIER|YCR066W|YCR066W|transcript|TRANSCRIPT_YCR066W|protein_coding||c.-3264delG|||||3264|,A|downstream_gene_variant|MODIFIER|YCR060W|YCR060W|transcript|TRANSCRIPT_YCR060W|protein_coding||c.*3502delG|||||3502|,A|downstream_gene_variant|MODIFIER|YCR061W|YCR061W|transcript|TRANSCRIPT_YCR061W|protein_coding||c.*778delG|||||778|,A|downstream_gene_variant|MODIFIER|YCR067C|YCR067C|transcript|TRANSCRIPT_YCR067C|protein_coding||c.*4889delC|||||4889|	70_0.0;1410_0.0;2640_0.0;5150_0.2857142857142857;7530_0.38181818181818183;10150_0.5	1.0	16	35.0,0.0	55.0,0.0	20.0,8.0	34.0,21.0	11.0,11.0
chrIII 312037 A -> G G|synonymous|LOW|RDS1|YCR106W|213/832|Putative zinc cluster transcription factornan	chrIII	312037	A	G	1753.16		G|synonymous|LOW|RDS1|YCR106W|213/832|Putative zinc cluster transcription factor	G|synonymous_variant|LOW|YCR106W|YCR106W|transcript|TRANSCRIPT_YCR106W|protein_coding|1/1|c.639A>G|p.Glu213Glu|639/2499|639/2499|213/832||,G|upstream_gene_variant|MODIFIER|YCR107W|YCR107W|transcript|TRANSCRIPT_YCR107W|protein_coding||c.-2294A>G|||||2294|,G|downstream_gene_variant|MODIFIER|YCR102W-A|YCR102W-A|transcript|TRANSCRIPT_YCR102W-A|protein_coding||c.*4664A>G|||||4664|,G|downstream_gene_variant|MODIFIER|YCR104W|YCR104W|transcript|TRANSCRIPT_YCR104W|protein_coding||c.*3422A>G|||||3422|,G|downstream_gene_variant|MODIFIER|YCR105W|YCR105W|transcript|TRANSCRIPT_YCR105W|protein_coding||c.*1441A>G|||||1441|,G|downstream_gene_variant|MODIFIER|YCR108C|YCR108C|transcript|TRANSCRIPT_YCR108C|protein_coding||c.*4401T>C|||||4401|	70_0.0;1410_0.0;2640_0.0;5150_0.5384615384615384;7530_0.45614035087719296;10150_0.42857142857142855	1.0	18	25.0,0.0	75.0,0.0	18.0,21.0	31.0,26.0	20.0,15.0
chrIV 2355 G -> T T|nonsense|HIGH|COS7|YDL248W|184/383|Endosomal protein involved in turnover of plasma membrane proteinsnan	chrIV	2355	G	T	585.73		T|nonsense|HIGH|COS7|YDL248W|184/383|Endosomal protein involved in turnover of plasma membrane proteins	T|stop_gained|HIGH|YDL248W|YDL248W|transcript|TRANSCRIPT_YDL248W|protein_coding|1/1|c.550G>T|p.Glu184*|550/1152|550/1152|184/383||,T|upstream_gene_variant|MODIFIER|YDL247W-A|YDL247W-A|transcript|TRANSCRIPT_YDL247W-A|protein_coding||c.-1411G>T|||||1411|,T|upstream_gene_variant|MODIFIER|YDL247W|YDL247W|transcript|TRANSCRIPT_YDL247W|protein_coding||c.-3634G>T|||||3634|	70_0.0;1410_0.0;2640_0.0;5150_0.0;7530_0.19444444444444445;10150_0.5555555555555556	1.0	19	28.0,0.0	49.0,0.0	34.0,0.0	29.0,7.0	12.0,15.0
chrIV 278731 G -> T T|missense|MODERATE|POL3|YDL102W|618/1097|Catalytic subunit of DNA polymerase deltanan	chrIV	278731	G	T	1093.22		T|missense|MODERATE|POL3|YDL102W|618/1097|Catalytic subunit of DNA polymerase delta	T|missense_variant|MODERATE|YDL102W|YDL102W|transcript|TRANSCRIPT_YDL102W|protein_coding|1/1|c.1854G>T|p.Met618Ile|1854/3294|1854/3294|618/1097||,T|upstream_gene_variant|MODIFIER|YDL104C|YDL104C|transcript|TRANSCRIPT_YDL104C|protein_coding||c.-3849C>A|||||3849|,T|upstream_gene_variant|MODIFIER|YDL103C|YDL103C|transcript|TRANSCRIPT_YDL103C|protein_coding||c.-2144C>A|||||2144|,T|upstream_gene_variant|MODIFIER|YDL099W|YDL099W|transcript|TRANSCRIPT_YDL099W|protein_coding||c.-4694G>T|||||4694|WARNING_TRANSCRIPT_MULTIPLE_STOP_CODONS,T|downstream_gene_variant|MODIFIER|YDL101C|YDL101C|transcript|TRANSCRIPT_YDL101C|protein_coding||c.*1582C>A|||||1582|,T|downstream_gene_variant|MODIFIER|YDL100C|YDL100C|transcript|TRANSCRIPT_YDL100C|protein_coding||c.*3387C>A|||||3387|	70_0.0;1410_0.0;2640_0.0;5150_0.0;7530_0.5263157894736842;10150_0.47058823529411764	1.0	24	28.0,0.0	54.0,0.0	36.0,0.0	18.0,20.0	18.0,16.0
chrIV 348714 A -> G G|missense|MODERATE|USO1|YDL058W|1012/1790|Essential protein involved in vesicle-mediated ER to Golgi transportnan	chrIV	348714	A	G	1132.1		G|missense|MODERATE|USO1|YDL058W|1012/1790|Essential protein involved in vesicle-mediated ER to Golgi transport	G|missense_variant|MODERATE|YDL058W|YDL058W|transcript|TRANSCRIPT_YDL058W|protein_coding|1/1|c.3034A>G|p.Asn1012Asp|3034/5373|3034/5373|1012/1790||,G|upstream_gene_variant|MODIFIER|YDL059C|YDL059C|transcript|TRANSCRIPT_YDL059C|protein_coding||c.-3745T>C|||||3745|,G|upstream_gene_variant|MODIFIER|YDL057W|YDL057W|transcript|TRANSCRIPT_YDL057W|protein_coding||c.-2736A>G|||||2736|,G|upstream_gene_variant|MODIFIER|YDL056W|YDL056W|transcript|TRANSCRIPT_YDL056W|protein_coding||c.-4179A>G|||||4179|,G|downstream_gene_variant|MODIFIER|YDL060W|YDL060W|transcript|TRANSCRIPT_YDL060W|protein_coding||c.*4713A>G|||||4713|	70_0.0;1410_0.0;2640_0.0;5150_0.4230769230769231;7530_0.3958333333333333;10150_0.41379310344827586	1.0	26	37.0,0.0	50.0,0.0	15.0,11.0	29.0,19.0	17.0,12.0
chrIV 579885 T -> C C|synonymous|LOW|RPS13|YDR064W|145/151|Protein component of the small (40S) ribosomal subunitnan	chrIV	579885	T	C	1715.5		C|synonymous|LOW|RPS13|YDR064W|145/151|Protein component of the small (40S) ribosomal subunit	C|synonymous_variant|LOW|YDR064W|YDR064W|transcript|TRANSCRIPT_YDR064W|protein_coding|2/2|c.435T>C|p.Thr145Thr|435/456|435/456|145/151||,C|upstream_gene_variant|MODIFIER|YDR065W|YDR065W|transcript|TRANSCRIPT_YDR065W|protein_coding||c.-256T>C|||||256|,C|upstream_gene_variant|MODIFIER|YDR068W|YDR068W|transcript|TRANSCRIPT_YDR068W|protein_coding||c.-3282T>C|||||3282|,C|downstream_gene_variant|MODIFIER|YDR061W|YDR061W|transcript|TRANSCRIPT_YDR061W|protein_coding||c.*4648T>C|||||4648|,C|downstream_gene_variant|MODIFIER|YDR062W|YDR062W|transcript|TRANSCRIPT_YDR062W|protein_coding||c.*2272T>C|||||2272|,C|downstream_gene_variant|MODIFIER|YDR063W|YDR063W|transcript|TRANSCRIPT_YDR063W|protein_coding||c.*1319T>C|||||1319|,C|downstream_gene_variant|MODIFIER|YDR066C|YDR066C|transcript|TRANSCRIPT_YDR066C|protein_coding||c.*1477A>G|||||1477|,C|downstream_gene_variant|MODIFIER|YDR067C|YDR067C|transcript|TRANSCRIPT_YDR067C|protein_coding||c.*2360A>G|||||2360|,C|downstream_gene_variant|MODIFIER|YDR069C|YDR069C|transcript|TRANSCRIPT_YDR069C|protein_coding||c.*4508A>G|||||4508|	70_0.0;1410_0.0;2640_0.0;5150_0.34615384615384615;7530_0.6578947368421053;10150_1.0	1.0	31	33.0,0.0	46.0,0.0	17.0,9.0	13.0,25.0	0.0,18.0
chrIV 594450 C -> A A|missense|MODERATE|TPS2|YDR074W|369/896|Phosphatase subunit of the trehalose-6-P synthase/phosphatase complexnan	chrIV	594450	C	A	3307.59		A|missense|MODERATE|TPS2|YDR074W|369/896|Phosphatase subunit of the trehalose-6-P synthase/phosphatase complex	A|missense_variant|MODERATE|YDR074W|YDR074W|transcript|TRANSCRIPT_YDR074W|protein_coding|1/1|c.1105C>A|p.Pro369Thr|1105/2691|1105/2691|369/896||,A|upstream_gene_variant|MODIFIER|YDR072C|YDR072C|transcript|TRANSCRIPT_YDR072C|protein_coding||c.-3653G>T|||||3653|,A|upstream_gene_variant|MODIFIER|YDR075W|YDR075W|transcript|TRANSCRIPT_YDR075W|protein_coding||c.-2159C>A|||||2159|,A|upstream_gene_variant|MODIFIER|YDR076W|YDR076W|transcript|TRANSCRIPT_YDR076W|protein_coding||c.-3471C>A|||||3471|,A|downstream_gene_variant|MODIFIER|YDR073W|YDR073W|transcript|TRANSCRIPT_YDR073W|protein_coding||c.*2049C>A|||||2049|	70_0.0;1410_0.0;2640_0.0;5150_0.6363636363636364;7530_0.8245614035087719;10150_1.0	1.0	32	27.0,0.0	58.0,0.0	12.0,21.0	10.0,47.0	0.0,29.0
chrIV 606552 A -> G nannan	chrIV	606552	A	G	149.76			G|upstream_gene_variant|MODIFIER|YDR078C|YDR078C|transcript|TRANSCRIPT_YDR078C|protein_coding||c.-4230T>C|||||4230|,G|upstream_gene_variant|MODIFIER|YDR079C-A|YDR079C-A|transcript|TRANSCRIPT_YDR079C-A|protein_coding||c.-3288T>C|||||3288|,G|upstream_gene_variant|MODIFIER|YDR082W|YDR082W|transcript|TRANSCRIPT_YDR082W|protein_coding||c.-3342A>G|||||3342|,G|upstream_gene_variant|MODIFIER|YDR083W|YDR083W|transcript|TRANSCRIPT_YDR083W|protein_coding||c.-4974A>G|||||4974|,G|downstream_gene_variant|MODIFIER|YDR079W|YDR079W|transcript|TRANSCRIPT_YDR079W|protein_coding||c.*3700A>G|||||3700|,G|downstream_gene_variant|MODIFIER|YDR080W|YDR080W|transcript|TRANSCRIPT_YDR080W|protein_coding||c.*113A>G|||||113|,G|downstream_gene_variant|MODIFIER|YDR081C|YDR081C|transcript|TRANSCRIPT_YDR081C|protein_coding||c.*205T>C|||||205|,G|intergenic_region|MODIFIER|YDR080W-YDR081C|YDR080W-YDR081C|intergenic_region|YDR080W-YDR081C|||n.606552A>G||||||	70_0.0;1410_0.0;2640_0.0;5150_0.0;7530_0.0;10150_0.5555555555555556	1.0	33	45.0,0.0	73.0,0.0	36.0,0.0	86.0,0.0	4.0,5.0
chrIV 1327136 C -> A A|missense|MODERATE|CYM1|YDR430C|491/989|Lysine-specific metalloprotease of the pitrilysin familynan	chrIV	1327136	C	A	2977.71		A|missense|MODERATE|CYM1|YDR430C|491/989|Lysine-specific metalloprotease of the pitrilysin family	A|missense_variant|MODERATE|YDR430C|YDR430C|transcript|TRANSCRIPT_YDR430C|protein_coding|1/1|c.1471G>T|p.Asp491Tyr|1471/2970|1471/2970|491/989||,A|upstream_gene_variant|MODIFIER|YDR426C|YDR426C|transcript|TRANSCRIPT_YDR426C|protein_coding||c.-4994G>T|||||4994|,A|upstream_gene_variant|MODIFIER|YDR428C|YDR428C|transcript|TRANSCRIPT_YDR428C|protein_coding||c.-2761G>T|||||2761|,A|upstream_gene_variant|MODIFIER|YDR429C|YDR429C|transcript|TRANSCRIPT_YDR429C|protein_coding||c.-1699G>T|||||1699|,A|upstream_gene_variant|MODIFIER|YDR431W|YDR431W|transcript|TRANSCRIPT_YDR431W|protein_coding||c.-1390C>A|||||1390|,A|upstream_gene_variant|MODIFIER|YDR432W|YDR432W|transcript|TRANSCRIPT_YDR432W|protein_coding||c.-1783C>A|||||1783|,A|upstream_gene_variant|MODIFIER|YDR433W|YDR433W|transcript|TRANSCRIPT_YDR433W|protein_coding||c.-2600C>A|||||2600|,A|upstream_gene_variant|MODIFIER|YDR434W|YDR434W|transcript|TRANSCRIPT_YDR434W|protein_coding||c.-4237C>A|||||4237|,A|downstream_gene_variant|MODIFIER|YDR427W|YDR427W|transcript|TRANSCRIPT_YDR427W|protein_coding||c.*3614C>A|||||3614|	70_0.0;1410_0.0;2640_0.0;5150_0.0;7530_0.835820895522388;10150_1.0	0.9777777777777776	37	36.0,0.0	52.0,0.0	26.0,0.0	11.0,56.0	0.0,32.0
chrIX 33174 G -> A nannan	chrIX	33174	G	A	2249.54			A|upstream_gene_variant|MODIFIER|YIL166C|YIL166C|transcript|TRANSCRIPT_YIL166C|protein_coding||c.-609C>T|||||609|,A|upstream_gene_variant|MODIFIER|YIL162W|YIL162W|transcript|TRANSCRIPT_YIL162W|protein_coding||c.-4210G>A|||||4210|,A|downstream_gene_variant|MODIFIER|CDS_IX_29031_29414|GENE_CDS_IX_29031_29414|transcript|YIL168W|protein_coding||c.*3760G>A|||||3760|,A|downstream_gene_variant|MODIFIER|CDS_IX_29415_30047|GENE_CDS_IX_29415_30047|transcript|YIL167W|protein_coding||c.*3127G>A|||||3127|,A|downstream_gene_variant|MODIFIER|YIL165C|YIL165C|transcript|TRANSCRIPT_YIL165C|protein_coding||c.*543C>T|||||543|,A|downstream_gene_variant|MODIFIER|YIL164C|YIL164C|transcript|TRANSCRIPT_YIL164C|protein_coding||c.*912C>T|||||912|,A|downstream_gene_variant|MODIFIER|YIL163C|YIL163C|transcript|TRANSCRIPT_YIL163C|protein_coding||c.*3724C>T|||||3724|,A|intergenic_region|MODIFIER|YIL166C-YIL165C|YIL166C-YIL165C|intergenic_region|YIL166C-YIL165C|||n.33174G>A||||||	70_0.0;1410_0.0;2640_0.4305555555555556;5150_0.46153846153846156;7530_0.48936170212765956;10150_0.5217391304347826	1.0	38	29.0,0.0	41.0,31.0	14.0,12.0	24.0,23.0	11.0,12.0
chrIX 176674 C -> T T|missense|MODERATE|XBP1|YIL101C|194/647|Transcriptional repressornan	chrIX	176674	C	T	2175.49		T|missense|MODERATE|XBP1|YIL101C|194/647|Transcriptional repressor	T|missense_variant|MODERATE|YIL101C|YIL101C|transcript|TRANSCRIPT_YIL101C|protein_coding|1/1|c.580G>A|p.Val194Ile|580/1944|580/1944|194/647||,T|upstream_gene_variant|MODIFIER|YIL102C-A|YIL102C-A|transcript|TRANSCRIPT_YIL102C-A|protein_coding||c.-3079G>A|||||3079|,T|upstream_gene_variant|MODIFIER|YIL102C|YIL102C|transcript|TRANSCRIPT_YIL102C|protein_coding||c.-1784G>A|||||1784|,T|upstream_gene_variant|MODIFIER|YIL100W|YIL100W|transcript|TRANSCRIPT_YIL100W|protein_coding||c.-702C>T|||||702|,T|upstream_gene_variant|MODIFIER|YIL099W|YIL099W|transcript|TRANSCRIPT_YIL099W|protein_coding||c.-1333C>T|||||1333|,T|upstream_gene_variant|MODIFIER|YIL097W|YIL097W|transcript|TRANSCRIPT_YIL097W|protein_coding||c.-3756C>T|||||3756|,T|downstream_gene_variant|MODIFIER|YIL103W|YIL103W|transcript|TRANSCRIPT_YIL103W|protein_coding||c.*3643C>T|||||3643|,T|downstream_gene_variant|MODIFIER|YIL100C-A|YIL100C-A|transcript|TRANSCRIPT_YIL100C-A|protein_coding||c.*672G>A|||||672|,T|downstream_gene_variant|MODIFIER|YIL098C|YIL098C|transcript|TRANSCRIPT_YIL098C|protein_coding||c.*3101G>A|||||3101|	70_0.0;1410_0.0;2640_0.5818181818181818;5150_0.38461538461538464;7530_0.38461538461538464;10150_0.6842105263157895	1.0	39	32.0,0.0	23.0,32.0	16.0,10.0	24.0,15.0	6.0,13.0
chrIX 202322 A -> C C|nonsense|HIGH|SDS3|YIL084C|314/327|Component of the Rpd3L histone deacetylase complexnan	chrIX	202322	A	C	754.1499999999999		C|nonsense|HIGH|SDS3|YIL084C|314/327|Component of the Rpd3L histone deacetylase complex	C|stop_gained|HIGH|YIL084C|YIL084C|transcript|TRANSCRIPT_YIL084C|protein_coding|1/1|c.941T>G|p.Leu314*|941/984|941/984|314/327||,C|upstream_gene_variant|MODIFIER|YIL088C|YIL088C|transcript|TRANSCRIPT_YIL088C|protein_coding||c.-2916T>G|||||2916|,C|upstream_gene_variant|MODIFIER|YIL087C|YIL087C|transcript|TRANSCRIPT_YIL087C|protein_coding||c.-2200T>G|||||2200|,C|upstream_gene_variant|MODIFIER|YIL086C|YIL086C|transcript|TRANSCRIPT_YIL086C|protein_coding||c.-1858T>G|||||1858|,C|upstream_gene_variant|MODIFIER|YIL085C|YIL085C|transcript|TRANSCRIPT_YIL085C|protein_coding||c.-276T>G|||||276|,C|upstream_gene_variant|MODIFIER|YIL082W|YIL082W|transcript|TRANSCRIPT_YIL082W|protein_coding||c.-3316A>C|||||3316|,C|upstream_gene_variant|MODIFIER|CDS_IX_205638_206488|GENE_CDS_IX_205638_206488|transcript|YIL082W-A|protein_coding||c.-3316A>C|||||3316|,C|upstream_gene_variant|MODIFIER|CDS_IX_205638_206487|GENE_CDS_IX_205638_206487|transcript|YIL080W|protein_coding||c.-3316A>C|||||3316|WARNING_TRANSCRIPT_MULTIPLE_STOP_CODONS,C|downstream_gene_variant|MODIFIER|YIL083C|YIL083C|transcript|TRANSCRIPT_YIL083C|protein_coding||c.*1237T>G|||||1237|	70_0.0;1410_0.0;2640_0.0;5150_0.0;7530_0.24242424242424243;10150_0.40540540540540543	1.0	41	33.0,0.0	56.0,0.0	34.0,0.0	50.0,16.0	22.0,15.0
chrIX 436474 G -> T nannan	chrIX	436474	G	T	4433.15			T|upstream_gene_variant|MODIFIER|YIR039C|YIR039C|transcript|TRANSCRIPT_YIR039C|protein_coding||c.-4363C>A|||||4363|,T|upstream_gene_variant|MODIFIER|YIR040C|YIR040C|transcript|TRANSCRIPT_YIR040C|protein_coding||c.-2753C>A|||||2753|,T|upstream_gene_variant|MODIFIER|YIR042C|YIR042C|transcript|TRANSCRIPT_YIR042C|protein_coding||c.-491C>A|||||491|,T|downstream_gene_variant|MODIFIER|YIR041W|YIR041W|transcript|TRANSCRIPT_YIR041W|protein_coding||c.*2171G>T|||||2171|,T|downstream_gene_variant|MODIFIER|CDS_IX_437043_437735|GENE_CDS_IX_437043_437735|transcript|YIR043C|protein_coding||c.*569C>A|||||569|,T|downstream_gene_variant|MODIFIER|CDS_IX_437994_438179|GENE_CDS_IX_437994_438179|transcript|YIR044C|protein_coding||c.*1520C>A|||||1520|,T|intergenic_region|MODIFIER|YIR042C-CDS_IX_437043_437735|YIR042C-GENE_CDS_IX_437043_437735|intergenic_region|YIR042C-GENE_CDS_IX_437043_437735|||n.436474G>T||||||	70_0.0;1410_0.0;2640_0.0;5150_0.543859649122807;7530_0.9655172413793104;10150_1.0	1.0	44	38.0,0.0	52.0,0.0	26.0,31.0	2.0,56.0	0.0,39.0
chrMito 34346 CCTATA -> C nannan	chrMito	34346	CCTATA	C	35944.85			C|intergenic_region|MODIFIER|||||||||||||	70_0.22797927461139897;1410_0.0;2640_0.9791666666666666;5150_1.0;7530_0.9736842105263158;10150_0.9310344827586207	0.640661938534279	45	33.0,0.0	4.0,188.0	0.0,98.0	5.0,185.0	2.0,27.0
chrV 182563 T -> C C|noncoding|MODIFIER|HEM14|YER014W||Protoporphyrinogen oxidasenan	chrV	182563	T	C	1584.11		C|noncoding|MODIFIER|HEM14|YER014W||Protoporphyrinogen oxidase	C|upstream_gene_variant|MODIFIER|YER014W|YER014W|transcript|TRANSCRIPT_YER014W|protein_coding||c.-37T>C|||||37|,C|upstream_gene_variant|MODIFIER|YER015W|YER015W|transcript|TRANSCRIPT_YER015W|protein_coding||c.-1978T>C|||||1978|,C|downstream_gene_variant|MODIFIER|YER012W|YER012W|transcript|TRANSCRIPT_YER012W|protein_coding||c.*4132T>C|||||4132|,C|downstream_gene_variant|MODIFIER|YER013W|YER013W|transcript|TRANSCRIPT_YER013W|protein_coding||c.*285T>C|||||285|,C|downstream_gene_variant|MODIFIER|YER014C-A|YER014C-A|transcript|TRANSCRIPT_YER014C-A|protein_coding||c.*1168A>G|||||1168|,C|intergenic_region|MODIFIER|YER013W-YER014W|YER013W-YER014W|intergenic_region|YER013W-YER014W|||n.182563T>C||||||	70_0.0;1410_0.0;2640_0.0;5150_0.5185185185185185;7530_0.5416666666666666;10150_0.48148148148148145	1.0	48	25.0,0.0	59.0,0.0	13.0,14.0	22.0,26.0	14.0,13.0
chrV 440749 G -> A A|missense|MODERATE|GDI1|YER136W|395/451|GDP dissociation inhibitornan	chrV	440749	G	A	848.1		A|missense|MODERATE|GDI1|YER136W|395/451|GDP dissociation inhibitor	A|missense_variant|MODERATE|YER136W|YER136W|transcript|TRANSCRIPT_YER136W|protein_coding|1/1|c.1183G>A|p.Ala395Thr|1183/1356|1183/1356|395/451||,A|upstream_gene_variant|MODIFIER|YER134C|YER134C|transcript|TRANSCRIPT_YER134C|protein_coding||c.-2995C>T|||||2995|,A|upstream_gene_variant|MODIFIER|YER135C|YER135C|transcript|TRANSCRIPT_YER135C|protein_coding||c.-2454C>T|||||2454|,A|upstream_gene_variant|MODIFIER|YER137W-A|YER137W-A|transcript|TRANSCRIPT_YER137W-A|protein_coding||c.-777G>A|||||777|,A|downstream_gene_variant|MODIFIER|YER133W-A|YER133W-A|transcript|TRANSCRIPT_YER133W-A|protein_coding||c.*3266G>A|||||3266|,A|downstream_gene_variant|MODIFIER|YER137C|YER137C|transcript|TRANSCRIPT_YER137C|protein_coding||c.*575C>T|||||575|,A|downstream_gene_variant|MODIFIER|CDS_V_443707_447672|GENE_CDS_V_443707_447672|transcript|YER138C|protein_coding||c.*2958C>T|||||2958|	70_0.0;1410_0.0;2640_0.0;5150_0.0;7530_0.16129032258064516;10150_0.6388888888888888	1.0	50	37.0,0.0	56.0,0.0	43.0,0.0	26.0,5.0	13.0,23.0
chrV 491253 T -> C nannan	chrV	491253	T	C	4816.83			C|upstream_gene_variant|MODIFIER|YER158C|YER158C|transcript|TRANSCRIPT_YER158C|protein_coding||c.-724A>G|||||724|,C|upstream_gene_variant|MODIFIER|YER158W-A|YER158W-A|transcript|TRANSCRIPT_YER158W-A|protein_coding||c.-185T>C|||||185|,C|downstream_gene_variant|MODIFIER|YER157W|YER157W|transcript|TRANSCRIPT_YER157W|protein_coding||c.*4109T>C|||||4109|,C|downstream_gene_variant|MODIFIER|YER159C|YER159C|transcript|TRANSCRIPT_YER159C|protein_coding||c.*228A>G|||||228|,C|downstream_gene_variant|MODIFIER|CDS_V_492807_496772|GENE_CDS_V_492807_496772|transcript|YER160C|protein_coding||c.*1554A>G|||||1554|,C|intergenic_region|MODIFIER|YER158C-YER158W-A|YER158C-YER158W-A|intergenic_region|YER158C-YER158W-A|||n.491253T>C||||||	70_0.0;1410_0.0;2640_0.0;5150_0.6271186440677966;7530_1.0;10150_1.0	1.0	51	38.0,0.0	44.0,0.0	22.0,37.0	0.0,65.0	0.0,40.0
chrVI 22455 A -> G G|synonymous|LOW|AQY3|YFL054C|111/646|Putative channel-like proteinnan	chrVI	22455	A	G	2139.32		G|synonymous|LOW|AQY3|YFL054C|111/646|Putative channel-like protein	G|synonymous_variant|LOW|YFL054C|YFL054C|transcript|TRANSCRIPT_YFL054C|protein_coding|1/1|c.333T>C|p.Ala111Ala|333/1941|333/1941|111/646||,G|upstream_gene_variant|MODIFIER|YFL053W|YFL053W|transcript|TRANSCRIPT_YFL053W|protein_coding||c.-968A>G|||||968|,G|downstream_gene_variant|MODIFIER|YFL055W|YFL055W|transcript|TRANSCRIPT_YFL055W|protein_coding||c.*3775A>G|||||3775|	70_0.0;1410_0.0;2640_0.32432432432432434;5150_0.6363636363636364;7530_0.3404255319148936;10150_0.45161290322580644	1.0	55	32.0,0.0	50.0,24.0	12.0,21.0	31.0,16.0	17.0,14.0
chrVI 109947 TC -> T T|indel|HIGH|IES1|YFL013C|17/692|Subunit of the INO80 chromatin remodeling complex,T|indel|HIGH|YFL012W-A|YFL012W-A|25/124|YFL012W-Anan	chrVI	109947	TC	T	1820.0		T|indel|HIGH|IES1|YFL013C|17/692|Subunit of the INO80 chromatin remodeling complex,T|indel|HIGH|YFL012W-A|YFL012W-A|25/124|YFL012W-A	T|frameshift_variant|HIGH|YFL013C|YFL013C|transcript|TRANSCRIPT_YFL013C|protein_coding|1/1|c.49delG|p.Glu17fs|49/2079|49/2079|17/692||,T|frameshift_variant|HIGH|YFL012W-A|YFL012W-A|transcript|TRANSCRIPT_YFL012W-A|protein_coding|1/1|c.73delC|p.Leu25fs|73/375|73/375|25/124||,T|upstream_gene_variant|MODIFIER|YFL016C|YFL016C|transcript|TRANSCRIPT_YFL016C|protein_coding||c.-3648delG|||||3648|,T|upstream_gene_variant|MODIFIER|YFL015C|YFL015C|transcript|TRANSCRIPT_YFL015C|protein_coding||c.-2919delG|||||2919|,T|upstream_gene_variant|MODIFIER|YFL012W|YFL012W|transcript|TRANSCRIPT_YFL012W|protein_coding||c.-765delC|||||765|,T|upstream_gene_variant|MODIFIER|YFL011W|YFL011W|transcript|TRANSCRIPT_YFL011W|protein_coding||c.-2463delC|||||2463|,T|downstream_gene_variant|MODIFIER|YFL015W-A|YFL015W-A|transcript|TRANSCRIPT_YFL015W-A|protein_coding||c.*3150delC|||||3150|,T|downstream_gene_variant|MODIFIER|YFL014W|YFL014W|transcript|TRANSCRIPT_YFL014W|protein_coding||c.*2297delC|||||2297|,T|downstream_gene_variant|MODIFIER|YFL013W-A|YFL013W-A|transcript|TRANSCRIPT_YFL013W-A|protein_coding||c.*1280delC|||||1280|	70_0.0;1410_0.0;2640_0.0;5150_0.5357142857142857;7530_0.44642857142857145;10150_0.5357142857142857	1.0	56	37.0,0.0	65.0,0.0	13.0,15.0	31.0,25.0	13.0,15.0
chrVI 128398 A -> G G|synonymous|LOW|BLM10|YFL007W|1618/2143|Proteasome activatornan	chrVI	128398	A	G	1408.06		G|synonymous|LOW|BLM10|YFL007W|1618/2143|Proteasome activator	G|synonymous_variant|LOW|YFL007W|YFL007W|transcript|TRANSCRIPT_YFL007W|protein_coding|1/1|c.4854A>G|p.Leu1618Leu|4854/6432|4854/6432|1618/2143||,G|upstream_gene_variant|MODIFIER|YFL005W|YFL005W|transcript|TRANSCRIPT_YFL005W|protein_coding||c.-2002A>G|||||2002|,G|upstream_gene_variant|MODIFIER|YFL004W|YFL004W|transcript|TRANSCRIPT_YFL004W|protein_coding||c.-3478A>G|||||3478|	70_0.0;1410_0.0;2640_0.0;5150_0.4411764705882353;7530_0.5428571428571428;10150_0.5909090909090909	1.0	57	40.0,0.0	59.0,0.0	19.0,15.0	16.0,19.0	9.0,13.0
chrVI 180529 T -> G G|missense|MODERATE|AIP5|YFR016C|94/1233|Protein that positively regulates actin assemblynan	chrVI	180529	T	G	2684.45		G|missense|MODERATE|AIP5|YFR016C|94/1233|Protein that positively regulates actin assembly	G|missense_variant|MODERATE|YFR016C|YFR016C|transcript|TRANSCRIPT_YFR016C|protein_coding|1/1|c.281A>C|p.Asp94Ala|281/3702|281/3702|94/1233||,G|upstream_gene_variant|MODIFIER|YFR015C|YFR015C|transcript|TRANSCRIPT_YFR015C|protein_coding||c.-4072A>C|||||4072|,G|upstream_gene_variant|MODIFIER|YFR019W|YFR019W|transcript|TRANSCRIPT_YFR019W|protein_coding||c.-4039T>G|||||4039|,G|downstream_gene_variant|MODIFIER|YFR017C|YFR017C|transcript|TRANSCRIPT_YFR017C|protein_coding||c.*1811A>C|||||1811|,G|downstream_gene_variant|MODIFIER|YFR018C|YFR018C|transcript|TRANSCRIPT_YFR018C|protein_coding||c.*2668A>C|||||2668|	70_0.0;1410_0.0;2640_0.4927536231884058;5150_0.38461538461538464;7530_0.46153846153846156;10150_0.4666666666666667	1.0	58	46.0,0.0	35.0,34.0	24.0,15.0	28.0,24.0	16.0,14.0
chrVI 210385 A -> C nannan	chrVI	210385	A	C	896.13			C|upstream_gene_variant|MODIFIER|YFR026C|YFR026C|transcript|TRANSCRIPT_YFR026C|protein_coding||c.-4061T>G|||||4061|,C|upstream_gene_variant|MODIFIER|YFR028C|YFR028C|transcript|TRANSCRIPT_YFR028C|protein_coding||c.-250T>G|||||250|,C|upstream_gene_variant|MODIFIER|YFR029W|YFR029W|transcript|TRANSCRIPT_YFR029W|protein_coding||c.-619A>C|||||619|,C|upstream_gene_variant|MODIFIER|YFR030W|YFR030W|transcript|TRANSCRIPT_YFR030W|protein_coding||c.-2994A>C|||||2994|,C|downstream_gene_variant|MODIFIER|YFR027W|YFR027W|transcript|TRANSCRIPT_YFR027W|protein_coding||c.*2021A>C|||||2021|,C|intergenic_region|MODIFIER|YFR028C-YFR029W|YFR028C-YFR029W|intergenic_region|YFR028C-YFR029W|||n.210385A>C||||||	70_0.0;1410_0.0;2640_0.0;5150_0.0;7530_0.45;10150_0.5555555555555556	1.0	59	11.0,0.0	55.0,0.0	9.0,0.0	33.0,27.0	4.0,5.0
chrVI 262255 A -> T nannan	chrVI	262255	A	T	1027.31			T|upstream_gene_variant|MODIFIER|YFR054C|YFR054C|transcript|TRANSCRIPT_YFR054C|protein_coding||c.-2755T>A|||||2755|WARNING_TRANSCRIPT_MULTIPLE_STOP_CODONS,T|upstream_gene_variant|MODIFIER|YFR055W|YFR055W|transcript|TRANSCRIPT_YFR055W|protein_coding||c.-2016A>T|||||2016|,T|downstream_gene_variant|MODIFIER|YFR056C|YFR056C|transcript|TRANSCRIPT_YFR056C|protein_coding||c.*1769T>A|||||1769|,T|intergenic_region|MODIFIER|YFR054C-YFR056C|YFR054C-YFR056C|intergenic_region|YFR054C-YFR056C|||n.262255A>T||||||	70_0.0;1410_0.0;2640_0.0;5150_0.0;7530_0.3090909090909091;10150_0.7	1.0	60	41.0,0.0	67.0,0.0	37.0,0.0	38.0,17.0	9.0,21.0
chrVII 10867 C -> G nannan	chrVII	10867	C	G	1026.72			G|upstream_gene_variant|MODIFIER|YGL261C|YGL261C|transcript|TRANSCRIPT_YGL261C|protein_coding||c.-4218G>C|||||4218|,G|upstream_gene_variant|MODIFIER|YGL258W|YGL258W|transcript|TRANSCRIPT_YGL258W|protein_coding||c.-218C>G|||||218|,G|upstream_gene_variant|MODIFIER|YGL256W|YGL256W|transcript|TRANSCRIPT_YGL256W|protein_coding||c.-4267C>G|||||4267|,G|downstream_gene_variant|MODIFIER|YGL260W|YGL260W|transcript|TRANSCRIPT_YGL260W|protein_coding||c.*3780C>G|||||3780|WARNING_TRANSCRIPT_NO_STOP_CODON,G|downstream_gene_variant|MODIFIER|YGL259W|YGL259W|transcript|TRANSCRIPT_YGL259W|protein_coding||c.*1901C>G|||||1901|WARNING_TRANSCRIPT_MULTIPLE_STOP_CODONS,G|downstream_gene_variant|MODIFIER|YGL258W-A|YGL258W-A|transcript|TRANSCRIPT_YGL258W-A|protein_coding||c.*1493C>G|||||1493|,G|downstream_gene_variant|MODIFIER|YGL257C|YGL257C|transcript|TRANSCRIPT_YGL257C|protein_coding||c.*1589G>C|||||1589|,G|intergenic_region|MODIFIER|YGL258W-A-YGL258W|YGL258W-A-YGL258W|intergenic_region|YGL258W-A-YGL258W|||n.10867C>G||||||	70_0.0;1410_0.0;2640_0.0;5150_0.0;7530_0.0;10150_0.6727272727272727	1.0	61	41.0,0.0	65.0,0.0	41.0,0.0	50.0,0.0	18.0,37.0
chrVII 313343 T -> G G|missense|MODERATE|SEH1|YGL100W|47/349|Subunit of the Nup84 nuclear pore and SEACAT subcomplexesnan	chrVII	313343	T	G	2776.37		G|missense|MODERATE|SEH1|YGL100W|47/349|Subunit of the Nup84 nuclear pore and SEACAT subcomplexes	G|missense_variant|MODERATE|YGL100W|YGL100W|transcript|TRANSCRIPT_YGL100W|protein_coding|1/1|c.140T>G|p.Leu47Arg|140/1050|140/1050|47/349||,G|upstream_gene_variant|MODIFIER|YGL104C|YGL104C|transcript|TRANSCRIPT_YGL104C|protein_coding||c.-3202A>C|||||3202|,G|upstream_gene_variant|MODIFIER|YGL102C|YGL102C|transcript|TRANSCRIPT_YGL102C|protein_coding||c.-1440A>C|||||1440|,G|upstream_gene_variant|MODIFIER|YGL099W|YGL099W|transcript|TRANSCRIPT_YGL099W|protein_coding||c.-1258T>G|||||1258|,G|upstream_gene_variant|MODIFIER|YGL098W|YGL098W|transcript|TRANSCRIPT_YGL098W|protein_coding||c.-3969T>G|||||3969|,G|downstream_gene_variant|MODIFIER|YGL105W|YGL105W|transcript|TRANSCRIPT_YGL105W|protein_coding||c.*4808T>G|||||4808|,G|downstream_gene_variant|MODIFIER|YGL103W|YGL103W|transcript|TRANSCRIPT_YGL103W|protein_coding||c.*1446T>G|||||1446|,G|downstream_gene_variant|MODIFIER|YGL101W|YGL101W|transcript|TRANSCRIPT_YGL101W|protein_coding||c.*533T>G|||||533|	70_0.0;1410_0.0;2640_0.36764705882352944;5150_0.5714285714285714;7530_0.5;10150_0.43333333333333335	1.0	63	38.0,0.0	43.0,25.0	21.0,28.0	27.0,27.0	17.0,13.0
chrVII 453769 G -> A A|nonsense|HIGH|STT3|YGL022W|468/718|Catalytic subunit of the oligosaccharyltransferase complex of the ER lnan	chrVII	453769	G	A	2279.79		A|nonsense|HIGH|STT3|YGL022W|468/718|Catalytic subunit of the oligosaccharyltransferase complex of the ER l	A|stop_gained|HIGH|YGL022W|YGL022W|transcript|TRANSCRIPT_YGL022W|protein_coding|1/1|c.1404G>A|p.Trp468*|1404/2157|1404/2157|468/718||,A|upstream_gene_variant|MODIFIER|YGL025C|YGL025C|transcript|TRANSCRIPT_YGL025C|protein_coding||c.-3850C>T|||||3850|,A|upstream_gene_variant|MODIFIER|YGL023C|YGL023C|transcript|TRANSCRIPT_YGL023C|protein_coding||c.-1703C>T|||||1703|,A|upstream_gene_variant|MODIFIER|YGL021W|YGL021W|transcript|TRANSCRIPT_YGL021W|protein_coding||c.-978G>A|||||978|,A|upstream_gene_variant|MODIFIER|YGL019W|YGL019W|transcript|TRANSCRIPT_YGL019W|protein_coding||c.-4349G>A|||||4349|,A|downstream_gene_variant|MODIFIER|YGL024W|YGL024W|transcript|TRANSCRIPT_YGL024W|protein_coding||c.*3684G>A|||||3684|,A|downstream_gene_variant|MODIFIER|YGL020C|YGL020C|transcript|TRANSCRIPT_YGL020C|protein_coding||c.*3356C>T|||||3356|	70_0.0;1410_0.0;2640_0.45;5150_0.6060606060606061;7530_0.39473684210526316;10150_0.5	1.0	64	38.0,0.0	33.0,27.0	13.0,20.0	23.0,15.0	16.0,16.0
chrVII 590841 C -> T T|missense|MODERATE|UFD1|YGR048W|351/361|Substrate-recruiting cofactor of the Cdc48p-Npl4p-Ufd1p segregasenan	chrVII	590841	C	T	2006.0		T|missense|MODERATE|UFD1|YGR048W|351/361|Substrate-recruiting cofactor of the Cdc48p-Npl4p-Ufd1p segregase	T|missense_variant|MODERATE|YGR048W|YGR048W|transcript|TRANSCRIPT_YGR048W|protein_coding|1/1|c.1052C>T|p.Ala351Val|1052/1086|1052/1086|351/361||,T|upstream_gene_variant|MODIFIER|YGR047C|YGR047C|transcript|TRANSCRIPT_YGR047C|protein_coding||c.-1408G>A|||||1408|,T|upstream_gene_variant|MODIFIER|YGR049W|YGR049W|transcript|TRANSCRIPT_YGR049W|protein_coding||c.-437C>T|||||437|,T|upstream_gene_variant|MODIFIER|YGR052W|YGR052W|transcript|TRANSCRIPT_YGR052W|protein_coding||c.-2719C>T|||||2719|,T|downstream_gene_variant|MODIFIER|YGR046W|YGR046W|transcript|TRANSCRIPT_YGR046W|protein_coding||c.*4825C>T|||||4825|,T|downstream_gene_variant|MODIFIER|YGR050C|YGR050C|transcript|TRANSCRIPT_YGR050C|protein_coding||c.*1209G>A|||||1209|,T|downstream_gene_variant|MODIFIER|YGR051C|YGR051C|transcript|TRANSCRIPT_YGR051C|protein_coding||c.*2029G>A|||||2029|,T|downstream_gene_variant|MODIFIER|YGR053C|YGR053C|transcript|TRANSCRIPT_YGR053C|protein_coding||c.*4109G>A|||||4109|	70_0.0;1410_0.0;2640_0.0;5150_0.5588235294117647;7530_0.6101694915254238;10150_0.5384615384615384	1.0	65	37.0,0.0	48.0,0.0	15.0,19.0	23.0,36.0	18.0,21.0
chrVII 652890 T -> G G|missense|MODERATE|PDC6|YGR087C|20/563|Minor isoform of pyruvate decarboxylasenan	chrVII	652890	T	G	1542.22		G|missense|MODERATE|PDC6|YGR087C|20/563|Minor isoform of pyruvate decarboxylase	G|missense_variant|MODERATE|YGR087C|YGR087C|transcript|TRANSCRIPT_YGR087C|protein_coding|1/1|c.58A>C|p.Asn20His|58/1692|58/1692|20/563||,G|upstream_gene_variant|MODIFIER|YGR084C|YGR084C|transcript|TRANSCRIPT_YGR084C|protein_coding||c.-4786A>C|||||4786|,G|upstream_gene_variant|MODIFIER|YGR085C|YGR085C|transcript|TRANSCRIPT_YGR085C|protein_coding||c.-4021A>C|||||4021|,G|upstream_gene_variant|MODIFIER|YGR086C|YGR086C|transcript|TRANSCRIPT_YGR086C|protein_coding||c.-2310A>C|||||2310|,G|upstream_gene_variant|MODIFIER|YGR088W|YGR088W|transcript|TRANSCRIPT_YGR088W|protein_coding||c.-1709T>G|||||1709|,G|upstream_gene_variant|MODIFIER|YGR089W|YGR089W|transcript|TRANSCRIPT_YGR089W|protein_coding||c.-4034T>G|||||4034|	70_0.0;1410_0.0;2640_0.0;5150_0.0;7530_0.6;10150_0.47368421052631576	1.0	66	34.0,0.0	58.0,0.0	38.0,0.0	24.0,36.0	20.0,18.0
chrVII 1029128 TA -> T T|indel|HIGH|YTA7|YGR270W|482/1379|Protein that localizes to chromatinnan	chrVII	1029128	TA	T	1234.39		T|indel|HIGH|YTA7|YGR270W|482/1379|Protein that localizes to chromatin	T|frameshift_variant|HIGH|YGR270W|YGR270W|transcript|TRANSCRIPT_YGR270W|protein_coding|1/1|c.1444delA|p.Met482fs|1444/4140|1444/4140|482/1379||,T|upstream_gene_variant|MODIFIER|YGR267C|YGR267C|transcript|TRANSCRIPT_YGR267C|protein_coding||c.-3078delT|||||3078|,T|upstream_gene_variant|MODIFIER|YGR268C|YGR268C|transcript|TRANSCRIPT_YGR268C|protein_coding||c.-2160delT|||||2160|,T|upstream_gene_variant|MODIFIER|YGR270C-A|YGR270C-A|transcript|TRANSCRIPT_YGR270C-A|protein_coding||c.-1213delT|||||1213|,T|upstream_gene_variant|MODIFIER|YGR271W|YGR271W|transcript|TRANSCRIPT_YGR271W|protein_coding||c.-2978delA|||||2978|,T|downstream_gene_variant|MODIFIER|YGR266W|YGR266W|transcript|TRANSCRIPT_YGR266W|protein_coding||c.*4052delA|||||4052|,T|downstream_gene_variant|MODIFIER|YGR269W|YGR269W|transcript|TRANSCRIPT_YGR269W|protein_coding||c.*1851delA|||||1851|	70_0.0;1410_0.0;2640_0.0;5150_0.0;7530_0.5813953488372093;10150_0.4642857142857143	1.0	67	35.0,0.0	49.0,0.0	43.0,0.0	18.0,25.0	15.0,13.0
chrVIII 194252 C -> T T|noncoding|MODIFIER|DOG2|YHR043C||2-deoxyglucose-6-phosphate phosphatasenan	chrVIII	194252	C	T	1621.79		T|noncoding|MODIFIER|DOG2|YHR043C||2-deoxyglucose-6-phosphate phosphatase	T|upstream_gene_variant|MODIFIER|YHR041C|YHR041C|transcript|TRANSCRIPT_YHR041C|protein_coding||c.-3743G>A|||||3743|,T|upstream_gene_variant|MODIFIER|YHR043C|YHR043C|transcript|TRANSCRIPT_YHR043C|protein_coding||c.-62G>A|||||62|,T|upstream_gene_variant|MODIFIER|YHR045W|YHR045W|transcript|TRANSCRIPT_YHR045W|protein_coding||c.-1944C>T|||||1944|,T|downstream_gene_variant|MODIFIER|YHR040W|YHR040W|transcript|TRANSCRIPT_YHR040W|protein_coding||c.*4583C>T|||||4583|,T|downstream_gene_variant|MODIFIER|YHR042W|YHR042W|transcript|TRANSCRIPT_YHR042W|protein_coding||c.*989C>T|||||989|,T|downstream_gene_variant|MODIFIER|YHR044C|YHR044C|transcript|TRANSCRIPT_YHR044C|protein_coding||c.*461G>A|||||461|,T|downstream_gene_variant|MODIFIER|YHR046C|YHR046C|transcript|TRANSCRIPT_YHR046C|protein_coding||c.*3791G>A|||||3791|,T|intergenic_region|MODIFIER|YHR043C-YHR044C|YHR043C-YHR044C|intergenic_region|YHR043C-YHR044C|||n.194252C>T||||||	70_0.0;1410_0.0;2640_0.0;5150_0.5882352941176471;7530_0.6111111111111112;10150_0.5555555555555556	1.0	69	30.0,0.0	60.0,0.0	14.0,20.0	14.0,22.0	8.0,10.0
chrVIII 280085 G -> T T|missense|MODERATE|NAM8|YHR086W|430/523|RNA binding protein_ component of the U1 snRNP proteinnan	chrVIII	280085	G	T	589.66		T|missense|MODERATE|NAM8|YHR086W|430/523|RNA binding protein_ component of the U1 snRNP protein	T|missense_variant|MODERATE|YHR086W|YHR086W|transcript|TRANSCRIPT_YHR086W|protein_coding|1/1|c.1288G>T|p.Asp430Tyr|1288/1572|1288/1572|430/523||,T|upstream_gene_variant|MODIFIER|YHR086W-A|YHR086W-A|transcript|TRANSCRIPT_YHR086W-A|protein_coding||c.-791G>T|||||791|,T|upstream_gene_variant|MODIFIER|YHR087W|YHR087W|transcript|TRANSCRIPT_YHR087W|protein_coding||c.-1380G>T|||||1380|,T|upstream_gene_variant|MODIFIER|YHR088W|YHR088W|transcript|TRANSCRIPT_YHR088W|protein_coding||c.-2055G>T|||||2055|,T|downstream_gene_variant|MODIFIER|YHR084W|YHR084W|transcript|TRANSCRIPT_YHR084W|protein_coding||c.*3200G>T|||||3200|,T|downstream_gene_variant|MODIFIER|YHR085W|YHR085W|transcript|TRANSCRIPT_YHR085W|protein_coding||c.*1672G>T|||||1672|,T|downstream_gene_variant|MODIFIER|YHR089C|YHR089C|transcript|TRANSCRIPT_YHR089C|protein_coding||c.*3241C>A|||||3241|,T|downstream_gene_variant|MODIFIER|YHR090C|YHR090C|transcript|TRANSCRIPT_YHR090C|protein_coding||c.*4337C>A|||||4337|	70_0.0;1410_0.0;2640_0.0;5150_0.0;7530_0.0;10150_0.6923076923076923	1.0	70	38.0,0.0	56.0,0.0	37.0,0.0	53.0,0.0	8.0,18.0
chrVIII 389104 T -> C C|missense|MODERATE|DCD1|YHR144C|90/312|Deoxycytidine monophosphate (dCMP) deaminasenan	chrVIII	389104	T	C	2150.57		C|missense|MODERATE|DCD1|YHR144C|90/312|Deoxycytidine monophosphate (dCMP) deaminase	C|missense_variant|MODERATE|YHR144C|YHR144C|transcript|TRANSCRIPT_YHR144C|protein_coding|1/1|c.269A>G|p.Gln90Arg|269/939|269/939|90/312||,C|upstream_gene_variant|MODIFIER|YHR146W|YHR146W|transcript|TRANSCRIPT_YHR146W|protein_coding||c.-1842T>C|||||1842|,C|downstream_gene_variant|MODIFIER|YHR142W|YHR142W|transcript|TRANSCRIPT_YHR142W|protein_coding||c.*3970T>C|||||3970|,C|downstream_gene_variant|MODIFIER|YHR143W|YHR143W|transcript|TRANSCRIPT_YHR143W|protein_coding||c.*1971T>C|||||1971|,C|downstream_gene_variant|MODIFIER|YHR143W-A|YHR143W-A|transcript|TRANSCRIPT_YHR143W-A|protein_coding||c.*1013T>C|||||1013|,C|downstream_gene_variant|MODIFIER|YHR145C|YHR145C|transcript|TRANSCRIPT_YHR145C|protein_coding||c.*523A>G|||||523|,C|downstream_gene_variant|MODIFIER|YHR147C|YHR147C|transcript|TRANSCRIPT_YHR147C|protein_coding||c.*4181A>G|||||4181|	70_0.0;1410_0.0;2640_0.0;5150_0.0;7530_1.0;10150_1.0	1.0	71	29.0,0.0	52.0,0.0	39.0,0.0	0.0,36.0	0.0,23.0
chrVIII 550462 T -> G nannan	chrVIII	550462	T	G	495.88			G|upstream_gene_variant|MODIFIER|CDS_VIII_544610_548575|GENE_CDS_VIII_544610_548575|transcript|YHR214C-B|protein_coding||c.-470A>C|||||470|,G|upstream_gene_variant|MODIFIER|CDS_VIII_548556_549992|GENE_CDS_VIII_548556_549992|transcript|YHR214C-C|protein_coding||c.-470A>C|||||470|,G|upstream_gene_variant|MODIFIER|YHR215W|YHR215W|transcript|TRANSCRIPT_YHR215W|protein_coding||c.-2283T>G|||||2283|,G|upstream_gene_variant|MODIFIER|YHR216W|YHR216W|transcript|TRANSCRIPT_YHR216W|protein_coding||c.-4580T>G|||||4580|,G|downstream_gene_variant|MODIFIER|YHR214C-D|YHR214C-D|transcript|TRANSCRIPT_YHR214C-D|protein_coding||c.*832A>C|||||832|,G|downstream_gene_variant|MODIFIER|YHR214C-E|YHR214C-E|transcript|TRANSCRIPT_YHR214C-E|protein_coding||c.*1384A>C|||||1384|,G|intergenic_region|MODIFIER|CDS_VIII_544610_548575-YHR214C-D|GENE_CDS_VIII_544610_548575-YHR214C-D|intergenic_region|GENE_CDS_VIII_544610_548575-YHR214C-D|||n.550462T>G||||||	70_0.0;1410_0.0;2640_0.20512820512820512;5150_0.0;7530_0.0;10150_0.5	0.7222222222222222	75	42.0,0.0	31.0,8.0	20.0,0.0	46.0,0.0	5.0,5.0
chrVIII 555971 C -> T T|synonymous|LOW|IMD2|YHR216W|310/523|Inosine monophosphate dehydrogenasenan	chrVIII	555971	C	T	1307.7		T|synonymous|LOW|IMD2|YHR216W|310/523|Inosine monophosphate dehydrogenase	T|synonymous_variant|LOW|YHR216W|YHR216W|transcript|TRANSCRIPT_YHR216W|protein_coding|1/1|c.930C>T|p.Thr310Thr|930/1572|930/1572|310/523||,T|upstream_gene_variant|MODIFIER|YHR214C-D|YHR214C-D|transcript|TRANSCRIPT_YHR214C-D|protein_coding||c.-4384G>A|||||4384|,T|upstream_gene_variant|MODIFIER|YHR214C-E|YHR214C-E|transcript|TRANSCRIPT_YHR214C-E|protein_coding||c.-3826G>A|||||3826|,T|upstream_gene_variant|MODIFIER|YHR218W|YHR218W|transcript|TRANSCRIPT_YHR218W|protein_coding||c.-2689C>T|||||2689|,T|upstream_gene_variant|MODIFIER|YHR218W-A|YHR218W-A|transcript|TRANSCRIPT_YHR218W-A|protein_coding||c.-4607C>T|||||4607|,T|upstream_gene_variant|MODIFIER|YHR219W|YHR219W|transcript|TRANSCRIPT_YHR219W|protein_coding||c.-4848C>T|||||4848|,T|downstream_gene_variant|MODIFIER|YHR215W|YHR215W|transcript|TRANSCRIPT_YHR215W|protein_coding||c.*1823C>T|||||1823|,T|downstream_gene_variant|MODIFIER|YHR217C|YHR217C|transcript|TRANSCRIPT_YHR217C|protein_coding||c.*1256G>A|||||1256|	70_0.0;1410_0.0;2640_0.31746031746031744;5150_0.23684210526315788;7530_0.3157894736842105;10150_0.631578947368421	0.9636363636363636	78	31.0,0.0	43.0,20.0	29.0,9.0	26.0,12.0	7.0,12.0
chrX 349058 C -> T T|missense|MODERATE|YJL047C-A|YJL047C-A|41/44|YJL047C-Anan	chrX	349058	C	T	3105.3499999999995		T|missense|MODERATE|YJL047C-A|YJL047C-A|41/44|YJL047C-A	T|missense_variant|MODERATE|YJL047C-A|YJL047C-A|transcript|TRANSCRIPT_YJL047C-A|protein_coding|1/1|c.121G>A|p.Val41Met|121/135|121/135|41/44||,T|upstream_gene_variant|MODIFIER|YJL048C|YJL048C|transcript|TRANSCRIPT_YJL048C|protein_coding||c.-421G>A|||||421|,T|upstream_gene_variant|MODIFIER|YJL046W|YJL046W|transcript|TRANSCRIPT_YJL046W|protein_coding||c.-3328C>T|||||3328|WARNING_TRANSCRIPT_NO_START_CODON,T|downstream_gene_variant|MODIFIER|YJL050W|YJL050W|transcript|TRANSCRIPT_YJL050W|protein_coding||c.*3315C>T|||||3315|,T|downstream_gene_variant|MODIFIER|YJL049W|YJL049W|transcript|TRANSCRIPT_YJL049W|protein_coding||c.*1733C>T|||||1733|,T|downstream_gene_variant|MODIFIER|YJL047C|YJL047C|transcript|TRANSCRIPT_YJL047C|protein_coding||c.*522G>A|||||522|	70_0.0;1410_0.0;2640_0.38202247191011235;5150_0.5434782608695652;7530_0.532258064516129;10150_0.4878048780487805	1.0	81	38.0,0.0	55.0,34.0	21.0,25.0	29.0,33.0	21.0,20.0
chrX 371883 G -> A A|synonymous|LOW|NUP192|YJL039C|540/1683|Essential subunit of inner ring of nuclear pore complex (NPC)nan	chrX	371883	G	A	3485.69		A|synonymous|LOW|NUP192|YJL039C|540/1683|Essential subunit of inner ring of nuclear pore complex (NPC)	A|synonymous_variant|LOW|YJL039C|YJL039C|transcript|TRANSCRIPT_YJL039C|protein_coding|1/1|c.1620C>T|p.Ala540Ala|1620/5052|1620/5052|540/1683||,A|upstream_gene_variant|MODIFIER|YJL037W|YJL037W|transcript|TRANSCRIPT_YJL037W|protein_coding||c.-4482G>A|||||4482|,A|downstream_gene_variant|MODIFIER|YJL041W|YJL041W|transcript|TRANSCRIPT_YJL041W|protein_coding||c.*3807G>A|||||3807|,A|downstream_gene_variant|MODIFIER|YJL038C|YJL038C|transcript|TRANSCRIPT_YJL038C|protein_coding||c.*2935C>T|||||2935|	70_0.0;1410_0.0;2640_0.6727272727272727;5150_0.5135135135135135;7530_0.5576923076923077;10150_0.5853658536585366	1.0	82	38.0,0.0	18.0,37.0	18.0,19.0	23.0,29.0	17.0,24.0
chrX 596024 T -> C C|missense|MODERATE|JSN1|YJR091C|672/1091|Member of the Puf family of RNA-binding proteinsnan	chrX	596024	T	C	1455.15		C|missense|MODERATE|JSN1|YJR091C|672/1091|Member of the Puf family of RNA-binding proteins	C|missense_variant|MODERATE|YJR091C|YJR091C|transcript|TRANSCRIPT_YJR091C|protein_coding|1/1|c.2015A>G|p.Gln672Arg|2015/3276|2015/3276|672/1091||,C|upstream_gene_variant|MODIFIER|YJR090C|YJR090C|transcript|TRANSCRIPT_YJR090C|protein_coding||c.-1995A>G|||||1995|,C|upstream_gene_variant|MODIFIER|YJR092W|YJR092W|transcript|TRANSCRIPT_YJR092W|protein_coding||c.-2413T>C|||||2413|WARNING_TRANSCRIPT_MULTIPLE_STOP_CODONS	70_0.0;1410_0.0;2640_0.0;5150_0.5135135135135135;7530_0.3157894736842105;10150_0.5151515151515151	1.0	84	44.0,0.0	52.0,0.0	18.0,19.0	26.0,12.0	16.0,17.0
chrX 601484 G -> T T|missense|MODERATE|BUD4|YJR092W|1016/1446|Anillin-like protein involved in bud-site selectionnan	chrX	601484	G	T	1077.22		T|missense|MODERATE|BUD4|YJR092W|1016/1446|Anillin-like protein involved in bud-site selection	T|missense_variant|MODERATE|YJR092W|YJR092W|transcript|TRANSCRIPT_YJR092W|protein_coding|1/1|c.3048G>T|p.Arg1016Ser|3048/4343|3048/4343|1016/1446||WARNING_TRANSCRIPT_MULTIPLE_STOP_CODONS,T|upstream_gene_variant|MODIFIER|YJR091C|YJR091C|transcript|TRANSCRIPT_YJR091C|protein_coding||c.-3446C>A|||||3446|,T|downstream_gene_variant|MODIFIER|YJR093C|YJR093C|transcript|TRANSCRIPT_YJR093C|protein_coding||c.*1437C>A|||||1437|,T|downstream_gene_variant|MODIFIER|YJR094C|YJR094C|transcript|TRANSCRIPT_YJR094C|protein_coding||c.*2786C>A|||||2786|	70_0.0;1410_0.0;2640_0.0;5150_0.0;7530_0.45652173913043476;10150_0.56	1.0	85	32.0,0.0	54.0,0.0	36.0,0.0	25.0,21.0	11.0,14.0
chrXI 190919 C -> T T|synonymous|LOW|OCT1|YKL134C|186/772|Mitochondrial intermediate peptidasenan	chrXI	190919	C	T	1779.16		T|synonymous|LOW|OCT1|YKL134C|186/772|Mitochondrial intermediate peptidase	T|synonymous_variant|LOW|YKL134C|YKL134C|transcript|TRANSCRIPT_YKL134C|protein_coding|1/1|c.558G>A|p.Val186Val|558/2319|558/2319|186/772||,T|upstream_gene_variant|MODIFIER|YKL135C|YKL135C|transcript|TRANSCRIPT_YKL135C|protein_coding||c.-2246G>A|||||2246|,T|upstream_gene_variant|MODIFIER|YKL131W|YKL131W|transcript|TRANSCRIPT_YKL131W|protein_coding||c.-3593C>T|||||3593|,T|downstream_gene_variant|MODIFIER|YKL137W|YKL137W|transcript|TRANSCRIPT_YKL137W|protein_coding||c.*4594C>T|||||4594|,T|downstream_gene_variant|MODIFIER|YKL136W|YKL136W|transcript|TRANSCRIPT_YKL136W|protein_coding||c.*4072C>T|||||4072|,T|downstream_gene_variant|MODIFIER|YKL133C|YKL133C|transcript|TRANSCRIPT_YKL133C|protein_coding||c.*794G>A|||||794|,T|downstream_gene_variant|MODIFIER|YKL132C|YKL132C|transcript|TRANSCRIPT_YKL132C|protein_coding||c.*2689G>A|||||2689|,T|downstream_gene_variant|MODIFIER|YKL130C|YKL130C|transcript|TRANSCRIPT_YKL130C|protein_coding||c.*4403G>A|||||4403|	70_0.0;1410_0.0;2640_0.0;5150_0.5135135135135135;7530_0.5588235294117647;10150_0.5142857142857142	1.0	90	37.0,0.0	64.0,0.0	18.0,19.0	15.0,19.0	17.0,18.0
chrXI 332449 C -> T T|missense|MODERATE|NUP120|YKL057C|633/1037|Subunit of the Nup84p subcomplex of the nuclear pore complex (NPC)nan	chrXI	332449	C	T	842.07		T|missense|MODERATE|NUP120|YKL057C|633/1037|Subunit of the Nup84p subcomplex of the nuclear pore complex (NPC)	T|missense_variant|MODERATE|YKL057C|YKL057C|transcript|TRANSCRIPT_YKL057C|protein_coding|1/1|c.1897G>A|p.Val633Ile|1897/3114|1897/3114|633/1037||,T|upstream_gene_variant|MODIFIER|YKL060C|YKL060C|transcript|TRANSCRIPT_YKL060C|protein_coding||c.-4586G>A|||||4586|,T|upstream_gene_variant|MODIFIER|YKL059C|YKL059C|transcript|TRANSCRIPT_YKL059C|protein_coding||c.-2630G>A|||||2630|,T|downstream_gene_variant|MODIFIER|YKL058W|YKL058W|transcript|TRANSCRIPT_YKL058W|protein_coding||c.*1539C>T|||||1539|,T|downstream_gene_variant|MODIFIER|YKL056C|YKL056C|transcript|TRANSCRIPT_YKL056C|protein_coding||c.*2339G>A|||||2339|,T|downstream_gene_variant|MODIFIER|YKL055C|YKL055C|transcript|TRANSCRIPT_YKL055C|protein_coding||c.*3248G>A|||||3248|,T|downstream_gene_variant|MODIFIER|YKL054C|YKL054C|transcript|TRANSCRIPT_YKL054C|protein_coding||c.*4464G>A|||||4464|	70_0.0;1410_0.0;2640_0.0;5150_0.0;7530_0.22388059701492538;10150_0.4594594594594595	1.0	93	41.0,0.0	48.0,0.0	38.0,0.0	52.0,15.0	20.0,17.0
chrXI 371176 A -> T T|missense|MODERATE|UGP1|YKL035W|304/499|UDP-glucose pyrophosphorylase (UGPase)nan	chrXI	371176	A	T	2016.83		T|missense|MODERATE|UGP1|YKL035W|304/499|UDP-glucose pyrophosphorylase (UGPase)	T|missense_variant|MODERATE|YKL035W|YKL035W|transcript|TRANSCRIPT_YKL035W|protein_coding|1/1|c.910A>T|p.Ile304Phe|910/1500|910/1500|304/499||,T|upstream_gene_variant|MODIFIER|YKL036C|YKL036C|transcript|TRANSCRIPT_YKL036C|protein_coding||c.-880T>A|||||880|,T|upstream_gene_variant|MODIFIER|YKL034W|YKL034W|transcript|TRANSCRIPT_YKL034W|protein_coding||c.-1029A>T|||||1029|,T|upstream_gene_variant|MODIFIER|YKL033W-A|YKL033W-A|transcript|TRANSCRIPT_YKL033W-A|protein_coding||c.-3701A>T|||||3701|,T|upstream_gene_variant|MODIFIER|YKL033W|YKL033W|transcript|TRANSCRIPT_YKL033W|protein_coding||c.-4652A>T|||||4652|,T|downstream_gene_variant|MODIFIER|YKL038W|YKL038W|transcript|TRANSCRIPT_YKL038W|protein_coding||c.*1683A>T|||||1683|,T|downstream_gene_variant|MODIFIER|YKL037W|YKL037W|transcript|TRANSCRIPT_YKL037W|protein_coding||c.*1079A>T|||||1079|	70_0.0;1410_0.0;2640_0.5555555555555556;5150_0.5151515151515151;7530_0.36585365853658536;10150_0.4	0.9722222222222222	94	35.0,0.0	24.0,30.0	16.0,17.0	26.0,15.0	12.0,8.0
chrXI 374443 C -> T T|nonsense|HIGH|TUL1|YKL034W|747/758|Subunit of the DSC ubiquitin ligase complexnan	chrXI	374443	C	T	2575.25		T|nonsense|HIGH|TUL1|YKL034W|747/758|Subunit of the DSC ubiquitin ligase complex	T|stop_gained|HIGH|YKL034W|YKL034W|transcript|TRANSCRIPT_YKL034W|protein_coding|1/1|c.2239C>T|p.Gln747*|2239/2277|2239/2277|747/758||,T|upstream_gene_variant|MODIFIER|YKL036C|YKL036C|transcript|TRANSCRIPT_YKL036C|protein_coding||c.-4147G>A|||||4147|,T|upstream_gene_variant|MODIFIER|YKL033W-A|YKL033W-A|transcript|TRANSCRIPT_YKL033W-A|protein_coding||c.-434C>T|||||434|,T|upstream_gene_variant|MODIFIER|YKL033W|YKL033W|transcript|TRANSCRIPT_YKL033W|protein_coding||c.-1385C>T|||||1385|,T|downstream_gene_variant|MODIFIER|YKL038W|YKL038W|transcript|TRANSCRIPT_YKL038W|protein_coding||c.*4950C>T|||||4950|,T|downstream_gene_variant|MODIFIER|YKL037W|YKL037W|transcript|TRANSCRIPT_YKL037W|protein_coding||c.*4346C>T|||||4346|,T|downstream_gene_variant|MODIFIER|YKL035W|YKL035W|transcript|TRANSCRIPT_YKL035W|protein_coding||c.*2677C>T|||||2677|	70_0.0;1410_0.0;2640_0.4583333333333333;5150_0.42105263157894735;7530_0.4727272727272727;10150_0.45161290322580644	1.0	95	32.0,0.0	39.0,33.0	22.0,16.0	29.0,26.0	17.0,14.0
chrXI 421512 A -> T T|synonymous|LOW|CCE1|YKL011C|27/353|Mitochondrial cruciform cutting endonucleasenan	chrXI	421512	A	T	766.11		T|synonymous|LOW|CCE1|YKL011C|27/353|Mitochondrial cruciform cutting endonuclease	T|synonymous_variant|LOW|YKL011C|YKL011C|transcript|TRANSCRIPT_YKL011C|protein_coding|1/1|c.81T>A|p.Ser27Ser|81/1062|81/1062|27/353||,T|upstream_gene_variant|MODIFIER|YKL014C|YKL014C|transcript|TRANSCRIPT_YKL014C|protein_coding||c.-4222T>A|||||4222|,T|upstream_gene_variant|MODIFIER|YKL013C|YKL013C|transcript|TRANSCRIPT_YKL013C|protein_coding||c.-3113T>A|||||3113|,T|downstream_gene_variant|MODIFIER|YKL012W|YKL012W|transcript|TRANSCRIPT_YKL012W|protein_coding||c.*1075A>T|||||1075|,T|downstream_gene_variant|MODIFIER|YKL010C|YKL010C|transcript|TRANSCRIPT_YKL010C|protein_coding||c.*288T>A|||||288|	70_0.0;1410_0.0;2640_0.0;5150_0.0;7530_0.23529411764705882;10150_0.43902439024390244	1.0	96	39.0,0.0	49.0,0.0	34.0,0.0	39.0,12.0	23.0,18.0
chrXII 11921 A -> G G|missense|MODERATE|YLL065W|YLL065W|64/116|YLL065Wnan	chrXII	11921	A	G	2349.92		G|missense|MODERATE|YLL065W|YLL065W|64/116|YLL065W	G|missense_variant|MODERATE|YLL065W|YLL065W|transcript|TRANSCRIPT_YLL065W|protein_coding|1/1|c.191A>G|p.Asp64Gly|191/351|191/351|64/116||,G|upstream_gene_variant|MODIFIER|YLL066C|YLL066C|transcript|TRANSCRIPT_YLL066C|protein_coding||c.-2079T>C|||||2079|,G|downstream_gene_variant|MODIFIER|YLL066W-A|YLL066W-A|transcript|TRANSCRIPT_YLL066W-A|protein_coding||c.*4947A>G|||||4947|,G|downstream_gene_variant|MODIFIER|YLL064C|YLL064C|transcript|TRANSCRIPT_YLL064C|protein_coding||c.*1167T>C|||||1167|,G|downstream_gene_variant|MODIFIER|YLL063C|YLL063C|transcript|TRANSCRIPT_YLL063C|protein_coding||c.*2732T>C|||||2732|,G|downstream_gene_variant|MODIFIER|YLL062C|YLL062C|transcript|TRANSCRIPT_YLL062C|protein_coding||c.*4723T>C|||||4723|	70_0.0;1410_0.0;2640_0.2807017543859649;5150_0.475;7530_0.3617021276595745;10150_0.4358974358974359	0.9718309859154928	100	54.0,0.0	41.0,16.0	21.0,19.0	30.0,17.0	22.0,17.0
chrXII 11943 C -> T T|synonymous|LOW|YLL065W|YLL065W|71/116|YLL065Wnan	chrXII	11943	C	T	1823.36		T|synonymous|LOW|YLL065W|YLL065W|71/116|YLL065W	T|synonymous_variant|LOW|YLL065W|YLL065W|transcript|TRANSCRIPT_YLL065W|protein_coding|1/1|c.213C>T|p.Ala71Ala|213/351|213/351|71/116||,T|upstream_gene_variant|MODIFIER|YLL066C|YLL066C|transcript|TRANSCRIPT_YLL066C|protein_coding||c.-2101G>A|||||2101|,T|downstream_gene_variant|MODIFIER|YLL066W-A|YLL066W-A|transcript|TRANSCRIPT_YLL066W-A|protein_coding||c.*4969C>T|||||4969|,T|downstream_gene_variant|MODIFIER|YLL064C|YLL064C|transcript|TRANSCRIPT_YLL064C|protein_coding||c.*1145G>A|||||1145|,T|downstream_gene_variant|MODIFIER|YLL063C|YLL063C|transcript|TRANSCRIPT_YLL063C|protein_coding||c.*2710G>A|||||2710|,T|downstream_gene_variant|MODIFIER|YLL062C|YLL062C|transcript|TRANSCRIPT_YLL062C|protein_coding||c.*4701G>A|||||4701|	70_0.0;1410_0.0;2640_0.16666666666666666;5150_0.38461538461538464;7530_0.275;10150_0.4166666666666667	1.0	100	46.0,0.0	45.0,9.0	24.0,15.0	29.0,11.0	21.0,15.0
chrXII 406273 AT -> A A|indel|HIGH|ACE2|YLR131C|371/770|Transcription factor required for septum destruction after cytokinesisnan	chrXII	406273	AT	A	3375.46		A|indel|HIGH|ACE2|YLR131C|371/770|Transcription factor required for septum destruction after cytokinesis	A|frameshift_variant|HIGH|YLR131C|YLR131C|transcript|TRANSCRIPT_YLR131C|protein_coding|1/1|c.1112delA|p.Asn371fs|1112/2313|1112/2313|371/770||,A|upstream_gene_variant|MODIFIER|YLR130C|YLR130C|transcript|TRANSCRIPT_YLR130C|protein_coding||c.-1649delA|||||1649|,A|upstream_gene_variant|MODIFIER|YLR133W|YLR133W|transcript|TRANSCRIPT_YLR133W|protein_coding||c.-2734delT|||||2734|,A|downstream_gene_variant|MODIFIER|YLR129W|YLR129W|transcript|TRANSCRIPT_YLR129W|protein_coding||c.*3223delT|||||3223|,A|downstream_gene_variant|MODIFIER|YLR132C|YLR132C|transcript|TRANSCRIPT_YLR132C|protein_coding||c.*1572delA|||||1572|	70_0.0;1410_0.0;2640_0.0;5150_0.0;7530_0.5918367346938775;10150_0.5652173913043478	0.2857142857142857	107	24.0,0.0	52.0,0.0	29.0,0.0	20.0,29.0	10.0,13.0
chrXII 1037378 A -> G G|missense|MODERATE|LEU3|YLR451W|250/886|Zinc-knuckle transcription factor_ repressor and activatornan	chrXII	1037378	A	G	3014.17		G|missense|MODERATE|LEU3|YLR451W|250/886|Zinc-knuckle transcription factor_ repressor and activator	G|missense_variant|MODERATE|YLR451W|YLR451W|transcript|TRANSCRIPT_YLR451W|protein_coding|1/1|c.748A>G|p.Arg250Gly|748/2661|748/2661|250/886||,G|downstream_gene_variant|MODIFIER|YLR449W|YLR449W|transcript|TRANSCRIPT_YLR449W|protein_coding||c.*4828A>G|||||4828|,G|downstream_gene_variant|MODIFIER|YLR450W|YLR450W|transcript|TRANSCRIPT_YLR450W|protein_coding||c.*1076A>G|||||1076|,G|downstream_gene_variant|MODIFIER|YLR452C|YLR452C|transcript|TRANSCRIPT_YLR452C|protein_coding||c.*2430T>C|||||2430|,G|downstream_gene_variant|MODIFIER|YLR453C|YLR453C|transcript|TRANSCRIPT_YLR453C|protein_coding||c.*4959T>C|||||4959|	70_0.0;1410_0.0;2640_0.0;5150_0.0;7530_0.9795918367346939;10150_1.0	1.0	114	38.0,0.0	63.0,0.0	32.0,0.0	1.0,48.0	0.0,35.0
chrXIII 171524 T -> G nannan	chrXIII	171524	T	G	344.21			G|upstream_gene_variant|MODIFIER|YML054C|YML054C|transcript|TRANSCRIPT_YML054C|protein_coding||c.-4176A>C|||||4176|,G|upstream_gene_variant|MODIFIER|YML054C-A|YML054C-A|transcript|TRANSCRIPT_YML054C-A|protein_coding||c.-3703A>C|||||3703|,G|upstream_gene_variant|MODIFIER|YML053C|YML053C|transcript|TRANSCRIPT_YML053C|protein_coding||c.-1730A>C|||||1730|,G|upstream_gene_variant|MODIFIER|YML051W|YML051W|transcript|TRANSCRIPT_YML051W|protein_coding||c.-110T>G|||||110|,G|upstream_gene_variant|MODIFIER|YML050W|YML050W|transcript|TRANSCRIPT_YML050W|protein_coding||c.-1655T>G|||||1655|,G|downstream_gene_variant|MODIFIER|YML052W|YML052W|transcript|TRANSCRIPT_YML052W|protein_coding||c.*174T>G|||||174|,G|downstream_gene_variant|MODIFIER|YML049C|YML049C|transcript|TRANSCRIPT_YML049C|protein_coding||c.*2736A>C|||||2736|,G|intergenic_region|MODIFIER|YML052W-YML051W|YML052W-YML051W|intergenic_region|YML052W-YML051W|||n.171524T>G||||||	70_0.0;1410_0.0;2640_0.0;5150_0.0;7530_0.14285714285714285;10150_0.5652173913043478	1.0	116	25.0,0.0	52.0,0.0	40.0,0.0	36.0,6.0	10.0,13.0
chrXIII 529725 T -> G G|missense|MODERATE|POM152|YMR129W|632/1337|Glycoprotein subunit of transmembrane ring of nuclear pore complexnan	chrXIII	529725	T	G	1010.22		G|missense|MODERATE|POM152|YMR129W|632/1337|Glycoprotein subunit of transmembrane ring of nuclear pore complex	G|missense_variant|MODERATE|YMR129W|YMR129W|transcript|TRANSCRIPT_YMR129W|protein_coding|1/1|c.1895T>G|p.Val632Gly|1895/4014|1895/4014|632/1337||,G|upstream_gene_variant|MODIFIER|YMR130W|YMR130W|transcript|TRANSCRIPT_YMR130W|protein_coding||c.-2421T>G|||||2421|,G|downstream_gene_variant|MODIFIER|YMR128W|YMR128W|transcript|TRANSCRIPT_YMR128W|protein_coding||c.*2199T>G|||||2199|,G|downstream_gene_variant|MODIFIER|YMR131C|YMR131C|transcript|TRANSCRIPT_YMR131C|protein_coding||c.*3465A>C|||||3465|	70_0.0;1410_0.0;2640_0.0;5150_0.0;7530_0.59375;10150_0.5833333333333334	1.0	118	33.0,0.0	56.0,0.0	43.0,0.0	13.0,19.0	10.0,14.0
chrXIII 599737 G -> C C|synonymous|LOW|ALD3|YMR169C|385/506|Cytoplasmic aldehyde dehydrogenasenan	chrXIII	599737	G	C	4496.5		C|synonymous|LOW|ALD3|YMR169C|385/506|Cytoplasmic aldehyde dehydrogenase	C|synonymous_variant|LOW|YMR169C|YMR169C|transcript|TRANSCRIPT_YMR169C|protein_coding|1/1|c.1155C>G|p.Gly385Gly|1155/1521|1155/1521|385/506||,C|upstream_gene_variant|MODIFIER|YMR168C|YMR168C|transcript|TRANSCRIPT_YMR168C|protein_coding||c.-560C>G|||||560|,C|downstream_gene_variant|MODIFIER|YMR167W|YMR167W|transcript|TRANSCRIPT_YMR167W|protein_coding||c.*2523G>C|||||2523|,C|downstream_gene_variant|MODIFIER|YMR170C|YMR170C|transcript|TRANSCRIPT_YMR170C|protein_coding||c.*1844C>G|||||1844|,C|downstream_gene_variant|MODIFIER|YMR171C|YMR171C|transcript|TRANSCRIPT_YMR171C|protein_coding||c.*4150C>G|||||4150|	70_0.0;1410_0.0;2640_0.15517241379310345;5150_1.0;7530_1.0;10150_1.0	1.0	119	38.0,0.0	49.0,9.0	0.0,36.0	0.0,48.0	0.0,36.0
chrXIII 631963 C -> G G|missense|MODERATE|RTP1|YMR185W|974/981|Protein required for the nuclear import and biogenesis of RNA pol IInan	chrXIII	631963	C	G	4674.04		G|missense|MODERATE|RTP1|YMR185W|974/981|Protein required for the nuclear import and biogenesis of RNA pol II	G|missense_variant|MODERATE|YMR185W|YMR185W|transcript|TRANSCRIPT_YMR185W|protein_coding|1/1|c.2920C>G|p.Leu974Val|2920/2946|2920/2946|974/981||,G|upstream_gene_variant|MODIFIER|YMR183C|YMR183C|transcript|TRANSCRIPT_YMR183C|protein_coding||c.-4136G>C|||||4136|,G|upstream_gene_variant|MODIFIER|YMR186W|YMR186W|transcript|TRANSCRIPT_YMR186W|protein_coding||c.-411C>G|||||411|,G|downstream_gene_variant|MODIFIER|YMR184W|YMR184W|transcript|TRANSCRIPT_YMR184W|protein_coding||c.*3159C>G|||||3159|,G|downstream_gene_variant|MODIFIER|YMR187C|YMR187C|transcript|TRANSCRIPT_YMR187C|protein_coding||c.*2745G>C|||||2745|,G|downstream_gene_variant|MODIFIER|YMR188C|YMR188C|transcript|TRANSCRIPT_YMR188C|protein_coding||c.*4347G>C|||||4347|	70_0.0;1410_0.0;2640_0.0;5150_1.0;7530_1.0;10150_1.0	1.0	120	36.0,0.0	50.0,0.0	0.0,38.0	0.0,58.0	0.0,32.0
chrXIII 866644 G -> C C|missense|MODERATE|ADE4|YMR300C|269/510|Phosphoribosylpyrophosphate amidotransferase (PRPPAT)nan	chrXIII	866644	G	C	808.23		C|missense|MODERATE|ADE4|YMR300C|269/510|Phosphoribosylpyrophosphate amidotransferase (PRPPAT)	C|missense_variant|MODERATE|YMR300C|YMR300C|transcript|TRANSCRIPT_YMR300C|protein_coding|1/1|c.806C>G|p.Pro269Arg|806/1533|806/1533|269/510||,C|upstream_gene_variant|MODIFIER|YMR299C|YMR299C|transcript|TRANSCRIPT_YMR299C|protein_coding||c.-936C>G|||||936|,C|downstream_gene_variant|MODIFIER|YMR297W|YMR297W|transcript|TRANSCRIPT_YMR297W|protein_coding||c.*2766G>C|||||2766|,C|downstream_gene_variant|MODIFIER|YMR298W|YMR298W|transcript|TRANSCRIPT_YMR298W|protein_coding||c.*2015G>C|||||2015|,C|downstream_gene_variant|MODIFIER|YMR301C|YMR301C|transcript|TRANSCRIPT_YMR301C|protein_coding||c.*1269C>G|||||1269|,C|downstream_gene_variant|MODIFIER|YMR302C|YMR302C|transcript|TRANSCRIPT_YMR302C|protein_coding||c.*3787C>G|||||3787|	70_0.0;1410_0.0;2640_0.0;5150_0.0;7530_0.20634920634920634;10150_0.5641025641025641	1.0	122	35.0,0.0	70.0,0.0	40.0,0.0	50.0,13.0	17.0,22.0
chrXIII 866965 C -> A A|missense|MODERATE|ADE4|YMR300C|162/510|Phosphoribosylpyrophosphate amidotransferase (PRPPAT)nan	chrXIII	866965	C	A	5651.43		A|missense|MODERATE|ADE4|YMR300C|162/510|Phosphoribosylpyrophosphate amidotransferase (PRPPAT)	A|missense_variant|MODERATE|YMR300C|YMR300C|transcript|TRANSCRIPT_YMR300C|protein_coding|1/1|c.485G>T|p.Gly162Val|485/1533|485/1533|162/510||,A|upstream_gene_variant|MODIFIER|YMR299C|YMR299C|transcript|TRANSCRIPT_YMR299C|protein_coding||c.-1257G>T|||||1257|,A|downstream_gene_variant|MODIFIER|YMR297W|YMR297W|transcript|TRANSCRIPT_YMR297W|protein_coding||c.*3087C>A|||||3087|,A|downstream_gene_variant|MODIFIER|YMR298W|YMR298W|transcript|TRANSCRIPT_YMR298W|protein_coding||c.*2336C>A|||||2336|,A|downstream_gene_variant|MODIFIER|YMR301C|YMR301C|transcript|TRANSCRIPT_YMR301C|protein_coding||c.*948G>T|||||948|,A|downstream_gene_variant|MODIFIER|YMR302C|YMR302C|transcript|TRANSCRIPT_YMR302C|protein_coding||c.*3466G>T|||||3466|	70_0.0;1410_0.0;2640_0.0;5150_1.0;7530_1.0;10150_1.0	1.0	123	34.0,0.0	57.0,0.0	0.0,57.0	0.0,68.0	0.0,43.0
chrXIII 867086 C -> T T|missense|MODERATE|ADE4|YMR300C|122/510|Phosphoribosylpyrophosphate amidotransferase (PRPPAT)nan	chrXIII	867086	C	T	4872.27		T|missense|MODERATE|ADE4|YMR300C|122/510|Phosphoribosylpyrophosphate amidotransferase (PRPPAT)	T|missense_variant|MODERATE|YMR300C|YMR300C|transcript|TRANSCRIPT_YMR300C|protein_coding|1/1|c.364G>A|p.Val122Ile|364/1533|364/1533|122/510||,T|upstream_gene_variant|MODIFIER|YMR299C|YMR299C|transcript|TRANSCRIPT_YMR299C|protein_coding||c.-1378G>A|||||1378|,T|downstream_gene_variant|MODIFIER|YMR297W|YMR297W|transcript|TRANSCRIPT_YMR297W|protein_coding||c.*3208C>T|||||3208|,T|downstream_gene_variant|MODIFIER|YMR298W|YMR298W|transcript|TRANSCRIPT_YMR298W|protein_coding||c.*2457C>T|||||2457|,T|downstream_gene_variant|MODIFIER|YMR301C|YMR301C|transcript|TRANSCRIPT_YMR301C|protein_coding||c.*827G>A|||||827|,T|downstream_gene_variant|MODIFIER|YMR302C|YMR302C|transcript|TRANSCRIPT_YMR302C|protein_coding||c.*3345G>A|||||3345|	70_0.0;1410_0.0;2640_0.0;5150_1.0;7530_1.0;10150_1.0	0.9847328244274808	124	34.0,0.0	57.0,0.0	0.0,42.0	0.0,54.0	0.0,33.0
chrXIII 893305 G -> T nannan	chrXIII	893305	G	T	673.25			T|upstream_gene_variant|MODIFIER|YMR308C|YMR308C|transcript|TRANSCRIPT_YMR308C|protein_coding||c.-726C>A|||||726|,T|downstream_gene_variant|MODIFIER|YMR307W|YMR307W|transcript|TRANSCRIPT_YMR307W|protein_coding||c.*4265G>T|||||4265|,T|downstream_gene_variant|MODIFIER|YMR309C|YMR309C|transcript|TRANSCRIPT_YMR309C|protein_coding||c.*38C>A|||||38|,T|downstream_gene_variant|MODIFIER|YMR310C|YMR310C|transcript|TRANSCRIPT_YMR310C|protein_coding||c.*2766C>A|||||2766|,T|downstream_gene_variant|MODIFIER|YMR311C|YMR311C|transcript|TRANSCRIPT_YMR311C|protein_coding||c.*3964C>A|||||3964|,T|intergenic_region|MODIFIER|YMR308C-YMR309C|YMR308C-YMR309C|intergenic_region|YMR308C-YMR309C|||n.893305G>T||||||	70_0.0;1410_0.0;2640_0.0;5150_0.0;7530_0.21052631578947367;10150_0.4864864864864865	1.0	125	35.0,0.0	55.0,0.0	33.0,0.0	30.0,8.0	19.0,18.0
chrXIV 6761 CACCACACCCACACCCACACCCACACCCA -> CCCACACCCACACCCACACCCACACCCA CCCACACCCACACCCACACCCACACCCA|indel|HIGH|YNL338W|YNL338W|68/118|YNL338Wnan	chrXIV	6761	CACCACACCCACACCCACACCCACACCCA	CCCACACCCACACCCACACCCACACCCA	807.73		CCCACACCCACACCCACACCCACACCCA|indel|HIGH|YNL338W|YNL338W|68/118|YNL338W	CCCACACCCACACCCACACCCACACCCA|frameshift_variant|HIGH|YNL338W|YNL338W|transcript|TRANSCRIPT_YNL338W|protein_coding|1/1|c.202delA|p.Thr68fs|202/359|202/359|68/118||WARNING_TRANSCRIPT_INCOMPLETE,CCCACACCCACACCCACACCCACACCCA|upstream_gene_variant|MODIFIER|YNL339C|YNL339C|transcript|TRANSCRIPT_YNL339C|protein_coding||c.-664delT|||||664|,CCCACACCCACACCCACACCCACACCCA|upstream_gene_variant|MODIFIER|YNL337W|YNL337W|transcript|TRANSCRIPT_YNL337W|protein_coding||c.-603delA|||||603|,CCCACACCCACACCCACACCCACACCCA|upstream_gene_variant|MODIFIER|YNL336W|YNL336W|transcript|TRANSCRIPT_YNL336W|protein_coding||c.-1769delA|||||1769|,CCCACACCCACACCCACACCCACACCCA|upstream_gene_variant|MODIFIER|YNL335W|YNL335W|transcript|TRANSCRIPT_YNL335W|protein_coding||c.-4891delA|||||4891|,CCCACACCCACACCCACACCCACACCCA|downstream_gene_variant|MODIFIER|YNL339W-A|YNL339W-A|transcript|TRANSCRIPT_YNL339W-A|protein_coding||c.*4670delA|||||4670|	70_0.0;2640_0.0;5150_0.0;7530_0.5853658536585366	0.9230769230769232	126	4.0,0.0	468.0,0.0	5.0,0.0	17.0,24.0	3.0,0.0
chrXIV 18971 C -> A A|missense|MODERATE|RPD3|YNL330C|179/433|Histone deacetylase_ component of both the Rpd3S and Rpd3L complexesnan	chrXIV	18971	C	A	1719.03		A|missense|MODERATE|RPD3|YNL330C|179/433|Histone deacetylase_ component of both the Rpd3S and Rpd3L complexes	A|missense_variant|MODERATE|YNL330C|YNL330C|transcript|TRANSCRIPT_YNL330C|protein_coding|1/1|c.536G>T|p.Arg179Ile|536/1302|536/1302|179/433||,A|upstream_gene_variant|MODIFIER|YNL331C|YNL331C|transcript|TRANSCRIPT_YNL331C|protein_coding||c.-1519G>T|||||1519|,A|downstream_gene_variant|MODIFIER|YNL333W|YNL333W|transcript|TRANSCRIPT_YNL333W|protein_coding||c.*4605C>A|||||4605|,A|downstream_gene_variant|MODIFIER|YNL332W|YNL332W|transcript|TRANSCRIPT_YNL332W|protein_coding||c.*2913C>A|||||2913|,A|downstream_gene_variant|MODIFIER|YNL329C|YNL329C|transcript|TRANSCRIPT_YNL329C|protein_coding||c.*774G>T|||||774|,A|downstream_gene_variant|MODIFIER|YNL328C|YNL328C|transcript|TRANSCRIPT_YNL328C|protein_coding||c.*4067G>T|||||4067|	70_0.0;1410_0.0;2640_0.0;5150_0.6052631578947368;7530_0.5217391304347826;10150_0.4	1.0	127	30.0,0.0	73.0,0.0	15.0,23.0	22.0,24.0	24.0,16.0
chrXIV 215833 G -> A A|missense|MODERATE|CSL4|YNL232W|227/292|Exosome non-catalytic core componentnan	chrXIV	215833	G	A	940.14		A|missense|MODERATE|CSL4|YNL232W|227/292|Exosome non-catalytic core component	A|missense_variant|MODERATE|YNL232W|YNL232W|transcript|TRANSCRIPT_YNL232W|protein_coding|1/1|c.680G>A|p.Gly227Glu|680/879|680/879|227/292||,A|downstream_gene_variant|MODIFIER|YNL234W|YNL234W|transcript|TRANSCRIPT_YNL234W|protein_coding||c.*4089G>A|||||4089|,A|downstream_gene_variant|MODIFIER|YNL233W|YNL233W|transcript|TRANSCRIPT_YNL233W|protein_coding||c.*1002G>A|||||1002|,A|downstream_gene_variant|MODIFIER|YNL231C|YNL231C|transcript|TRANSCRIPT_YNL231C|protein_coding||c.*385C>T|||||385|,A|downstream_gene_variant|MODIFIER|YNL230C|YNL230C|transcript|TRANSCRIPT_YNL230C|protein_coding||c.*1921C>T|||||1921|,A|downstream_gene_variant|MODIFIER|YNL229C|YNL229C|transcript|TRANSCRIPT_YNL229C|protein_coding||c.*3535C>T|||||3535|	70_0.0;1410_0.0;2640_0.0;5150_0.0;7530_0.32653061224489793;10150_0.4722222222222222	1.0	129	33.0,0.0	51.0,0.0	39.0,0.0	33.0,16.0	19.0,17.0
chrXIV 242776 C -> T T|missense|MODERATE|RAP1|YNL216W|286/827|Essential DNA-binding transcription regulator that binds many locinan	chrXIV	242776	C	T	1405.12		T|missense|MODERATE|RAP1|YNL216W|286/827|Essential DNA-binding transcription regulator that binds many loci	T|missense_variant|MODERATE|YNL216W|YNL216W|transcript|TRANSCRIPT_YNL216W|protein_coding|1/1|c.856C>T|p.His286Tyr|856/2484|856/2484|286/827||,T|upstream_gene_variant|MODIFIER|YNL219C|YNL219C|transcript|TRANSCRIPT_YNL219C|protein_coding||c.-4881G>A|||||4881|,T|upstream_gene_variant|MODIFIER|YNL215W|YNL215W|transcript|TRANSCRIPT_YNL215W|protein_coding||c.-1924C>T|||||1924|,T|upstream_gene_variant|MODIFIER|YNL214W|YNL214W|transcript|TRANSCRIPT_YNL214W|protein_coding||c.-3073C>T|||||3073|,T|upstream_gene_variant|MODIFIER|YNL212W|YNL212W|transcript|TRANSCRIPT_YNL212W|protein_coding||c.-4917C>T|||||4917|,T|downstream_gene_variant|MODIFIER|YNL218W|YNL218W|transcript|TRANSCRIPT_YNL218W|protein_coding||c.*2543C>T|||||2543|,T|downstream_gene_variant|MODIFIER|YNL217W|YNL217W|transcript|TRANSCRIPT_YNL217W|protein_coding||c.*1233C>T|||||1233|,T|downstream_gene_variant|MODIFIER|YNL213C|YNL213C|transcript|TRANSCRIPT_YNL213C|protein_coding||c.*3916G>A|||||3916|	70_0.0;1410_0.0;2640_0.0;5150_0.48148148148148145;7530_0.5609756097560976;10150_0.42857142857142855	1.0	130	35.0,0.0	63.0,0.0	14.0,13.0	18.0,23.0	12.0,9.0
chrXIV 286544 G -> A A|missense|MODERATE|KAR1|YNL188W|3/433|Protein involved in karyogamy and spindle pole body duplicationnan	chrXIV	286544	G	A	3297.5		A|missense|MODERATE|KAR1|YNL188W|3/433|Protein involved in karyogamy and spindle pole body duplication	A|missense_variant|MODERATE|YNL188W|YNL188W|transcript|TRANSCRIPT_YNL188W|protein_coding|1/1|c.7G>A|p.Val3Ile|7/1302|7/1302|3/433||,A|upstream_gene_variant|MODIFIER|YNL187W|YNL187W|transcript|TRANSCRIPT_YNL187W|protein_coding||c.-1680G>A|||||1680|,A|upstream_gene_variant|MODIFIER|YNL186W|YNL186W|transcript|TRANSCRIPT_YNL186W|protein_coding||c.-3184G>A|||||3184|,A|downstream_gene_variant|MODIFIER|YNL191W|YNL191W|transcript|TRANSCRIPT_YNL191W|protein_coding||c.*4806G>A|||||4806|,A|downstream_gene_variant|MODIFIER|YNL190W|YNL190W|transcript|TRANSCRIPT_YNL190W|protein_coding||c.*3305G>A|||||3305|,A|downstream_gene_variant|MODIFIER|YNL189W|YNL189W|transcript|TRANSCRIPT_YNL189W|protein_coding||c.*426G>A|||||426|	70_0.0;1410_0.0;2640_0.391304347826087;5150_0.5576923076923077;7530_0.4931506849315068;10150_0.6333333333333333	1.0	131	56.0,0.0	42.0,27.0	23.0,29.0	37.0,36.0	11.0,19.0
chrXIV 411379 A -> G G|missense|MODERATE|YNL115C|YNL115C|301/644|YNL115Cnan	chrXIV	411379	A	G	979.17		G|missense|MODERATE|YNL115C|YNL115C|301/644|YNL115C	G|missense_variant|MODERATE|YNL115C|YNL115C|transcript|TRANSCRIPT_YNL115C|protein_coding|1/1|c.902T>C|p.Leu301Ser|902/1935|902/1935|301/644||,G|upstream_gene_variant|MODIFIER|YNL113W|YNL113W|transcript|TRANSCRIPT_YNL113W|protein_coding||c.-1619A>G|||||1619|,G|upstream_gene_variant|MODIFIER|YNL112W|YNL112W|transcript|TRANSCRIPT_YNL112W|protein_coding||c.-2487A>G|||||2487|,G|downstream_gene_variant|MODIFIER|YNL117W|YNL117W|transcript|TRANSCRIPT_YNL117W|protein_coding||c.*3130A>G|||||3130|,G|downstream_gene_variant|MODIFIER|YNL116W|YNL116W|transcript|TRANSCRIPT_YNL116W|protein_coding||c.*1243A>G|||||1243|,G|downstream_gene_variant|MODIFIER|YNL114C|YNL114C|transcript|TRANSCRIPT_YNL114C|protein_coding||c.*1532T>C|||||1532|	70_0.0;1410_0.0;2640_0.0;5150_0.0;7530_0.42;10150_0.5217391304347826	1.0	134	44.0,0.0	55.0,0.0	38.0,0.0	29.0,21.0	11.0,12.0
chrXIV 679632 G -> A A|missense|MODERATE|ALG12|YNR030W|209/551|Alpha-1_6-mannosyltransferase localized to the ERnan	chrXIV	679632	G	A	2012.06		A|missense|MODERATE|ALG12|YNR030W|209/551|Alpha-1_6-mannosyltransferase localized to the ER	A|missense_variant|MODERATE|YNR030W|YNR030W|transcript|TRANSCRIPT_YNR030W|protein_coding|1/1|c.625G>A|p.Gly209Ser|625/1656|625/1656|209/551||,A|upstream_gene_variant|MODIFIER|YNR026C|YNR026C|transcript|TRANSCRIPT_YNR026C|protein_coding||c.-4734C>T|||||4734|,A|upstream_gene_variant|MODIFIER|YNR029C|YNR029C|transcript|TRANSCRIPT_YNR029C|protein_coding||c.-935C>T|||||935|,A|downstream_gene_variant|MODIFIER|YNR027W|YNR027W|transcript|TRANSCRIPT_YNR027W|protein_coding||c.*3547G>A|||||3547|,A|downstream_gene_variant|MODIFIER|YNR028W|YNR028W|transcript|TRANSCRIPT_YNR028W|protein_coding||c.*2320G>A|||||2320|,A|downstream_gene_variant|MODIFIER|YNR031C|YNR031C|transcript|TRANSCRIPT_YNR031C|protein_coding||c.*1271C>T|||||1271|	70_0.0;1410_0.0;2640_0.0;5150_0.6;7530_0.423728813559322;10150_0.6176470588235294	1.0	137	23.0,0.0	57.0,0.0	16.0,24.0	34.0,25.0	13.0,21.0
chrXIV 688475 G -> A A|missense|MODERATE|ABZ1|YNR033W|211/787|Para-aminobenzoate (PABA) synthasenan	chrXIV	688475	G	A	2653.39		A|missense|MODERATE|ABZ1|YNR033W|211/787|Para-aminobenzoate (PABA) synthase	A|missense_variant|MODERATE|YNR033W|YNR033W|transcript|TRANSCRIPT_YNR033W|protein_coding|1/1|c.632G>A|p.Cys211Tyr|632/2364|632/2364|211/787||,A|upstream_gene_variant|MODIFIER|YNR031C|YNR031C|transcript|TRANSCRIPT_YNR031C|protein_coding||c.-2833C>T|||||2833|,A|upstream_gene_variant|MODIFIER|YNR032C-A|YNR032C-A|transcript|TRANSCRIPT_YNR032C-A|protein_coding||c.-802C>T|||||802|,A|upstream_gene_variant|MODIFIER|YNR034W|YNR034W|transcript|TRANSCRIPT_YNR034W|protein_coding||c.-2055G>A|||||2055|,A|upstream_gene_variant|MODIFIER|YNR034W-A|YNR034W-A|transcript|TRANSCRIPT_YNR034W-A|protein_coding||c.-4295G>A|||||4295|,A|downstream_gene_variant|MODIFIER|YNR032W|YNR032W|transcript|TRANSCRIPT_YNR032W|protein_coding||c.*1150G>A|||||1150|,A|downstream_gene_variant|MODIFIER|YNR035C|YNR035C|transcript|TRANSCRIPT_YNR035C|protein_coding||c.*4753C>T|||||4753|	70_0.0;1410_0.0;2640_0.5135135135135135;5150_0.6136363636363636;7530_0.38636363636363635;10150_0.4	1.0	138	44.0,0.0	36.0,38.0	17.0,27.0	27.0,17.0	18.0,12.0
chrXV 80741 G -> A A|missense|MODERATE|RPL25|YOL127W|20/142|Ribosomal 60S subunit protein L25nan	chrXV	80741	G	A	3208.44		A|missense|MODERATE|RPL25|YOL127W|20/142|Ribosomal 60S subunit protein L25	A|missense_variant|MODERATE|YOL127W|YOL127W|transcript|TRANSCRIPT_YOL127W|protein_coding|2/2|c.58G>A|p.Gly20Ser|58/429|58/429|20/142||,A|upstream_gene_variant|MODIFIER|YOL128C|YOL128C|transcript|TRANSCRIPT_YOL128C|protein_coding||c.-1340C>T|||||1340|,A|upstream_gene_variant|MODIFIER|YOL125W|YOL125W|transcript|TRANSCRIPT_YOL125W|protein_coding||c.-3015G>A|||||3015|,A|downstream_gene_variant|MODIFIER|YOL130W|YOL130W|transcript|TRANSCRIPT_YOL130W|protein_coding||c.*3840G>A|||||3840|,A|downstream_gene_variant|MODIFIER|YOL129W|YOL129W|transcript|TRANSCRIPT_YOL129W|protein_coding||c.*2705G>A|||||2705|,A|downstream_gene_variant|MODIFIER|YOL126C|YOL126C|transcript|TRANSCRIPT_YOL126C|protein_coding||c.*968C>T|||||968|,A|downstream_gene_variant|MODIFIER|YOL124C|YOL124C|transcript|TRANSCRIPT_YOL124C|protein_coding||c.*4637C>T|||||4637|	70_0.0;1410_0.0;2640_0.5362318840579711;5150_0.4166666666666667;7530_0.6190476190476191;10150_0.5357142857142857	1.0	139	47.0,0.0	32.0,37.0	28.0,20.0	24.0,39.0	13.0,15.0
chrXV 511180 G -> A A|noncoding|MODIFIER|NUP1|YOR098C||FG-nucleoporin component of central core of the nuclear pore complexnan	chrXV	511180	G	A	3382.3500000000013		A|noncoding|MODIFIER|NUP1|YOR098C||FG-nucleoporin component of central core of the nuclear pore complex	A|upstream_gene_variant|MODIFIER|YOR097C|YOR097C|transcript|TRANSCRIPT_YOR097C|protein_coding||c.-3753C>T|||||3753|,A|upstream_gene_variant|MODIFIER|YOR098C|YOR098C|transcript|TRANSCRIPT_YOR098C|protein_coding||c.-80C>T|||||80|,A|upstream_gene_variant|MODIFIER|YOR099W|YOR099W|transcript|TRANSCRIPT_YOR099W|protein_coding||c.-567G>A|||||567|,A|upstream_gene_variant|MODIFIER|YOR101W|YOR101W|transcript|TRANSCRIPT_YOR101W|protein_coding||c.-3986G>A|||||3986|,A|downstream_gene_variant|MODIFIER|YOR096W|YOR096W|transcript|TRANSCRIPT_YOR096W|protein_coding||c.*4491G>A|||||4491|,A|downstream_gene_variant|MODIFIER|YOR100C|YOR100C|transcript|TRANSCRIPT_YOR100C|protein_coding||c.*2037C>T|||||2037|,A|intergenic_region|MODIFIER|YOR098C-YOR099W|YOR098C-YOR099W|intergenic_region|YOR098C-YOR099W|||n.511180G>A||||||	70_0.0;1410_0.0;2640_0.45569620253164556;5150_0.5789473684210527;7530_0.5076923076923077;10150_0.5	1.0	144	49.0,0.0	43.0,36.0	16.0,22.0	32.0,33.0	15.0,15.0
chrXV 552208 T -> G nannan	chrXV	552208	T	G	1984.53			G|upstream_gene_variant|MODIFIER|YOR119C|YOR119C|transcript|TRANSCRIPT_YOR119C|protein_coding||c.-2040A>C|||||2040|,G|upstream_gene_variant|MODIFIER|YOR121C|YOR121C|transcript|TRANSCRIPT_YOR121C|protein_coding||c.-183A>C|||||183|,G|downstream_gene_variant|MODIFIER|YOR118W|YOR118W|transcript|TRANSCRIPT_YOR118W|protein_coding||c.*3726T>G|||||3726|,G|downstream_gene_variant|MODIFIER|YOR120W|YOR120W|transcript|TRANSCRIPT_YOR120W|protein_coding||c.*234T>G|||||234|,G|downstream_gene_variant|MODIFIER|YOR122C|YOR122C|transcript|TRANSCRIPT_YOR122C|protein_coding||c.*12A>C|||||12|,G|downstream_gene_variant|MODIFIER|YOR123C|YOR123C|transcript|TRANSCRIPT_YOR123C|protein_coding||c.*890A>C|||||890|,G|downstream_gene_variant|MODIFIER|YOR124C|YOR124C|transcript|TRANSCRIPT_YOR124C|protein_coding||c.*2538A>C|||||2538|,G|intergenic_region|MODIFIER|YOR121C-YOR122C|YOR121C-YOR122C|intergenic_region|YOR121C-YOR122C|||n.552208T>G||||||	70_0.0;1410_0.0;2640_0.37735849056603776;5150_0.5;7530_0.38461538461538464;10150_0.42857142857142855	1.0	145	27.0,0.0	33.0,20.0	17.0,17.0	32.0,20.0	16.0,12.0
chrXV 724748 A -> C nannan	chrXV	724748	A	C	1075.06			C|upstream_gene_variant|MODIFIER|YOR198C|YOR198C|transcript|TRANSCRIPT_YOR198C|protein_coding||c.-4760T>G|||||4760|,C|upstream_gene_variant|MODIFIER|YOR201C|YOR201C|transcript|TRANSCRIPT_YOR201C|protein_coding||c.-3117T>G|||||3117|,C|upstream_gene_variant|MODIFIER|YOR206W|YOR206W|transcript|TRANSCRIPT_YOR206W|protein_coding||c.-2350A>C|||||2350|,C|downstream_gene_variant|MODIFIER|YOR199W|YOR199W|transcript|TRANSCRIPT_YOR199W|protein_coding||c.*4315A>C|||||4315|,C|downstream_gene_variant|MODIFIER|YOR200W|YOR200W|transcript|TRANSCRIPT_YOR200W|protein_coding||c.*4010A>C|||||4010|,C|downstream_gene_variant|MODIFIER|YOR202W|YOR202W|transcript|TRANSCRIPT_YOR202W|protein_coding||c.*2554A>C|||||2554|WARNING_TRANSCRIPT_MULTIPLE_STOP_CODONS,C|downstream_gene_variant|MODIFIER|YOR203W|YOR203W|transcript|TRANSCRIPT_YOR203W|protein_coding||c.*2244A>C|||||2244|,C|downstream_gene_variant|MODIFIER|YOR204W|YOR204W|transcript|TRANSCRIPT_YOR204W|protein_coding||c.*437A>C|||||437|,C|downstream_gene_variant|MODIFIER|YOR205C|YOR205C|transcript|TRANSCRIPT_YOR205C|protein_coding||c.*402T>G|||||402|,C|downstream_gene_variant|MODIFIER|YOR207C|YOR207C|transcript|TRANSCRIPT_YOR207C|protein_coding||c.*4846T>G|||||4846|,C|intergenic_region|MODIFIER|YOR204W-YOR205C|YOR204W-YOR205C|intergenic_region|YOR204W-YOR205C|||n.724748A>C||||||	70_0.0;1410_0.0;2640_0.0;5150_0.0;7530_0.3142857142857143;10150_0.45454545454545453	1.0	147	46.0,0.0	54.0,0.0	38.0,0.0	48.0,22.0	24.0,20.0
chrXVI 225563 C -> A A|missense|MODERATE|COX10|YPL172C|54/462|Heme A:farnesyltransferasenan	chrXVI	225563	C	A	895.25		A|missense|MODERATE|COX10|YPL172C|54/462|Heme A:farnesyltransferase	A|missense_variant|MODERATE|YPL172C|YPL172C|transcript|TRANSCRIPT_YPL172C|protein_coding|1/1|c.162G>T|p.Gln54His|162/1389|162/1389|54/462||,A|upstream_gene_variant|MODIFIER|YPL174C|YPL174C|transcript|TRANSCRIPT_YPL174C|protein_coding||c.-2807G>T|||||2807|,A|upstream_gene_variant|MODIFIER|YPL170W|YPL170W|transcript|TRANSCRIPT_YPL170W|protein_coding||c.-2734C>A|||||2734|,A|downstream_gene_variant|MODIFIER|YPL173W|YPL173W|transcript|TRANSCRIPT_YPL173W|protein_coding||c.*1544C>A|||||1544|,A|downstream_gene_variant|MODIFIER|YPL171C|YPL171C|transcript|TRANSCRIPT_YPL171C|protein_coding||c.*589G>T|||||589|,A|downstream_gene_variant|MODIFIER|YPL169C|YPL169C|transcript|TRANSCRIPT_YPL169C|protein_coding||c.*3459G>T|||||3459|	70_0.0;1410_0.0;2640_0.0;5150_0.0;7530_0.3018867924528302;10150_0.6666666666666666	1.0	149	33.0,0.0	62.0,0.0	36.0,0.0	37.0,16.0	9.0,18.0
chrXVI 481663 A -> T T|missense|MODERATE|EGD1|YPL037C|74/157|Subunit beta1 of the nascent polypeptide-associated complex (NAC)nan	chrXVI	481663	A	T	305.63		T|missense|MODERATE|EGD1|YPL037C|74/157|Subunit beta1 of the nascent polypeptide-associated complex (NAC)	T|missense_variant|MODERATE|YPL037C|YPL037C|transcript|TRANSCRIPT_YPL037C|protein_coding|1/1|c.221T>A|p.Phe74Tyr|221/474|221/474|74/157||,T|upstream_gene_variant|MODIFIER|YPL040C|YPL040C|transcript|TRANSCRIPT_YPL040C|protein_coding||c.-2679T>A|||||2679|,T|upstream_gene_variant|MODIFIER|YPL036W|YPL036W|transcript|TRANSCRIPT_YPL036W|protein_coding||c.-1162A>T|||||1162|,T|downstream_gene_variant|MODIFIER|YPL039W|YPL039W|transcript|TRANSCRIPT_YPL039W|protein_coding||c.*1505A>T|||||1505|,T|downstream_gene_variant|MODIFIER|YPL038W-A|YPL038W-A|transcript|TRANSCRIPT_YPL038W-A|protein_coding||c.*1307A>T|||||1307|,T|downstream_gene_variant|MODIFIER|YPL038W|YPL038W|transcript|TRANSCRIPT_YPL038W|protein_coding||c.*612A>T|||||612|,T|downstream_gene_variant|MODIFIER|YPL035C|YPL035C|transcript|TRANSCRIPT_YPL035C|protein_coding||c.*4883T>A|||||4883|	70_0.0;1410_0.0;2640_0.0;5150_0.0;7530_0.0;10150_0.44	1.0	150	23.0,0.0	64.0,0.0	37.0,0.0	48.0,0.0	14.0,11.0
chrXVI 521069 ATAATAC -> A A|indel|MODERATE|SWI1|YPL016W|27/1314|Subunit of the SWI/SNF chromatin remodeling complexnan	chrXVI	521069	ATAATAC	A	167.99		A|indel|MODERATE|SWI1|YPL016W|27/1314|Subunit of the SWI/SNF chromatin remodeling complex	A|disruptive_inframe_deletion|MODERATE|YPL016W|YPL016W|transcript|TRANSCRIPT_YPL016W|protein_coding|1/1|c.80_85delCTAATA|p.Thr27_Asn28del|80/3945|80/3945|27/1314||INFO_REALIGN_3_PRIME,A|upstream_gene_variant|MODIFIER|YPL019C|YPL019C|transcript|TRANSCRIPT_YPL019C|protein_coding||c.-4075_-4070delGTATTA|||||4070|,A|upstream_gene_variant|MODIFIER|YPL017C|YPL017C|transcript|TRANSCRIPT_YPL017C|protein_coding||c.-860_-855delGTATTA|||||855|,A|downstream_gene_variant|MODIFIER|YPL018W|YPL018W|transcript|TRANSCRIPT_YPL018W|protein_coding||c.*2328_*2333delTAATAC|||||2328|,A|downstream_gene_variant|MODIFIER|YPL015C|YPL015C|transcript|TRANSCRIPT_YPL015C|protein_coding||c.*4717_*4722delGTATTA|||||4722|	2640_0.0;5150_0.0;7530_0.46153846153846156	1.0	151	4.0,0.0	8.0,0.0	6.0,0.0	7.0,6.0	2.0,0.0
chrXVI 549755 A -> G G|missense|MODERATE|AEP3|YPL005W|430/606|Peripheral mitochondrial inner membrane proteinnan	chrXVI	549755	A	G	3056.99		G|missense|MODERATE|AEP3|YPL005W|430/606|Peripheral mitochondrial inner membrane protein	G|missense_variant|MODERATE|YPL005W|YPL005W|transcript|TRANSCRIPT_YPL005W|protein_coding|1/1|c.1288A>G|p.Ile430Val|1288/1821|1288/1821|430/606||,G|upstream_gene_variant|MODIFIER|YPL003W|YPL003W|transcript|TRANSCRIPT_YPL003W|protein_coding||c.-2247A>G|||||2247|,G|upstream_gene_variant|MODIFIER|YPL001W|YPL001W|transcript|TRANSCRIPT_YPL001W|protein_coding||c.-4832A>G|||||4832|,G|downstream_gene_variant|MODIFIER|YPL006W|YPL006W|transcript|TRANSCRIPT_YPL006W|protein_coding||c.*1630A>G|||||1630|,G|downstream_gene_variant|MODIFIER|YPL004C|YPL004C|transcript|TRANSCRIPT_YPL004C|protein_coding||c.*859T>C|||||859|,G|downstream_gene_variant|MODIFIER|YPL002C|YPL002C|transcript|TRANSCRIPT_YPL002C|protein_coding||c.*3854T>C|||||3854|	70_0.18;1410_0.0;2640_0.40350877192982454;5150_0.7297297297297297;7530_0.627906976744186;10150_0.4666666666666667	1.0	152	34.0,0.0	34.0,23.0	10.0,27.0	16.0,27.0	16.0,14.0
chrXVI 581158 C -> T T|synonymous|LOW|RPA135|YPR010C|7/1203|RNA polymerase I second largest subunit A135nan	chrXVI	581158	C	T	504.29		T|synonymous|LOW|RPA135|YPR010C|7/1203|RNA polymerase I second largest subunit A135	T|synonymous_variant|LOW|YPR010C|YPR010C|transcript|TRANSCRIPT_YPR010C|protein_coding|1/1|c.21G>A|p.Pro7Pro|21/3612|21/3612|7/1203||,T|upstream_gene_variant|MODIFIER|YPR012W|YPR012W|transcript|TRANSCRIPT_YPR012W|protein_coding||c.-3133C>T|||||3133|,T|downstream_gene_variant|MODIFIER|YPR009W|YPR009W|transcript|TRANSCRIPT_YPR009W|protein_coding||c.*3818C>T|||||3818|,T|downstream_gene_variant|MODIFIER|YPR010C-A|YPR010C-A|transcript|TRANSCRIPT_YPR010C-A|protein_coding||c.*1197G>A|||||1197|,T|downstream_gene_variant|MODIFIER|YPR011C|YPR011C|transcript|TRANSCRIPT_YPR011C|protein_coding||c.*1886G>A|||||1886|,T|downstream_gene_variant|MODIFIER|YPR013C|YPR013C|transcript|TRANSCRIPT_YPR013C|protein_coding||c.*3456G>A|||||3456|	70_0.0;1410_0.0;2640_0.0;5150_0.0;7530_0.1527777777777778;10150_0.4827586206896552	1.0	153	44.0,0.0	63.0,0.0	40.0,0.0	61.0,11.0	15.0,14.0
chrXVI 612343 G -> T T|missense|MODERATE|YME1|YPR024W|627/747|Catalytic subunit of i-AAA protease complexnan	chrXVI	612343	G	T	679.03		T|missense|MODERATE|YME1|YPR024W|627/747|Catalytic subunit of i-AAA protease complex	T|missense_variant|MODERATE|YPR024W|YPR024W|transcript|TRANSCRIPT_YPR024W|protein_coding|1/1|c.1881G>T|p.Arg627Ser|1881/2244|1881/2244|627/747||,T|upstream_gene_variant|MODIFIER|YPR023C|YPR023C|transcript|TRANSCRIPT_YPR023C|protein_coding||c.-2330C>A|||||2330|,T|upstream_gene_variant|MODIFIER|YPR026W|YPR026W|transcript|TRANSCRIPT_YPR026W|protein_coding||c.-3018G>T|||||3018|,T|downstream_gene_variant|MODIFIER|YPR025C|YPR025C|transcript|TRANSCRIPT_YPR025C|protein_coding||c.*1016C>A|||||1016|	70_0.0;1410_0.0;2640_0.0;5150_0.0;7530_0.26785714285714285;10150_0.6428571428571429	1.0	154	25.0,0.0	53.0,0.0	35.0,0.0	41.0,15.0	5.0,9.0
chrXVI 758268 A -> G nannan	chrXVI	758268	A	G	298.62			G|upstream_gene_variant|MODIFIER|YPR116W|YPR116W|transcript|TRANSCRIPT_YPR116W|protein_coding||c.-362A>G|||||362|,G|upstream_gene_variant|MODIFIER|YPR117W|YPR117W|transcript|TRANSCRIPT_YPR117W|protein_coding||c.-1739A>G|||||1739|,G|downstream_gene_variant|MODIFIER|YPR114W|YPR114W|transcript|TRANSCRIPT_YPR114W|protein_coding||c.*4038A>G|||||4038|,G|downstream_gene_variant|MODIFIER|YPR115W|YPR115W|transcript|TRANSCRIPT_YPR115W|protein_coding||c.*158A>G|||||158|,G|intergenic_region|MODIFIER|YPR115W-YPR116W|YPR115W-YPR116W|intergenic_region|YPR115W-YPR116W|||n.758268A>G||||||	70_0.0;1410_0.0;2640_0.0;5150_0.0;7530_0.0;10150_0.43478260869565216	1.0	155	32.0,0.0	60.0,0.0	24.0,0.0	58.0,0.0	13.0,10.0
chrXVI 782230 C -> A A|missense|MODERATE|AXL1|YPR122W|68/1208|Haploid specific endoprotease of a-factor mating pheromonenan	chrXVI	782230	C	A	1407.22		A|missense|MODERATE|AXL1|YPR122W|68/1208|Haploid specific endoprotease of a-factor mating pheromone	A|missense_variant|MODERATE|YPR122W|YPR122W|transcript|TRANSCRIPT_YPR122W|protein_coding|1/1|c.204C>A|p.His68Gln|204/3627|204/3627|68/1208||,A|upstream_gene_variant|MODIFIER|YPR124W|YPR124W|transcript|TRANSCRIPT_YPR124W|protein_coding||c.-3960C>A|||||3960|,A|downstream_gene_variant|MODIFIER|YPR121W|YPR121W|transcript|TRANSCRIPT_YPR121W|protein_coding||c.*1947C>A|||||1947|,A|downstream_gene_variant|MODIFIER|YPR123C|YPR123C|transcript|TRANSCRIPT_YPR123C|protein_coding||c.*3893G>T|||||3893|	70_0.0;1410_0.0;2640_0.0;5150_0.5555555555555556;7530_0.5384615384615384;10150_0.5454545454545454	1.0	156	34.0,0.0	56.0,0.0	12.0,15.0	18.0,21.0	10.0,12.0
chrXVI 789418 A -> G G|noncoding|MODIFIER|YPR126C|YPR126C||YPR126Cnan	chrXVI	789418	A	G	3615.43		G|noncoding|MODIFIER|YPR126C|YPR126C||YPR126C	G|upstream_gene_variant|MODIFIER|YPR123C|YPR123C|transcript|TRANSCRIPT_YPR123C|protein_coding||c.-2861T>C|||||2861|,G|upstream_gene_variant|MODIFIER|YPR126C|YPR126C|transcript|TRANSCRIPT_YPR126C|protein_coding||c.-51T>C|||||51|,G|upstream_gene_variant|MODIFIER|YPR127W|YPR127W|transcript|TRANSCRIPT_YPR127W|protein_coding||c.-647A>G|||||647|,G|upstream_gene_variant|MODIFIER|YPR129W|YPR129W|transcript|TRANSCRIPT_YPR129W|protein_coding||c.-3251A>G|||||3251|,G|downstream_gene_variant|MODIFIER|YPR122W|YPR122W|transcript|TRANSCRIPT_YPR122W|protein_coding||c.*3765A>G|||||3765|,G|downstream_gene_variant|MODIFIER|YPR124W|YPR124W|transcript|TRANSCRIPT_YPR124W|protein_coding||c.*2008A>G|||||2008|,G|downstream_gene_variant|MODIFIER|YPR125W|YPR125W|transcript|TRANSCRIPT_YPR125W|protein_coding||c.*111A>G|||||111|,G|downstream_gene_variant|MODIFIER|YPR128C|YPR128C|transcript|TRANSCRIPT_YPR128C|protein_coding||c.*1782T>C|||||1782|,G|downstream_gene_variant|MODIFIER|YPR130C|YPR130C|transcript|TRANSCRIPT_YPR130C|protein_coding||c.*3938T>C|||||3938|,G|downstream_gene_variant|MODIFIER|YPR131C|YPR131C|transcript|TRANSCRIPT_YPR131C|protein_coding||c.*4475T>C|||||4475|,G|intergenic_region|MODIFIER|YPR126C-YPR127W|YPR126C-YPR127W|intergenic_region|YPR126C-YPR127W|||n.789418A>G||||||	70_0.0;1410_0.0;2640_0.5753424657534246;5150_0.6285714285714286;7530_0.5344827586206896;10150_0.6176470588235294	1.0	157	48.0,0.0	31.0,42.0	13.0,22.0	27.0,31.0	13.0,21.0
