	CHROM	POS	ID	REF	ALT	QUAL	ANN	FILTER	INFO	FORMAT	af_trajectory	perc_of_alt	G70_allele_counts	G1410_allele_counts	G2640_allele_counts	G5150_allele_counts	G7530_allele_counts	G10150_allele_counts
0	chrI	11873	.	CGTCTCAGCAGCTCCAGTACTGGTAGTT	C	1721.92	C|disruptive_inframe_deletion|YAL065C||nan|Putative protein of unknown function	.	AC=5;AF=4.682e-03;AN=1068;BaseQRankSum=3.09;DP=11405;ExcessHet=0.0000;FS=2.393;InbreedingCoeff=0.5191;MLEAC=4;MLEAF=3.745e-03;MQ=48.42;MQRankSum=1.16;QD=30.97;ReadPosRankSum=-1.064e+00;SOR=1.880;ANN=C|disruptive_inframe_deletion|MODERATE|YAL065C|YAL065C|transcript|TRANSCRIPT_YAL065C|protein_coding|1/1|c.51_77delAACTACCAGTACTGGAGCTGCTGAGAC|p.Thr18_Thr26del|77/387|51/387|17/128||,C|upstream_gene_variant|MODIFIER|YAL067C|YAL067C|transcript|TRANSCRIPT_YAL067C|protein_coding||c.-2885_-2859delAACTACCAGTACTGGAGCTGCTGAGAC|||||2859|,C|upstream_gene_variant|MODIFIER|YAL064W-B|YAL064W-B|transcript|TRANSCRIPT_YAL064W-B|protein_coding||c.-171_-145delGTCTCAGCAGCTCCAGTACTGGTAGTT|||||171|,C|downstream_gene_variant|MODIFIER|YAL066W|YAL066W|transcript|TRANSCRIPT_YAL066W|protein_coding||c.*1476_*1502delGTCTCAGCAGCTCCAGTACTGGTAGTT|||||1476|,C|downstream_gene_variant|MODIFIER|YAL064C-A|YAL064C-A|transcript|TRANSCRIPT_YAL064C-A|protein_coding||c.*1462_*1488delAACTACCAGTACTGGAGCTGCTGAGAC|||||1488|	GT:AD:DP:GQ:PL	70_0.0;1410_0.0;2640_0.0;5150_0.8947368421052632;7530_0.8571428571428571;10150_1.0	1.0	11,0	24,0	25,0	2,17	2,12	0,16
1	chrI	187064	.	G	A	1830.16	A|synonymous_variant|YAR031W||PRM9|Pheromone-regulated protein	.	AC=7;AF=6.518e-03;AN=1074;BaseQRankSum=1.08;DP=11416;ExcessHet=0.0000;FS=2.207;InbreedingCoeff=0.6302;MLEAC=6;MLEAF=5.587e-03;MQ=60.00;MQRankSum=0.00;QD=25.07;ReadPosRankSum=0.868;SOR=0.459;ANN=A|synonymous_variant|LOW|YAR031W|YAR031W|transcript|TRANSCRIPT_YAR031W|protein_coding|1/1|c.258G>A|p.Glu86Glu|258/897|258/897|86/298||,A|upstream_gene_variant|MODIFIER|YAR030C|YAR030C|transcript|TRANSCRIPT_YAR030C|protein_coding||c.-240C>T|||||240|,A|upstream_gene_variant|MODIFIER|YAR033W|YAR033W|transcript|TRANSCRIPT_YAR033W|protein_coding||c.-1014G>A|||||1014|,A|upstream_gene_variant|MODIFIER|YAR035W|YAR035W|transcript|TRANSCRIPT_YAR035W|protein_coding||c.-3100G>A|||||3100|,A|downstream_gene_variant|MODIFIER|YAR027W|YAR027W|transcript|TRANSCRIPT_YAR027W|protein_coding||c.*2616G>A|||||2616|,A|downstream_gene_variant|MODIFIER|YAR028W|YAR028W|transcript|TRANSCRIPT_YAR028W|protein_coding||c.*1497G>A|||||1497|,A|downstream_gene_variant|MODIFIER|YAR029W|YAR029W|transcript|TRANSCRIPT_YAR029W|protein_coding||c.*548G>A|||||548|	GT:AD:DP:GQ:PL	70_0.0;1410_0.0;2640_0.14285714285714285;5150_0.9545454545454546;7530_1.0;10150_1.0	1.0	16,0	13,0	18,3	1,21	0,11	0,19
5	chrII	177988	.	C	T	929.88	T|missense_variant|YBL022C||PIM1|ATP-dependent Lon protease	.	AC=5;AF=4.655e-03;AN=1074;BaseQRankSum=0.00;DP=10798;ExcessHet=0.0000;FS=0.000;InbreedingCoeff=0.4616;MLEAC=4;MLEAF=3.724e-03;MQ=60.00;MQRankSum=0.00;QD=32.06;ReadPosRankSum=1.59;SOR=1.061;ANN=T|missense_variant|MODERATE|YBL022C|YBL022C|transcript|TRANSCRIPT_YBL022C|protein_coding|1/1|c.3235G>A|p.Asp1079Asn|3235/3402|3235/3402|1079/1133||,T|upstream_gene_variant|MODIFIER|YBL023C|YBL023C|transcript|TRANSCRIPT_YBL023C|protein_coding||c.-515G>A|||||515|,T|upstream_gene_variant|MODIFIER|YBL020W|YBL020W|transcript|TRANSCRIPT_YBL020W|protein_coding||c.-4360C>T|||||4360|,T|downstream_gene_variant|MODIFIER|YBL024W|YBL024W|transcript|TRANSCRIPT_YBL024W|protein_coding||c.*3453C>T|||||3453|,T|downstream_gene_variant|MODIFIER|YBL021C|YBL021C|transcript|TRANSCRIPT_YBL021C|protein_coding||c.*3619G>A|||||3619|	GT:AD:DP:GQ:PL	70_0.0;1410_0.0;2640_0.0;5150_0.8888888888888888;10150_1.0	1.0	20,0	18,0	20,0	1,8	0,4	0,16
6	chrII	434664	.	T	C	1424.01	C|synonymous_variant|YBR095C||RXT2|Component of the histone deacetylase Rpd3L complex	.	AC=6;AF=5.576e-03;AN=1076;DP=10823;ExcessHet=0.0000;FS=0.000;InbreedingCoeff=0.5480;MLEAC=5;MLEAF=4.647e-03;MQ=60.00;QD=33.42;SOR=1.292;ANN=C|synonymous_variant|LOW|YBR095C|YBR095C|transcript|TRANSCRIPT_YBR095C|protein_coding|1/1|c.996A>G|p.Arg332Arg|996/1293|996/1293|332/430||,C|upstream_gene_variant|MODIFIER|YBR093C|YBR093C|transcript|TRANSCRIPT_YBR093C|protein_coding||c.-3752A>G|||||3752|,C|upstream_gene_variant|MODIFIER|YBR096W|YBR096W|transcript|TRANSCRIPT_YBR096W|protein_coding||c.-1318T>C|||||1318|,C|upstream_gene_variant|MODIFIER|YBR097W|YBR097W|transcript|TRANSCRIPT_YBR097W|protein_coding||c.-2248T>C|||||2248|,C|downstream_gene_variant|MODIFIER|YBR094W|YBR094W|transcript|TRANSCRIPT_YBR094W|protein_coding||c.*406T>C|||||406|	GT:AD:DP:GQ:PL	70_0.0;1410_0.0;2640_0.0;5150_1.0;7530_1.0;10150_1.0	1.0	16,0	15,0	13,0	0,20	0,9	0,11
7	chrII	517312	.	T	A	822.99	A|stop_lost&splice_region_variant|YBR140C||IRA1|GTPase-activating protein	.	AC=3;AF=2.783e-03;AN=1078;BaseQRankSum=0.688;DP=11533;ExcessHet=0.0061;FS=14.085;InbreedingCoeff=0.3348;MLEAC=3;MLEAF=2.783e-03;MQ=60.00;MQRankSum=0.00;QD=22.86;ReadPosRankSum=-1.028e+00;SOR=2.636;ANN=A|stop_lost&splice_region_variant|HIGH|YBR140C|YBR140C|transcript|TRANSCRIPT_YBR140C|protein_coding|1/1|c.9278A>T|p.Ter3093Leuext*?|9278/9279|9278/9279|3093/3092||,A|upstream_gene_variant|MODIFIER|YBR138C|YBR138C|transcript|TRANSCRIPT_YBR138C|protein_coding||c.-2015A>T|||||2015|,A|downstream_gene_variant|MODIFIER|YBR136W|YBR136W|transcript|TRANSCRIPT_YBR136W|protein_coding||c.*4577T>A|||||4577|,A|downstream_gene_variant|MODIFIER|YBR137W|YBR137W|transcript|TRANSCRIPT_YBR137W|protein_coding||c.*3768T>A|||||3768|,A|downstream_gene_variant|MODIFIER|YBR139W|YBR139W|transcript|TRANSCRIPT_YBR139W|protein_coding||c.*161T>A|||||161|	GT:AD:DP:GQ:PL	70_0.0;1410_0.0;2640_0.0;5150_0.0;7530_0.4117647058823529;10150_1.0	1.0	18,0	27,0	23,0	19,0	10,7	0,19
9	chrII	642986	.	G	A	1129.04		.	AC=3;AF=2.783e-03;AN=1078;BaseQRankSum=-9.720e-01;DP=13028;ExcessHet=0.0061;FS=3.248;InbreedingCoeff=0.3094;MLEAC=3;MLEAF=2.783e-03;MQ=60.00;MQRankSum=0.00;QD=28.95;ReadPosRankSum=-2.070e-01;SOR=0.404;ANN=A|upstream_gene_variant|MODIFIER|YBR208C|YBR208C|transcript|TRANSCRIPT_YBR208C|protein_coding||c.-815C>T|||||815|,A|upstream_gene_variant|MODIFIER|YBR210W|YBR210W|transcript|TRANSCRIPT_YBR210W|protein_coding||c.-2467G>A|||||2467|,A|upstream_gene_variant|MODIFIER|YBR212W|YBR212W|transcript|TRANSCRIPT_YBR212W|protein_coding||c.-4777G>A|||||4777|,A|downstream_gene_variant|MODIFIER|YBR209W|YBR209W|transcript|TRANSCRIPT_YBR209W|protein_coding||c.*125G>A|||||125|,A|downstream_gene_variant|MODIFIER|YBR211C|YBR211C|transcript|TRANSCRIPT_YBR211C|protein_coding||c.*3050C>T|||||3050|,A|intergenic_region|MODIFIER|YBR209W-YBR210W|YBR209W-YBR210W|intergenic_region|YBR209W-YBR210W|||n.642986G>A||||||	GT:AD:DP:GQ:PL	70_0.0;1410_0.0;2640_0.0;5150_0.0;7530_0.7;10150_1.0	1.0	18,0	32,0	14,0	19,0	6,14	0,19
10	chrII	649823	.	C	A	746.99		.	AC=3;AF=2.788e-03;AN=1076;BaseQRankSum=0.728;DP=13133;ExcessHet=0.0061;FS=6.831;InbreedingCoeff=0.4180;MLEAC=3;MLEAF=2.788e-03;MQ=60.00;MQRankSum=0.00;QD=26.68;ReadPosRankSum=-1.050e-01;SOR=1.769;ANN=A|upstream_gene_variant|MODIFIER|YBR211C|YBR211C|transcript|TRANSCRIPT_YBR211C|protein_coding||c.-2813G>T|||||2813|,A|upstream_gene_variant|MODIFIER|YBR213W|YBR213W|transcript|TRANSCRIPT_YBR213W|protein_coding||c.-416C>A|||||416|,A|upstream_gene_variant|MODIFIER|YBR214W|YBR214W|transcript|TRANSCRIPT_YBR214W|protein_coding||c.-1463C>A|||||1463|,A|upstream_gene_variant|MODIFIER|YBR215W|YBR215W|transcript|TRANSCRIPT_YBR215W|protein_coding||c.-3405C>A|||||3405|,A|downstream_gene_variant|MODIFIER|YBR210W|YBR210W|transcript|TRANSCRIPT_YBR210W|protein_coding||c.*3942C>A|||||3942|,A|downstream_gene_variant|MODIFIER|YBR212W|YBR212W|transcript|TRANSCRIPT_YBR212W|protein_coding||c.*48C>A|||||48|,A|intergenic_region|MODIFIER|YBR212W-YBR213W|YBR212W-YBR213W|intergenic_region|YBR212W-YBR213W|||n.649823C>A||||||	GT:AD:DP:GQ:PL	70_0.0;1410_0.0;2640_0.0;5150_0.0;7530_0.3;10150_1.0	1.0	23,0	21,0	30,0	19,0	7,3	0,18
11	chrII	692000	.	A	G	1564.18	G|missense_variant|YBR237W||PRP5|RNA helicase in the DEAD-box family	.	AC=5;AF=4.647e-03;AN=1076;BaseQRankSum=-1.718e+00;DP=11007;ExcessHet=0.0000;FS=9.303;InbreedingCoeff=0.4027;MLEAC=5;MLEAF=4.647e-03;MQ=60.00;MQRankSum=0.00;QD=29.51;ReadPosRankSum=0.00;SOR=0.042;ANN=G|missense_variant|MODERATE|YBR237W|YBR237W|transcript|TRANSCRIPT_YBR237W|protein_coding|1/1|c.155A>G|p.Glu52Gly|155/2550|155/2550|52/849||,G|upstream_gene_variant|MODIFIER|YBR236C|YBR236C|transcript|TRANSCRIPT_YBR236C|protein_coding||c.-430T>C|||||430|,G|downstream_gene_variant|MODIFIER|YBR235W|YBR235W|transcript|TRANSCRIPT_YBR235W|protein_coding||c.*1860A>G|||||1860|,G|downstream_gene_variant|MODIFIER|YBR238C|YBR238C|transcript|TRANSCRIPT_YBR238C|protein_coding||c.*2986T>C|||||2986|	GT:AD:DP:GQ:PL	70_0.0;1410_0.0;2640_0.0;5150_0.7647058823529411;7530_1.0;10150_1.0	1.0	15,0	19,0	11,0	4,13	0,23	0,13
13	chrIII	27983	.	A	T	1330.22	T|missense_variant|YCL055W||KAR4|Transcription factor required for response to pheromones	.	AC=6;AF=5.566e-03;AN=1078;DP=12134;ExcessHet=0.0000;FS=0.000;InbreedingCoeff=0.6166;MLEAC=6;MLEAF=5.566e-03;MQ=60.00;QD=30.94;SOR=0.941;ANN=T|missense_variant|MODERATE|YCL055W|YCL055W|transcript|TRANSCRIPT_YCL055W|protein_coding|1/1|c.55A>T|p.Ser19Cys|55/1008|55/1008|19/335||,T|upstream_gene_variant|MODIFIER|YCL059C|YCL059C|transcript|TRANSCRIPT_YCL059C|protein_coding||c.-4604T>A|||||4604|,T|upstream_gene_variant|MODIFIER|YCL058C|YCL058C|transcript|TRANSCRIPT_YCL058C|protein_coding||c.-4002T>A|||||4002|,T|upstream_gene_variant|MODIFIER|YCL057C-A|YCL057C-A|transcript|TRANSCRIPT_YCL057C-A|protein_coding||c.-3658T>A|||||3658|,T|upstream_gene_variant|MODIFIER|YCL056C|YCL056C|transcript|TRANSCRIPT_YCL056C|protein_coding||c.-624T>A|||||624|,T|upstream_gene_variant|MODIFIER|YCL054W|YCL054W|transcript|TRANSCRIPT_YCL054W|protein_coding||c.-3466A>T|||||3466|,T|downstream_gene_variant|MODIFIER|YCL058W-A|YCL058W-A|transcript|TRANSCRIPT_YCL058W-A|protein_coding||c.*4058A>T|||||4058|,T|downstream_gene_variant|MODIFIER|YCL057W|YCL057W|transcript|TRANSCRIPT_YCL057W|protein_coding||c.*1077A>T|||||1077|	GT:AD:DP:GQ:PL	70_0.0;1410_0.0;2640_0.0;5150_1.0;7530_1.0;10150_1.0	1.0	25,0	27,0	30,0	0,14	0,15	0,14
14	chrIII	286249	.	G	A	1747.15	A|missense_variant|YCR093W||CDC39|Subunit of the CCR4-NOT1 core complex	.	AC=6;AF=5.566e-03;AN=1078;DP=11554;ExcessHet=0.0000;FS=0.000;InbreedingCoeff=0.6391;MLEAC=6;MLEAF=5.566e-03;MQ=60.00;QD=30.34;SOR=1.473;ANN=A|missense_variant|MODERATE|YCR093W|YCR093W|transcript|TRANSCRIPT_YCR093W|protein_coding|1/1|c.6136G>A|p.Val2046Ile|6136/6327|6136/6327|2046/2108||,A|upstream_gene_variant|MODIFIER|YCR094W|YCR094W|transcript|TRANSCRIPT_YCR094W|protein_coding||c.-510G>A|||||510|,A|upstream_gene_variant|MODIFIER|YCR095W-A|YCR095W-A|transcript|TRANSCRIPT_YCR095W-A|protein_coding||c.-3387G>A|||||3387|,A|downstream_gene_variant|MODIFIER|YCR095C|YCR095C|transcript|TRANSCRIPT_YCR095C|protein_coding||c.*1918C>T|||||1918|	GT:AD:DP:GQ:PL	70_0.0;1410_0.0;2640_0.0;5150_1.0;7530_1.0;10150_1.0	1.0	21,0	20,0	22,0	0,18	0,12	0,19
16	chrIV	88952	.	G	C	1328.1	C|missense_variant|YDL207W||GLE1|Cytoplasmic nucleoporin required for polyadenylated mRNA export	.	AC=6;AF=5.576e-03;AN=1076;DP=9816;ExcessHet=0.0000;FS=0.000;InbreedingCoeff=0.5952;MLEAC=5;MLEAF=4.647e-03;MQ=60.00;QD=29.63;SOR=1.609;ANN=C|missense_variant|MODERATE|YDL207W|YDL207W|transcript|TRANSCRIPT_YDL207W|protein_coding|1/1|c.699G>C|p.Leu233Phe|699/1617|699/1617|233/538||,C|upstream_gene_variant|MODIFIER|YDL209C|YDL209C|transcript|TRANSCRIPT_YDL209C|protein_coding||c.-1720C>G|||||1720|,C|upstream_gene_variant|MODIFIER|YDL206W|YDL206W|transcript|TRANSCRIPT_YDL206W|protein_coding||c.-1230G>C|||||1230|,C|downstream_gene_variant|MODIFIER|YDL210W|YDL210W|transcript|TRANSCRIPT_YDL210W|protein_coding||c.*2961G>C|||||2961|,C|downstream_gene_variant|MODIFIER|YDL208W|YDL208W|transcript|TRANSCRIPT_YDL208W|protein_coding||c.*964G>C|||||964|,C|downstream_gene_variant|MODIFIER|YDL205C|YDL205C|transcript|TRANSCRIPT_YDL205C|protein_coding||c.*3816C>G|||||3816|	GT:AD:DP:GQ:PL	70_0.0;1410_0.0;2640_0.0;5150_1.0;7530_1.0;10150_1.0	1.0	18,0	17,0	19,0	0,16	0,7	0,14
17	chrIV	171676	.	G	C	2720.13	C|missense_variant|YDL160C||DHH1|Cytoplasmic DEAD-box helicase, stimulates mRNA decapping	.	AC=10;AF=9.294e-03;AN=1076;DP=10296;ExcessHet=0.0000;FS=0.000;InbreedingCoeff=0.7219;MLEAC=10;MLEAF=9.294e-03;MQ=60.00;QD=28.60;SOR=1.134;ANN=C|missense_variant|MODERATE|YDL160C|YDL160C|transcript|TRANSCRIPT_YDL160C|protein_coding|1/1|c.269C>G|p.Ala90Gly|269/1521|269/1521|90/506||,C|upstream_gene_variant|MODIFIER|YDL164C|YDL164C|transcript|TRANSCRIPT_YDL164C|protein_coding||c.-4415C>G|||||4415|,C|upstream_gene_variant|MODIFIER|YDL162C|YDL162C|transcript|TRANSCRIPT_YDL162C|protein_coding||c.-3955C>G|||||3955|WARNING_TRANSCRIPT_INCOMPLETE,C|upstream_gene_variant|MODIFIER|YDL160C-A|YDL160C-A|transcript|TRANSCRIPT_YDL160C-A|protein_coding||c.-2032C>G|||||2032|,C|upstream_gene_variant|MODIFIER|YDL159W-A|YDL159W-A|transcript|TRANSCRIPT_YDL159W-A|protein_coding||c.-520G>C|||||520|,C|upstream_gene_variant|MODIFIER|YDL159W|YDL159W|transcript|TRANSCRIPT_YDL159W|protein_coding||c.-819G>C|||||819|,C|upstream_gene_variant|MODIFIER|YDL156W|YDL156W|transcript|TRANSCRIPT_YDL156W|protein_coding||c.-3256G>C|||||3256|,C|downstream_gene_variant|MODIFIER|YDL163W|YDL163W|transcript|TRANSCRIPT_YDL163W|protein_coding||c.*4411G>C|||||4411|,C|downstream_gene_variant|MODIFIER|YDL161W|YDL161W|transcript|TRANSCRIPT_YDL161W|protein_coding||c.*2562G>C|||||2562|,C|downstream_gene_variant|MODIFIER|YDL159C-B|YDL159C-B|transcript|TRANSCRIPT_YDL159C-B|protein_coding||c.*1394C>G|||||1394|,C|downstream_gene_variant|MODIFIER|YDL158C|YDL158C|transcript|TRANSCRIPT_YDL158C|protein_coding||c.*2204C>G|||||2204|,C|downstream_gene_variant|MODIFIER|YDL157C|YDL157C|transcript|TRANSCRIPT_YDL157C|protein_coding||c.*2570C>G|||||2570|	GT:AD:DP:GQ:PL	70_0.0;1410_1.0;2640_1.0;5150_1.0;7530_1.0;10150_1.0	1.0	15,0	0,13	0,16	0,18	0,10	0,17
18	chrIV	172696	.	A	AG	1498.87	AG|frameshift_variant|YDL159W||STE7|Signal transducing MAP kinase kinase	.	AC=6;AF=5.576e-03;AN=1076;DP=10720;ExcessHet=0.0000;FS=0.000;InbreedingCoeff=0.5389;MLEAC=5;MLEAF=4.647e-03;MQ=60.00;QD=25.57;SOR=1.501;ANN=AG|frameshift_variant|HIGH|YDL159W|YDL159W|transcript|TRANSCRIPT_YDL159W|protein_coding|1/1|c.202_203insG|p.Lys68fs|203/1548|203/1548|68/515||,AG|upstream_gene_variant|MODIFIER|YDL162C|YDL162C|transcript|TRANSCRIPT_YDL162C|protein_coding||c.-4976_-4975insC|||||4976|WARNING_TRANSCRIPT_INCOMPLETE,AG|upstream_gene_variant|MODIFIER|YDL160C-A|YDL160C-A|transcript|TRANSCRIPT_YDL160C-A|protein_coding||c.-3053_-3052insC|||||3053|,AG|upstream_gene_variant|MODIFIER|YDL160C|YDL160C|transcript|TRANSCRIPT_YDL160C|protein_coding||c.-753_-752insC|||||753|,AG|upstream_gene_variant|MODIFIER|YDL156W|YDL156W|transcript|TRANSCRIPT_YDL156W|protein_coding||c.-2236_-2235insG|||||2235|,AG|upstream_gene_variant|MODIFIER|YDL155W|YDL155W|transcript|TRANSCRIPT_YDL155W|protein_coding||c.-4091_-4090insG|||||4090|,AG|downstream_gene_variant|MODIFIER|YDL161W|YDL161W|transcript|TRANSCRIPT_YDL161W|protein_coding||c.*3582_*3583insG|||||3583|,AG|downstream_gene_variant|MODIFIER|YDL159W-A|YDL159W-A|transcript|TRANSCRIPT_YDL159W-A|protein_coding||c.*369_*370insG|||||370|,AG|downstream_gene_variant|MODIFIER|YDL159C-B|YDL159C-B|transcript|TRANSCRIPT_YDL159C-B|protein_coding||c.*373_*374insC|||||373|,AG|downstream_gene_variant|MODIFIER|YDL158C|YDL158C|transcript|TRANSCRIPT_YDL158C|protein_coding||c.*1183_*1184insC|||||1183|,AG|downstream_gene_variant|MODIFIER|YDL157C|YDL157C|transcript|TRANSCRIPT_YDL157C|protein_coding||c.*1549_*1550insC|||||1549|;LOF=(YDL159W|YDL159W|1|1.00)	GT:AD:DP:GQ:PL	70_0.0;1410_0.0;2640_0.0;5150_1.0;7530_1.0;10150_1.0	1.0	16,0	15,0	17,0	0,13	0,9	0,17
20	chrIV	450792	.	C	A	1583.85	A|missense_variant|YDR001C||NTH1|Neutral trehalase, degrades trehalose	.	AC=9;AF=8.364e-03;AN=1076;BaseQRankSum=1.48;DP=9318;ExcessHet=0.0000;FS=4.613;InbreedingCoeff=0.4824;MLEAC=7;MLEAF=6.506e-03;MQ=60.00;MQRankSum=0.00;QD=24.75;ReadPosRankSum=-1.160e-01;SOR=0.250;ANN=A|missense_variant|MODERATE|YDR001C|YDR001C|transcript|TRANSCRIPT_YDR001C|protein_coding|1/1|c.1138G>T|p.Ala380Ser|1138/2256|1138/2256|380/751||,A|upstream_gene_variant|MODIFIER|YDL002C|YDL002C|transcript|TRANSCRIPT_YDL002C|protein_coding||c.-3760G>T|||||3760|,A|upstream_gene_variant|MODIFIER|YDR002W|YDR002W|transcript|TRANSCRIPT_YDR002W|protein_coding||c.-1707C>A|||||1707|,A|upstream_gene_variant|MODIFIER|YDR003W|YDR003W|transcript|TRANSCRIPT_YDR003W|protein_coding||c.-2784C>A|||||2784|,A|upstream_gene_variant|MODIFIER|YDR003W-A|YDR003W-A|transcript|TRANSCRIPT_YDR003W-A|protein_coding||c.-3444C>A|||||3444|,A|upstream_gene_variant|MODIFIER|YDR004W|YDR004W|transcript|TRANSCRIPT_YDR004W|protein_coding||c.-3863C>A|||||3863|,A|downstream_gene_variant|MODIFIER|YDL003W|YDL003W|transcript|TRANSCRIPT_YDL003W|protein_coding||c.*4955C>A|||||4955|,A|downstream_gene_variant|MODIFIER|YDL001W|YDL001W|transcript|TRANSCRIPT_YDL001W|protein_coding||c.*2062C>A|||||2062|	GT:AD:DP:GQ:PL	70_0.0;1410_0.1875;2640_0.9333333333333333;5150_1.0;7530_1.0;10150_1.0	1.0	17,0	13,3	1,14	0,16	0,9	0,8
24	chrIV	1168736	.	C	T	2360.02	T|missense_variant|YDR346C||SVF1|Protein with a potential role in cell survival pathways	.	AC=9;AF=8.364e-03;AN=1076;BaseQRankSum=-2.104e+00;DP=9845;ExcessHet=0.0000;FS=3.587;InbreedingCoeff=0.5110;MLEAC=9;MLEAF=8.364e-03;MQ=60.00;MQRankSum=0.00;QD=26.52;ReadPosRankSum=0.00;SOR=0.363;ANN=T|missense_variant|MODERATE|YDR346C|YDR346C|transcript|TRANSCRIPT_YDR346C|protein_coding|1/1|c.61G>A|p.Gly21Arg|61/1446|61/1446|21/481||,T|upstream_gene_variant|MODIFIER|YDR345C|YDR345C|transcript|TRANSCRIPT_YDR345C|protein_coding||c.-3939G>A|||||3939|,T|upstream_gene_variant|MODIFIER|YDR347W|YDR347W|transcript|TRANSCRIPT_YDR347W|protein_coding||c.-579C>T|||||579|,T|downstream_gene_variant|MODIFIER|YDR348C|YDR348C|transcript|TRANSCRIPT_YDR348C|protein_coding||c.*1727G>A|||||1727|,T|downstream_gene_variant|MODIFIER|YDR349C|YDR349C|transcript|TRANSCRIPT_YDR349C|protein_coding||c.*3787G>A|||||3787|	GT:AD:DP:GQ:PL	70_0.0;1410_0.20833333333333334;2640_1.0;5150_1.0;7530_1.0;10150_1.0	1.0	8,0	19,5	0,16	0,24	0,11	0,14
26	chrIV	1386355	.	G	C	835.03	C|missense_variant|YDR462W||MRPL28|Mitochondrial ribosomal protein of the large subunit	.	AC=3;AF=2.788e-03;AN=1076;BaseQRankSum=0.00;DP=11356;ExcessHet=0.0061;FS=6.828;InbreedingCoeff=0.3902;MLEAC=3;MLEAF=2.788e-03;MQ=60.00;MQRankSum=0.00;QD=26.94;ReadPosRankSum=-9.920e-01;SOR=1.179;ANN=C|missense_variant|MODERATE|YDR462W|YDR462W|transcript|TRANSCRIPT_YDR462W|protein_coding|1/1|c.147G>C|p.Met49Ile|147/444|147/444|49/147||,C|upstream_gene_variant|MODIFIER|YDR458C|YDR458C|transcript|TRANSCRIPT_YDR458C|protein_coding||c.-4173C>G|||||4173|,C|upstream_gene_variant|MODIFIER|YDR459C|YDR459C|transcript|TRANSCRIPT_YDR459C|protein_coding||c.-2776C>G|||||2776|,C|upstream_gene_variant|MODIFIER|YDR461C-A|YDR461C-A|transcript|TRANSCRIPT_YDR461C-A|protein_coding||c.-453C>G|||||453|,C|upstream_gene_variant|MODIFIER|YDR463W|YDR463W|transcript|TRANSCRIPT_YDR463W|protein_coding||c.-597G>C|||||597|,C|upstream_gene_variant|MODIFIER|YDR464W|YDR464W|transcript|TRANSCRIPT_YDR464W|protein_coding||c.-2653G>C|||||2653|,C|downstream_gene_variant|MODIFIER|YDR460W|YDR460W|transcript|TRANSCRIPT_YDR460W|protein_coding||c.*1443G>C|||||1443|,C|downstream_gene_variant|MODIFIER|YDR461W|YDR461W|transcript|TRANSCRIPT_YDR461W|protein_coding||c.*933G>C|||||933|	GT:AD:DP:GQ:PL	70_0.0;1410_0.0;2640_0.0;5150_0.0;7530_0.3333333333333333;10150_1.0	1.0	22,0	19,0	18,0	25,0	6,3	0,22
28	chrIV	1466073	.	A	G	1968.14		.	AC=7;AF=6.494e-03;AN=1078;BaseQRankSum=2.21;DP=13091;ExcessHet=0.0000;FS=2.477;InbreedingCoeff=0.6018;MLEAC=7;MLEAF=6.494e-03;MQ=60.00;MQRankSum=0.00;QD=32.80;ReadPosRankSum=1.06;SOR=0.944;ANN=G|upstream_gene_variant|MODIFIER|YDR506C|YDR506C|transcript|TRANSCRIPT_YDR506C|protein_coding||c.-4383T>C|||||4383|,G|upstream_gene_variant|MODIFIER|YDR507C|YDR507C|transcript|TRANSCRIPT_YDR507C|protein_coding||c.-151T>C|||||151|,G|upstream_gene_variant|MODIFIER|YDR509W|YDR509W|transcript|TRANSCRIPT_YDR509W|protein_coding||c.-2289A>G|||||2289|,G|upstream_gene_variant|MODIFIER|YDR510W|YDR510W|transcript|TRANSCRIPT_YDR510W|protein_coding||c.-3463A>G|||||3463|,G|upstream_gene_variant|MODIFIER|YDR511W|YDR511W|transcript|TRANSCRIPT_YDR511W|protein_coding||c.-4080A>G|||||4080|,G|downstream_gene_variant|MODIFIER|YDR508C|YDR508C|transcript|TRANSCRIPT_YDR508C|protein_coding||c.*516T>C|||||516|,G|downstream_gene_variant|MODIFIER|YDR510C-A|YDR510C-A|transcript|TRANSCRIPT_YDR510C-A|protein_coding||c.*3758T>C|||||3758|,G|downstream_gene_variant|MODIFIER|YDR512C|YDR512C|transcript|TRANSCRIPT_YDR512C|protein_coding||c.*4563T>C|||||4563|,G|intergenic_region|MODIFIER|YDR507C-YDR508C|YDR507C-YDR508C|intergenic_region|YDR507C-YDR508C|||n.1466073A>G||||||	GT:AD:DP:GQ:PL	70_0.0;1410_0.0;2640_0.85;5150_1.0;7530_1.0;10150_1.0	1.0	23,0	24,0	3,17	0,15	0,12	0,13
29	chrIX	41531	.	TA	T	2282.52	T|upstream_gene_variant|YIL160C|88|POT1|3-ketoacyl-CoA thiolase with broad chain length specificity	.	AC=7;AF=6.518e-03;AN=1074;BaseQRankSum=-1.385e+00;DP=12233;ExcessHet=0.0000;FS=1.214;InbreedingCoeff=0.5881;MLEAC=7;MLEAF=6.518e-03;MQ=60.00;MQRankSum=0.00;QD=29.03;ReadPosRankSum=-2.160e-01;SOR=0.465;ANN=T|upstream_gene_variant|MODIFIER|YIL163C|YIL163C|transcript|TRANSCRIPT_YIL163C|protein_coding||c.-4281delT|||||4281|,T|upstream_gene_variant|MODIFIER|YIL160C|YIL160C|transcript|TRANSCRIPT_YIL160C|protein_coding||c.-88delT|||||88|,T|upstream_gene_variant|MODIFIER|YIL159W|YIL159W|transcript|TRANSCRIPT_YIL159W|protein_coding||c.-293delA|||||293|,T|upstream_gene_variant|MODIFIER|YIL158W|YIL158W|transcript|TRANSCRIPT_YIL158W|protein_coding||c.-4669delA|||||4669|,T|downstream_gene_variant|MODIFIER|YIL162W|YIL162W|transcript|TRANSCRIPT_YIL162W|protein_coding||c.*2550delA|||||2550|,T|downstream_gene_variant|MODIFIER|YIL161W|YIL161W|transcript|TRANSCRIPT_YIL161W|protein_coding||c.*1392delA|||||1392|,T|intergenic_region|MODIFIER|YIL160C-YIL159W|YIL160C-YIL159W|intergenic_region|YIL160C-YIL159W|||n.41532delA||||||	GT:AD:DP:GQ:PL	70_0.0;1410_0.0;2640_0.8695652173913043;5150_1.0;7530_1.0;10150_1.0	1.0	21,0	26,0	3,20	0,16	0,11	0,15
30	chrIX	218207	.	C	T	843.02	T|missense_variant|YIL075C||RPN2|Subunit of the 26S proteasome	.	AC=3;AF=2.788e-03;AN=1076;BaseQRankSum=0.953;DP=13666;ExcessHet=0.0061;FS=3.456;InbreedingCoeff=0.4175;MLEAC=3;MLEAF=2.788e-03;MQ=60.00;MQRankSum=0.00;QD=23.42;ReadPosRankSum=-3.590e-01;SOR=0.388;ANN=T|missense_variant|MODERATE|YIL075C|YIL075C|transcript|TRANSCRIPT_YIL075C|protein_coding|1/1|c.2497G>A|p.Glu833Lys|2497/2838|2497/2838|833/945||,T|upstream_gene_variant|MODIFIER|YIL077C|YIL077C|transcript|TRANSCRIPT_YIL077C|protein_coding||c.-2251G>A|||||2251|,T|downstream_gene_variant|MODIFIER|YIL078W|YIL078W|transcript|TRANSCRIPT_YIL078W|protein_coding||c.*3501C>T|||||3501|,T|downstream_gene_variant|MODIFIER|YIL076W|YIL076W|transcript|TRANSCRIPT_YIL076W|protein_coding||c.*656C>T|||||656|,T|downstream_gene_variant|MODIFIER|YIL074C|YIL074C|transcript|TRANSCRIPT_YIL074C|protein_coding||c.*2877G>A|||||2877|,T|downstream_gene_variant|MODIFIER|YIL073C|YIL073C|transcript|TRANSCRIPT_YIL073C|protein_coding||c.*4733G>A|||||4733|	GT:AD:DP:GQ:PL	70_0.0;1410_0.0;2640_0.0;5150_0.0;7530_0.4375;10150_1.0	1.0	21,0	17,0	21,0	23,0	9,7	0,20
32	chrMito	57191	.	GC	G	645.41		.	AC=3;AF=2.783e-03;AN=1078;BaseQRankSum=-1.758e+00;DP=16958;ExcessHet=0.0061;FS=5.618;InbreedingCoeff=0.5185;MLEAC=3;MLEAF=2.783e-03;MQ=60.00;MQRankSum=0.00;QD=18.98;ReadPosRankSum=-2.930e-01;SOR=0.971;ANN=G|intergenic_region|MODIFIER|||||||||||||	GT:AD:DP:GQ:PL	70_0.0;1410_0.0;2640_0.0;5150_0.0;7530_0.5416666666666666;10150_1.0	1.0	25,0	21,0	25,0	33,0	11,13	0,10
33	chrMito	84522	.	C	G	7261.57		.	AC=12;AF=0.011;AN=1078;BaseQRankSum=-2.130e-01;DP=21436;ExcessHet=0.0000;FS=2.339;InbreedingCoeff=0.8300;MLEAC=11;MLEAF=0.010;MQ=59.91;MQRankSum=0.00;QD=21.29;ReadPosRankSum=0.169;SOR=0.544;ANN=G|intergenic_region|MODIFIER|||||||||||||	GT:AD:DP:GQ:PL	70_0.0;1410_0.0;2640_0.0;5150_0.9333333333333333;7530_1.0;10150_1.0	0.5682656826568265	36,0	34,0	36,0	3,42	0,79	0,33
34	chrV	72800	.	C	A	2554.97	A|missense_variant|YEL043W||nan|Predicted cytoskeleton protein involved in intracellular signaling	.	AC=8;AF=7.421e-03;AN=1078;BaseQRankSum=0.984;DP=11439;ExcessHet=0.0000;FS=3.757;InbreedingCoeff=0.4986;MLEAC=8;MLEAF=7.421e-03;MQ=60.00;MQRankSum=0.00;QD=28.71;ReadPosRankSum=1.62;SOR=0.321;ANN=A|missense_variant|MODERATE|YEL043W|YEL043W|transcript|TRANSCRIPT_YEL043W|protein_coding|1/1|c.2323C>A|p.Gln775Lys|2323/2871|2323/2871|775/956||,A|upstream_gene_variant|MODIFIER|YEL046C|YEL046C|transcript|TRANSCRIPT_YEL046C|protein_coding||c.-4008G>T|||||4008|,A|upstream_gene_variant|MODIFIER|YEL045C|YEL045C|transcript|TRANSCRIPT_YEL045C|protein_coding||c.-3535G>T|||||3535|,A|upstream_gene_variant|MODIFIER|YEL042W|YEL042W|transcript|TRANSCRIPT_YEL042W|protein_coding||c.-971C>A|||||971|,A|upstream_gene_variant|MODIFIER|YEL041W|YEL041W|transcript|TRANSCRIPT_YEL041W|protein_coding||c.-3144C>A|||||3144|,A|downstream_gene_variant|MODIFIER|YEL044W|YEL044W|transcript|TRANSCRIPT_YEL044W|protein_coding||c.*2543C>A|||||2543|	GT:AD:DP:GQ:PL	70_0.0;1410_0.13333333333333333;2640_0.84;5150_1.0;7530_1.0;10150_1.0	1.0	12,0	13,2	4,21	0,16	0,15	0,18
35	chrV	100277	.	C	T	783.61		.	AC=6;AF=5.566e-03;AN=1078;DP=9616;ExcessHet=0.0000;FS=0.000;InbreedingCoeff=0.4546;MLEAC=4;MLEAF=3.711e-03;MQ=60.00;QD=32.65;SOR=1.270;ANN=T|upstream_gene_variant|MODIFIER|YEL029C|YEL029C|transcript|TRANSCRIPT_YEL029C|protein_coding||c.-2481G>A|||||2481|,T|upstream_gene_variant|MODIFIER|YEL027W|YEL027W|transcript|TRANSCRIPT_YEL027W|protein_coding||c.-492C>T|||||492|,T|upstream_gene_variant|MODIFIER|YEL026W|YEL026W|transcript|TRANSCRIPT_YEL026W|protein_coding||c.-1666C>T|||||1666|,T|downstream_gene_variant|MODIFIER|YEL030W|YEL030W|transcript|TRANSCRIPT_YEL030W|protein_coding||c.*3699C>T|||||3699|,T|downstream_gene_variant|MODIFIER|YEL028W|YEL028W|transcript|TRANSCRIPT_YEL028W|protein_coding||c.*1148C>T|||||1148|,T|downstream_gene_variant|MODIFIER|YEL025C|YEL025C|transcript|TRANSCRIPT_YEL025C|protein_coding||c.*2304G>A|||||2304|,T|intergenic_region|MODIFIER|YEL028W-YEL027W|YEL028W-YEL027W|intergenic_region|YEL028W-YEL027W|||n.100277C>T||||||	GT:AD:DP:GQ:PL	70_0.0;1410_0.0;2640_0.0;5150_1.0;7530_1.0;10150_1.0	1.0	8,0	10,0	11,0	0,10	0,5	0,9
36	chrV	135525	.	GT	G	3167.0		.	AC=7;AF=6.494e-03;AN=1078;BaseQRankSum=-6.200e-01;DP=13421;ExcessHet=0.0000;FS=5.858;InbreedingCoeff=0.6795;MLEAC=7;MLEAF=6.494e-03;MQ=60.00;MQRankSum=0.00;QD=31.67;ReadPosRankSum=0.799;SOR=2.352;ANN=G|upstream_gene_variant|MODIFIER|YEL010W|YEL010W|transcript|TRANSCRIPT_YEL010W|protein_coding||c.-753delT|||||753|,G|upstream_gene_variant|MODIFIER|YEL008W|YEL008W|transcript|TRANSCRIPT_YEL008W|protein_coding||c.-4986delT|||||4986|,G|downstream_gene_variant|MODIFIER|YEL013W|YEL013W|transcript|TRANSCRIPT_YEL013W|protein_coding||c.*4965delT|||||4965|,G|downstream_gene_variant|MODIFIER|YEL012W|YEL012W|transcript|TRANSCRIPT_YEL012W|protein_coding||c.*2975delT|||||2975|,G|downstream_gene_variant|MODIFIER|YEL011W|YEL011W|transcript|TRANSCRIPT_YEL011W|protein_coding||c.*292delT|||||292|,G|downstream_gene_variant|MODIFIER|YEL009C-A|YEL009C-A|transcript|TRANSCRIPT_YEL009C-A|protein_coding||c.*845delA|||||845|,G|downstream_gene_variant|MODIFIER|YEL009C|YEL009C|transcript|TRANSCRIPT_YEL009C|protein_coding||c.*3392delA|||||3392|,G|intergenic_region|MODIFIER|YEL011W-YEL010W|YEL011W-YEL010W|intergenic_region|YEL011W-YEL010W|||n.135526delT||||||	GT:AD:DP:GQ:PL	70_0.0;1410_0.0;2640_0.875;5150_1.0;7530_1.0;10150_1.0	1.0	22,0	25,0	4,28	0,30	0,21	0,17
39	chrV	210578	.	AT	A	1535.33		.	AC=7;AF=6.494e-03;AN=1078;BaseQRankSum=1.15;DP=11551;ExcessHet=0.0000;FS=5.797;InbreedingCoeff=0.5667;MLEAC=6;MLEAF=5.566e-03;MQ=60.00;MQRankSum=0.00;QD=26.02;ReadPosRankSum=0.194;SOR=0.247;ANN=A|upstream_gene_variant|MODIFIER|YER026C|YER026C|transcript|TRANSCRIPT_YER026C|protein_coding||c.-2107delA|||||2107|,A|upstream_gene_variant|MODIFIER|YER027C|YER027C|transcript|TRANSCRIPT_YER027C|protein_coding||c.-349delA|||||349|,A|upstream_gene_variant|MODIFIER|YER030W|YER030W|transcript|TRANSCRIPT_YER030W|protein_coding||c.-2856delT|||||2856|,A|upstream_gene_variant|MODIFIER|YER032W|YER032W|transcript|TRANSCRIPT_YER032W|protein_coding||c.-4482delT|||||4482|,A|downstream_gene_variant|MODIFIER|YER025W|YER025W|transcript|TRANSCRIPT_YER025W|protein_coding||c.*3747delT|||||3747|,A|downstream_gene_variant|MODIFIER|YER028C|YER028C|transcript|TRANSCRIPT_YER028C|protein_coding||c.*111delA|||||111|,A|downstream_gene_variant|MODIFIER|YER029C|YER029C|transcript|TRANSCRIPT_YER029C|protein_coding||c.*2006delA|||||2006|,A|downstream_gene_variant|MODIFIER|YER031C|YER031C|transcript|TRANSCRIPT_YER031C|protein_coding||c.*3495delA|||||3495|,A|intergenic_region|MODIFIER|YER027C-YER028C|YER027C-YER028C|intergenic_region|YER027C-YER028C|||n.210579delT||||||	GT:AD:DP:GQ:PGT:PID:PL:PS	70_0.0;1410_0.0;2640_0.16666666666666666;5150_1.0;7530_1.0;10150_1.0	1.0	16,0	19,0	20,4	0,15	0,7	0,13
40	chrV	210584	.	T	C	1572.4		.	AC=7;AF=6.494e-03;AN=1078;BaseQRankSum=0.473;DP=11538;ExcessHet=0.0000;FS=4.031;InbreedingCoeff=0.5521;MLEAC=6;MLEAF=5.566e-03;MQ=60.00;MQRankSum=0.00;QD=26.21;ReadPosRankSum=0.260;SOR=0.318;ANN=C|upstream_gene_variant|MODIFIER|YER026C|YER026C|transcript|TRANSCRIPT_YER026C|protein_coding||c.-2112A>G|||||2112|,C|upstream_gene_variant|MODIFIER|YER027C|YER027C|transcript|TRANSCRIPT_YER027C|protein_coding||c.-354A>G|||||354|,C|upstream_gene_variant|MODIFIER|YER030W|YER030W|transcript|TRANSCRIPT_YER030W|protein_coding||c.-2851T>C|||||2851|,C|upstream_gene_variant|MODIFIER|YER032W|YER032W|transcript|TRANSCRIPT_YER032W|protein_coding||c.-4477T>C|||||4477|,C|downstream_gene_variant|MODIFIER|YER025W|YER025W|transcript|TRANSCRIPT_YER025W|protein_coding||c.*3752T>C|||||3752|,C|downstream_gene_variant|MODIFIER|YER028C|YER028C|transcript|TRANSCRIPT_YER028C|protein_coding||c.*106A>G|||||106|,C|downstream_gene_variant|MODIFIER|YER029C|YER029C|transcript|TRANSCRIPT_YER029C|protein_coding||c.*2001A>G|||||2001|,C|downstream_gene_variant|MODIFIER|YER031C|YER031C|transcript|TRANSCRIPT_YER031C|protein_coding||c.*3490A>G|||||3490|,C|intergenic_region|MODIFIER|YER027C-YER028C|YER027C-YER028C|intergenic_region|YER027C-YER028C|||n.210584T>C||||||	GT:AD:DP:GQ:PGT:PID:PL:PS	70_0.0;1410_0.0;2640_0.16;5150_1.0;7530_1.0;10150_1.0	1.0	16,0	19,0	21,4	0,15	0,8	0,12
42	chrV	490162	.	TTGTTCA	T	1447.92	T|disruptive_inframe_deletion|YER158C||nan|Protein of unknown function	.	AC=7;AF=6.506e-03;AN=1076;BaseQRankSum=-1.834e+00;DP=10552;ExcessHet=0.0000;FS=0.000;InbreedingCoeff=0.3754;MLEAC=6;MLEAF=5.576e-03;MQ=60.00;MQRankSum=0.00;QD=30.81;ReadPosRankSum=-1.480e+00;SOR=0.822;ANN=T|disruptive_inframe_deletion|MODERATE|YER158C|YER158C|transcript|TRANSCRIPT_YER158C|protein_coding|1/1|c.362_367delTGAACA|p.Met121_Asn122del|367/1722|362/1722|121/573||,T|upstream_gene_variant|MODIFIER|YER158W-A|YER158W-A|transcript|TRANSCRIPT_YER158W-A|protein_coding||c.-1275_-1270delTGTTCA|||||1275|,T|downstream_gene_variant|MODIFIER|YER157W|YER157W|transcript|TRANSCRIPT_YER157W|protein_coding||c.*3019_*3024delTGTTCA|||||3019|,T|downstream_gene_variant|MODIFIER|YER159C|YER159C|transcript|TRANSCRIPT_YER159C|protein_coding||c.*1313_*1318delTGAACA|||||1318|,T|downstream_gene_variant|MODIFIER|CDS_V_492807_496772|GENE_CDS_V_492807_496772|transcript|YER160C|protein_coding||c.*2639_*2644delTGAACA|||||2644|	GT:AD:DP:GQ:PL	70_0.0;1410_0.0;2640_0.0;5150_1.0;7530_1.0;10150_1.0	0.9487179487179488	16,0	21,0	30,0	0,13	0,11	0,13
45	chrVII	20089	.	T	TC	636.04		.	AC=3;AF=2.804e-03;AN=1070;BaseQRankSum=0.844;DP=10588;ExcessHet=0.0061;FS=0.000;InbreedingCoeff=0.3393;MLEAC=3;MLEAF=2.804e-03;MQ=60.00;MQRankSum=0.00;QD=23.56;ReadPosRankSum=1.60;SOR=0.538;ANN=TC|upstream_gene_variant|MODIFIER|YGL255W|YGL255W|transcript|TRANSCRIPT_YGL255W|protein_coding||c.-867_-866insC|||||866|,TC|upstream_gene_variant|MODIFIER|YGL254W|YGL254W|transcript|TRANSCRIPT_YGL254W|protein_coding||c.-2193_-2192insC|||||2192|,TC|upstream_gene_variant|MODIFIER|YGL253W|YGL253W|transcript|TRANSCRIPT_YGL253W|protein_coding||c.-3824_-3823insC|||||3823|,TC|downstream_gene_variant|MODIFIER|YGL256W|YGL256W|transcript|TRANSCRIPT_YGL256W|protein_coding||c.*3807_*3808insC|||||3808|,TC|intergenic_region|MODIFIER|YGL256W-YGL255W|YGL256W-YGL255W|intergenic_region|YGL256W-YGL255W|||n.20089_20090insC||||||	GT:AD:DP:GQ:PGT:PID:PL:PS	70_0.0;1410_0.0;2640_0.0;5150_0.0;7530_0.3333333333333333;10150_1.0	1.0	8,0	10,0	10,0	15,0	12,6	0,9
46	chrVII	20090	.	A	T	634.81		.	AC=3;AF=2.804e-03;AN=1070;BaseQRankSum=1.98;DP=11320;ExcessHet=0.0061;FS=1.485;InbreedingCoeff=0.4018;MLEAC=3;MLEAF=2.804e-03;MQ=60.00;MQRankSum=0.00;QD=21.89;ReadPosRankSum=0.934;SOR=0.586;ANN=T|upstream_gene_variant|MODIFIER|YGL255W|YGL255W|transcript|TRANSCRIPT_YGL255W|protein_coding||c.-866A>T|||||866|,T|upstream_gene_variant|MODIFIER|YGL254W|YGL254W|transcript|TRANSCRIPT_YGL254W|protein_coding||c.-2192A>T|||||2192|,T|upstream_gene_variant|MODIFIER|YGL253W|YGL253W|transcript|TRANSCRIPT_YGL253W|protein_coding||c.-3823A>T|||||3823|,T|downstream_gene_variant|MODIFIER|YGL256W|YGL256W|transcript|TRANSCRIPT_YGL256W|protein_coding||c.*3808A>T|||||3808|,T|intergenic_region|MODIFIER|YGL256W-YGL255W|YGL256W-YGL255W|intergenic_region|YGL256W-YGL255W|||n.20090A>T||||||	GT:AD:DP:GQ:PGT:PID:PL:PS	70_0.0;1410_0.0;2640_0.0;5150_0.0;7530_0.3684210526315789;10150_1.0	1.0	10,0	9,0	12,0	18,0	12,7	0,10
48	chrVII	180378	.	A	T	1035.35		.	AC=6;AF=5.587e-03;AN=1074;DP=9791;ExcessHet=0.0000;FS=0.000;InbreedingCoeff=0.5387;MLEAC=4;MLEAF=3.724e-03;MQ=60.00;QD=34.51;SOR=2.019;ANN=T|upstream_gene_variant|MODIFIER|YGL173C|YGL173C|transcript|TRANSCRIPT_YGL173C|protein_coding||c.-287T>A|||||287|,T|upstream_gene_variant|MODIFIER|YGL172W|YGL172W|transcript|TRANSCRIPT_YGL172W|protein_coding||c.-300A>T|||||300|,T|upstream_gene_variant|MODIFIER|YGL171W|YGL171W|transcript|TRANSCRIPT_YGL171W|protein_coding||c.-1990A>T|||||1990|,T|downstream_gene_variant|MODIFIER|YGL170C|YGL170C|transcript|TRANSCRIPT_YGL170C|protein_coding||c.*3753T>A|||||3753|,T|intergenic_region|MODIFIER|YGL173C-YGL172W|YGL173C-YGL172W|intergenic_region|YGL173C-YGL172W|||n.180378A>T||||||	GT:AD:DP:GQ:PL	70_0.0;1410_0.0;2640_0.0;5150_1.0;7530_1.0;10150_1.0	1.0	11,0	8,0	18,0	0,7	0,7	0,16
49	chrVII	252844	.	GAC	G	3954.76		.	AC=9;AF=8.349e-03;AN=1078;BaseQRankSum=0.760;DP=13240;ExcessHet=0.0000;FS=0.895;InbreedingCoeff=0.6431;MLEAC=8;MLEAF=7.421e-03;MQ=60.00;MQRankSum=0.00;QD=33.81;ReadPosRankSum=0.00;SOR=0.859;ANN=G|upstream_gene_variant|MODIFIER|YGL138C|YGL138C|transcript|TRANSCRIPT_YGL138C|protein_coding||c.-3337_-3336delGT|||||3336|,G|upstream_gene_variant|MODIFIER|YGL135W|YGL135W|transcript|TRANSCRIPT_YGL135W|protein_coding||c.-1774_-1773delAC|||||1774|,G|upstream_gene_variant|MODIFIER|YGL134W|YGL134W|transcript|TRANSCRIPT_YGL134W|protein_coding||c.-2796_-2795delAC|||||2796|,G|upstream_gene_variant|MODIFIER|YGL133W|YGL133W|transcript|TRANSCRIPT_YGL133W|protein_coding||c.-4840_-4839delAC|||||4840|,G|downstream_gene_variant|MODIFIER|YGL139W|YGL139W|transcript|TRANSCRIPT_YGL139W|protein_coding||c.*4743_*4744delAC|||||4743|,G|downstream_gene_variant|MODIFIER|YGL137W|YGL137W|transcript|TRANSCRIPT_YGL137W|protein_coding||c.*129_*130delAC|||||129|,G|downstream_gene_variant|MODIFIER|YGL136C|YGL136C|transcript|TRANSCRIPT_YGL136C|protein_coding||c.*29_*30delGT|||||30|,G|intergenic_region|MODIFIER|YGL137W-YGL136C|YGL137W-YGL136C|intergenic_region|YGL137W-YGL136C|||n.252845_252846delAC||||||	GT:AD:DP:GQ:PGT:PID:PL:PS	70_0.0;1410_0.4782608695652174;2640_0.9545454545454546;5150_1.0;7530_1.0;10150_1.0	1.0	14,0	12,11	1,21	0,18	0,19	0,25
50	chrVII	276168	.	C	G	1865.97	G|missense_variant|YGL124C||MON1|Subunit of a heterodimeric guanine nucleotide exchange factor (GEF)	.	AC=5;AF=4.647e-03;AN=1076;BaseQRankSum=-1.126e+00;DP=11336;ExcessHet=0.0000;FS=2.130;InbreedingCoeff=0.4666;MLEAC=5;MLEAF=4.647e-03;MQ=60.00;MQRankSum=0.00;QD=30.59;ReadPosRankSum=1.14;SOR=0.462;ANN=G|missense_variant|MODERATE|YGL124C|YGL124C|transcript|TRANSCRIPT_YGL124C|protein_coding|1/1|c.523G>C|p.Glu175Gln|523/1935|523/1935|175/644||,G|upstream_gene_variant|MODIFIER|YGL123W|YGL123W|transcript|TRANSCRIPT_YGL123W|protein_coding||c.-1425C>G|||||1425|,G|downstream_gene_variant|MODIFIER|YGL126W|YGL126W|transcript|TRANSCRIPT_YGL126W|protein_coding||c.*4051C>G|||||4051|,G|downstream_gene_variant|MODIFIER|YGL125W|YGL125W|transcript|TRANSCRIPT_YGL125W|protein_coding||c.*1870C>G|||||1870|,G|downstream_gene_variant|MODIFIER|YGL123C-A|YGL123C-A|transcript|TRANSCRIPT_YGL123C-A|protein_coding||c.*1442G>C|||||1442|,G|downstream_gene_variant|MODIFIER|YGL122C|YGL122C|transcript|TRANSCRIPT_YGL122C|protein_coding||c.*2754G>C|||||2754|,G|downstream_gene_variant|MODIFIER|YGL121C|YGL121C|transcript|TRANSCRIPT_YGL121C|protein_coding||c.*4585G>C|||||4585|	GT:AD:DP:GQ:PL	70_0.0;1410_0.0;2640_0.0;5150_0.8695652173913043;7530_1.0;10150_1.0	1.0	8,0	20,0	15,0	3,20	0,17	0,21
52	chrVII	552887	.	G	A	349.53	A|missense_variant|YGR032W||GSC2|Catalytic subunit of 1,3-beta-glucan synthase	.	AC=3;AF=2.788e-03;AN=1076;BaseQRankSum=1.37;DP=11082;ExcessHet=0.0061;FS=1.860;InbreedingCoeff=0.3196;MLEAC=2;MLEAF=1.859e-03;MQ=60.00;MQRankSum=0.00;QD=15.89;ReadPosRankSum=-5.930e-01;SOR=1.432;ANN=A|missense_variant|MODERATE|YGR032W|YGR032W|transcript|TRANSCRIPT_YGR032W|protein_coding|1/1|c.4660G>A|p.Gly1554Ser|4660/5688|4660/5688|1554/1895||,A|upstream_gene_variant|MODIFIER|YGR034W|YGR034W|transcript|TRANSCRIPT_YGR034W|protein_coding||c.-2889G>A|||||2889|,A|upstream_gene_variant|MODIFIER|YGR035W-A|YGR035W-A|transcript|TRANSCRIPT_YGR035W-A|protein_coding||c.-4642G>A|||||4642|,A|downstream_gene_variant|MODIFIER|YGR033C|YGR033C|transcript|TRANSCRIPT_YGR033C|protein_coding||c.*1325C>T|||||1325|,A|downstream_gene_variant|MODIFIER|YGR035C|YGR035C|transcript|TRANSCRIPT_YGR035C|protein_coding||c.*4149C>T|||||4149|	GT:AD:DP:GQ:PL	70_0.0;1410_0.0;2640_0.0;5150_0.0;7530_0.23076923076923078;10150_1.0	1.0	10,0	23,0	25,0	15,0	10,3	0,9
58	chrVII	742809	.	G	A	584.36	A|missense_variant|YGR125W||nan|Putative protein of unknown function	.	AC=3;AF=2.783e-03;AN=1078;BaseQRankSum=-1.304e+00;DP=10045;ExcessHet=0.0061;FS=1.721;InbreedingCoeff=0.1868;MLEAC=3;MLEAF=2.783e-03;MQ=60.00;MQRankSum=0.00;QD=23.37;ReadPosRankSum=0.207;SOR=0.758;ANN=A|missense_variant|MODERATE|YGR125W|YGR125W|transcript|TRANSCRIPT_YGR125W|protein_coding|1/1|c.169G>A|p.Gly57Arg|169/3111|169/3111|57/1036||,A|upstream_gene_variant|MODIFIER|YGR123C|YGR123C|transcript|TRANSCRIPT_YGR123C|protein_coding||c.-4290C>T|||||4290|,A|upstream_gene_variant|MODIFIER|YGR126W|YGR126W|transcript|TRANSCRIPT_YGR126W|protein_coding||c.-3342G>A|||||3342|,A|upstream_gene_variant|MODIFIER|YGR127W|YGR127W|transcript|TRANSCRIPT_YGR127W|protein_coding||c.-4305G>A|||||4305|,A|downstream_gene_variant|MODIFIER|YGR124W|YGR124W|transcript|TRANSCRIPT_YGR124W|protein_coding||c.*831G>A|||||831|	GT:AD:DP:GQ:PL	70_0.0;1410_0.0;2640_0.0;5150_0.0;7530_0.46153846153846156;10150_1.0	1.0	14,0	15,0	22,0	14,0	7,6	0,12
59	chrVII	784698	.	T	C	2145.84	C|synonymous_variant|YGR146C||ECL1|Protein of unknown function	.	AC=7;AF=6.506e-03;AN=1076;BaseQRankSum=0.00;DP=11703;ExcessHet=0.0000;FS=1.992;InbreedingCoeff=0.4716;MLEAC=7;MLEAF=6.506e-03;MQ=60.00;MQRankSum=0.00;QD=33.53;ReadPosRankSum=0.00;SOR=0.351;ANN=C|synonymous_variant|LOW|YGR146C|YGR146C|transcript|TRANSCRIPT_YGR146C|protein_coding|1/1|c.471A>G|p.Leu157Leu|471/636|471/636|157/211||,C|upstream_gene_variant|MODIFIER|YGR149W|YGR149W|transcript|TRANSCRIPT_YGR149W|protein_coding||c.-4643T>C|||||4643|,C|downstream_gene_variant|MODIFIER|YGR144W|YGR144W|transcript|TRANSCRIPT_YGR144W|protein_coding||c.*3009T>C|||||3009|,C|downstream_gene_variant|MODIFIER|YGR145W|YGR145W|transcript|TRANSCRIPT_YGR145W|protein_coding||c.*498T>C|||||498|,C|downstream_gene_variant|MODIFIER|YGR146C-A|YGR146C-A|transcript|TRANSCRIPT_YGR146C-A|protein_coding||c.*888A>G|||||888|,C|downstream_gene_variant|MODIFIER|YGR147C|YGR147C|transcript|TRANSCRIPT_YGR147C|protein_coding||c.*1666A>G|||||1666|,C|downstream_gene_variant|MODIFIER|YGR148C|YGR148C|transcript|TRANSCRIPT_YGR148C|protein_coding||c.*2924A>G|||||2924|	GT:AD:DP:GQ:PL	70_0.0;1410_0.0;2640_0.7142857142857143;5150_1.0;7530_1.0;10150_1.0	1.0	14,0	21,0	4,10	0,14	0,19	0,17
60	chrVII	866396	.	C	G	1186.05		.	AC=5;AF=4.647e-03;AN=1076;BaseQRankSum=0.928;DP=10251;ExcessHet=0.0000;FS=5.274;InbreedingCoeff=0.4267;MLEAC=5;MLEAF=4.647e-03;MQ=60.00;MQRankSum=0.00;QD=29.65;ReadPosRankSum=0.071;SOR=0.138;ANN=G|upstream_gene_variant|MODIFIER|YGR184C|YGR184C|transcript|TRANSCRIPT_YGR184C|protein_coding||c.-324G>C|||||324|,G|upstream_gene_variant|MODIFIER|YGR186W|YGR186W|transcript|TRANSCRIPT_YGR186W|protein_coding||c.-1697C>G|||||1697|,G|downstream_gene_variant|MODIFIER|YGR185C|YGR185C|transcript|TRANSCRIPT_YGR185C|protein_coding||c.*259G>C|||||259|,G|downstream_gene_variant|MODIFIER|YGR187C|YGR187C|transcript|TRANSCRIPT_YGR187C|protein_coding||c.*4155G>C|||||4155|,G|intergenic_region|MODIFIER|YGR184C-YGR185C|YGR184C-YGR185C|intergenic_region|YGR184C-YGR185C|||n.866396C>G||||||	GT:AD:DP:GQ:PL	70_0.0;1410_0.0;2640_0.0;5150_0.7142857142857143;7530_1.0;10150_1.0	1.0	10,0	10,0	15,0	4,10	0,14	0,12
64	chrVIII	18776	.	T	C	645.29		.	AC=3;AF=2.788e-03;AN=1076;BaseQRankSum=-2.100e+00;DP=14284;ExcessHet=0.0061;FS=23.468;InbreedingCoeff=0.5159;MLEAC=3;MLEAF=2.788e-03;MQ=60.00;MQRankSum=0.00;QD=24.82;ReadPosRankSum=0.674;SOR=3.014;ANN=C|upstream_gene_variant|MODIFIER|YHL039W|YHL039W|transcript|TRANSCRIPT_YHL039W|protein_coding||c.-3009T>C|||||3009|,C|downstream_gene_variant|MODIFIER|YHL044W|YHL044W|transcript|TRANSCRIPT_YHL044W|protein_coding||c.*4503T>C|||||4503|,C|downstream_gene_variant|MODIFIER|YHL043W|YHL043W|transcript|TRANSCRIPT_YHL043W|protein_coding||c.*3362T>C|||||3362|,C|downstream_gene_variant|MODIFIER|YHL042W|YHL042W|transcript|TRANSCRIPT_YHL042W|protein_coding||c.*2656T>C|||||2656|,C|downstream_gene_variant|MODIFIER|YHL041W|YHL041W|transcript|TRANSCRIPT_YHL041W|protein_coding||c.*933T>C|||||933|WARNING_TRANSCRIPT_MULTIPLE_STOP_CODONS,C|downstream_gene_variant|MODIFIER|YHL040C|YHL040C|transcript|TRANSCRIPT_YHL040C|protein_coding||c.*314A>G|||||314|,C|downstream_gene_variant|MODIFIER|YHL038C|YHL038C|transcript|TRANSCRIPT_YHL038C|protein_coding||c.*4843A>G|||||4843|,C|intergenic_region|MODIFIER|YHL041W-YHL040C|YHL041W-YHL040C|intergenic_region|YHL041W-YHL040C|||n.18776T>C||||||	GT:AD:DP:GQ:PL	70_0.0;1410_0.0;2640_0.0;5150_0.0;7530_0.25;10150_1.0	1.0	26,0	30,0	36,0	20,0	6,2	0,18
65	chrVIII	148925	.	C	G	1737.98	G|intron_variant|YHR021C||RPS27B|Protein component of the small (40S) ribosomal subunit	.	AC=5;AF=4.647e-03;AN=1076;BaseQRankSum=1.74;DP=11113;ExcessHet=0.0000;FS=0.000;InbreedingCoeff=0.4602;MLEAC=5;MLEAF=4.647e-03;MQ=60.00;MQRankSum=0.00;QD=32.18;ReadPosRankSum=1.28;SOR=0.562;ANN=G|upstream_gene_variant|MODIFIER|YHR019C|YHR019C|transcript|TRANSCRIPT_YHR019C|protein_coding||c.-4734G>C|||||4734|,G|upstream_gene_variant|MODIFIER|YHR021W-A|YHR021W-A|transcript|TRANSCRIPT_YHR021W-A|protein_coding||c.-946C>G|||||946|,G|upstream_gene_variant|MODIFIER|YHR023W|YHR023W|transcript|TRANSCRIPT_YHR023W|protein_coding||c.-3384C>G|||||3384|,G|downstream_gene_variant|MODIFIER|YHR020W|YHR020W|transcript|TRANSCRIPT_YHR020W|protein_coding||c.*2217C>G|||||2217|,G|downstream_gene_variant|MODIFIER|YHR022C|YHR022C|transcript|TRANSCRIPT_YHR022C|protein_coding||c.*1296G>C|||||1296|WARNING_TRANSCRIPT_MULTIPLE_STOP_CODONS,G|downstream_gene_variant|MODIFIER|YHR022C-A|YHR022C-A|transcript|TRANSCRIPT_YHR022C-A|protein_coding||c.*2935G>C|||||2935|,G|intron_variant|MODIFIER|YHR021C|YHR021C|transcript|TRANSCRIPT_YHR021C|protein_coding|1/1|c.4-163G>C||||||	GT:AD:DP:GQ:PGT:PID:PL:PS	70_0.0;1410_0.0;2640_0.0;5150_0.7142857142857143;7530_1.0;10150_1.0	1.0	13,0	22,0	15,0	4,10	0,19	0,21
67	chrVIII	228872	.	C	T	1282.27	T|missense_variant|YHR065C||RRP3|Protein involved in rRNA processing	.	AC=6;AF=5.566e-03;AN=1078;BaseQRankSum=-5.580e-01;DP=10667;ExcessHet=0.0000;FS=0.000;InbreedingCoeff=0.4923;MLEAC=5;MLEAF=4.638e-03;MQ=60.00;MQRankSum=0.00;QD=32.88;ReadPosRankSum=1.04;SOR=0.377;ANN=T|missense_variant|MODERATE|YHR065C|YHR065C|transcript|TRANSCRIPT_YHR065C|protein_coding|1/1|c.811G>A|p.Asp271Asn|811/1506|811/1506|271/501||,T|upstream_gene_variant|MODIFIER|YHR062C|YHR062C|transcript|TRANSCRIPT_YHR062C|protein_coding||c.-4469G>A|||||4469|,T|upstream_gene_variant|MODIFIER|YHR063C|YHR063C|transcript|TRANSCRIPT_YHR063C|protein_coding||c.-3058G>A|||||3058|,T|upstream_gene_variant|MODIFIER|YHR064C|YHR064C|transcript|TRANSCRIPT_YHR064C|protein_coding||c.-1086G>A|||||1086|,T|upstream_gene_variant|MODIFIER|YHR066W|YHR066W|transcript|TRANSCRIPT_YHR066W|protein_coding||c.-1108C>T|||||1108|,T|upstream_gene_variant|MODIFIER|YHR067W|YHR067W|transcript|TRANSCRIPT_YHR067W|protein_coding||c.-2743C>T|||||2743|,T|upstream_gene_variant|MODIFIER|YHR068W|YHR068W|transcript|TRANSCRIPT_YHR068W|protein_coding||c.-3906C>T|||||3906|,T|downstream_gene_variant|MODIFIER|YHR063W-A|YHR063W-A|transcript|TRANSCRIPT_YHR063W-A|protein_coding||c.*2450C>T|||||2450|	GT:AD:DP:GQ:PL	70_0.0;1410_0.0;2640_0.0;5150_1.0;7530_0.9333333333333333;10150_1.0	1.0	15,0	15,0	24,0	0,14	1,14	0,10
68	chrVIII	263313	.	G	A	1186.06		.	AC=3;AF=2.783e-03;AN=1078;BaseQRankSum=-6.170e-01;DP=12539;ExcessHet=0.0061;FS=9.484;InbreedingCoeff=0.3130;MLEAC=3;MLEAF=2.783e-03;MQ=60.00;MQRankSum=0.00;QD=26.36;ReadPosRankSum=0.320;SOR=1.403;ANN=A|upstream_gene_variant|MODIFIER|YHR079C|YHR079C|transcript|TRANSCRIPT_YHR079C|protein_coding||c.-1077C>T|||||1077|,A|upstream_gene_variant|MODIFIER|YHR079C-A|YHR079C-A|transcript|TRANSCRIPT_YHR079C-A|protein_coding||c.-115C>T|||||115|,A|upstream_gene_variant|MODIFIER|YHR081W|YHR081W|transcript|TRANSCRIPT_YHR081W|protein_coding||c.-4870G>A|||||4870|,A|downstream_gene_variant|MODIFIER|YHR078W|YHR078W|transcript|TRANSCRIPT_YHR078W|protein_coding||c.*4650G>A|||||4650|,A|downstream_gene_variant|MODIFIER|YHR080C|YHR080C|transcript|TRANSCRIPT_YHR080C|protein_coding||c.*133C>T|||||133|,A|intergenic_region|MODIFIER|YHR079C-A-YHR080C|YHR079C-A-YHR080C|intergenic_region|YHR079C-A-YHR080C|||n.263313G>A||||||	GT:AD:DP:GQ:PL	70_0.0;1410_0.0;2640_0.0;5150_0.0;7530_0.5555555555555556;10150_0.9629629629629629	1.0	9,0	24,0	24,0	20,0	8,10	1,26
69	chrVIII	311377	.	A	G	596.06	G|missense_variant|YHR099W||TRA1|Subunit of SAGA and NuA4 histone acetyltransferase complexes	.	AC=3;AF=2.783e-03;AN=1078;BaseQRankSum=1.07;DP=11802;ExcessHet=0.0061;FS=0.000;InbreedingCoeff=0.2960;MLEAC=3;MLEAF=2.783e-03;MQ=60.00;MQRankSum=0.00;QD=18.06;ReadPosRankSum=-6.390e-01;SOR=0.793;ANN=G|missense_variant|MODERATE|YHR099W|YHR099W|transcript|TRANSCRIPT_YHR099W|protein_coding|1/1|c.7972A>G|p.Asn2658Asp|7972/11235|7972/11235|2658/3744||,G|downstream_gene_variant|MODIFIER|YHR100C|YHR100C|transcript|TRANSCRIPT_YHR100C|protein_coding||c.*3384T>C|||||3384|,G|downstream_gene_variant|MODIFIER|YHR101C|YHR101C|transcript|TRANSCRIPT_YHR101C|protein_coding||c.*4142T>C|||||4142|	GT:AD:DP:GQ:PL	70_0.0;1410_0.0;2640_0.0;5150_0.0;7530_0.2222222222222222;10150_1.0	1.0	16,0	21,0	11,0	9,0	14,4	0,15
73	chrX	97071	.	G	C	1675.18		.	AC=6;AF=5.587e-03;AN=1074;BaseQRankSum=0.825;DP=11656;ExcessHet=0.0000;FS=0.000;InbreedingCoeff=0.6037;MLEAC=5;MLEAF=4.655e-03;MQ=60.00;MQRankSum=0.00;QD=32.22;ReadPosRankSum=0.943;SOR=1.270;ANN=C|upstream_gene_variant|MODIFIER|YJL176C|YJL176C|transcript|TRANSCRIPT_YJL176C|protein_coding||c.-2542C>G|||||2542|,C|upstream_gene_variant|MODIFIER|YJL173C|YJL173C|transcript|TRANSCRIPT_YJL173C|protein_coding||c.-543C>G|||||543|,C|upstream_gene_variant|MODIFIER|YJL172W|YJL172W|transcript|TRANSCRIPT_YJL172W|protein_coding||c.-665G>C|||||665|,C|downstream_gene_variant|MODIFIER|YJL175W|YJL175W|transcript|TRANSCRIPT_YJL175W|protein_coding||c.*2511G>C|||||2511|,C|downstream_gene_variant|MODIFIER|YJL174W|YJL174W|transcript|TRANSCRIPT_YJL174W|protein_coding||c.*1150G>C|||||1150|,C|downstream_gene_variant|MODIFIER|YJL171C|YJL171C|transcript|TRANSCRIPT_YJL171C|protein_coding||c.*2632C>G|||||2632|,C|downstream_gene_variant|MODIFIER|YJL170C|YJL170C|transcript|TRANSCRIPT_YJL170C|protein_coding||c.*4078C>G|||||4078|,C|intergenic_region|MODIFIER|YJL173C-YJL172W|YJL173C-YJL172W|intergenic_region|YJL173C-YJL172W|||n.97071G>C||||||	GT:AD:DP:GQ:PL	70_0.0;1410_0.0;2640_0.0;5150_0.9166666666666666;7530_1.0;10150_1.0	1.0	20,0	23,0	18,0	2,22	0,15	0,13
75	chrX	334257	.	A	T	1579.65	T|upstream_gene_variant|YJL054W|8|TIM54|Component of the mitochondrial TIM22 complex	.	AC=6;AF=5.566e-03;AN=1078;DP=12066;ExcessHet=0.0000;FS=0.000;InbreedingCoeff=0.6543;MLEAC=6;MLEAF=5.566e-03;MQ=60.00;QD=31.11;SOR=0.829;ANN=T|upstream_gene_variant|MODIFIER|YJL057C|YJL057C|transcript|TRANSCRIPT_YJL057C|protein_coding||c.-4136T>A|||||4136|,T|upstream_gene_variant|MODIFIER|YJL056C|YJL056C|transcript|TRANSCRIPT_YJL056C|protein_coding||c.-1184T>A|||||1184|,T|upstream_gene_variant|MODIFIER|YJL054W|YJL054W|transcript|TRANSCRIPT_YJL054W|protein_coding||c.-8A>T|||||8|,T|upstream_gene_variant|MODIFIER|YJL053W|YJL053W|transcript|TRANSCRIPT_YJL053W|protein_coding||c.-1641A>T|||||1641|,T|upstream_gene_variant|MODIFIER|YJL052W|YJL052W|transcript|TRANSCRIPT_YJL052W|protein_coding||c.-4014A>T|||||4014|,T|downstream_gene_variant|MODIFIER|YJL055W|YJL055W|transcript|TRANSCRIPT_YJL055W|protein_coding||c.*163A>T|||||163|,T|downstream_gene_variant|MODIFIER|YJL052C-A|YJL052C-A|transcript|TRANSCRIPT_YJL052C-A|protein_coding||c.*3627T>A|||||3627|,T|intergenic_region|MODIFIER|YJL055W-YJL054W|YJL055W-YJL054W|intergenic_region|YJL055W-YJL054W|||n.334257A>T||||||	GT:AD:DP:GQ:PL	70_0.0;1410_0.0;2640_0.0;5150_1.0;7530_1.0;10150_1.0	1.0	15,0	20,0	21,0	0,19	0,17	0,9
78	chrXI	520234	.	G	A	805.48	A|missense_variant|YKR042W||UTH1|Mitochondrial inner membrane protein	.	AC=5;AF=4.664e-03;AN=1072;BaseQRankSum=1.07;DP=8345;ExcessHet=0.0000;FS=0.000;InbreedingCoeff=0.3592;MLEAC=4;MLEAF=3.731e-03;MQ=60.00;MQRankSum=0.00;QD=29.83;ReadPosRankSum=0.366;SOR=0.223;ANN=A|missense_variant|MODERATE|YKR042W|YKR042W|transcript|TRANSCRIPT_YKR042W|protein_coding|1/1|c.409G>A|p.Ala137Thr|409/1098|409/1098|137/365||,A|upstream_gene_variant|MODIFIER|YKR040C|YKR040C|transcript|TRANSCRIPT_YKR040C|protein_coding||c.-1369C>T|||||1369|,A|upstream_gene_variant|MODIFIER|YKR044W|YKR044W|transcript|TRANSCRIPT_YKR044W|protein_coding||c.-2080G>A|||||2080|,A|downstream_gene_variant|MODIFIER|YKR039W|YKR039W|transcript|TRANSCRIPT_YKR039W|protein_coding||c.*3061G>A|||||3061|,A|downstream_gene_variant|MODIFIER|YKR041W|YKR041W|transcript|TRANSCRIPT_YKR041W|protein_coding||c.*985G>A|||||985|,A|downstream_gene_variant|MODIFIER|YKR043C|YKR043C|transcript|TRANSCRIPT_YKR043C|protein_coding||c.*962C>T|||||962|,A|downstream_gene_variant|MODIFIER|YKR045C|YKR045C|transcript|TRANSCRIPT_YKR045C|protein_coding||c.*3483C>T|||||3483|,A|downstream_gene_variant|MODIFIER|YKR046C|YKR046C|transcript|TRANSCRIPT_YKR046C|protein_coding||c.*4288C>T|||||4288|	GT:AD:DP:GQ:PL	70_0.0;1410_0.0;2640_0.0;5150_0.8571428571428571;7530_1.0;10150_1.0	1.0	17,0	15,0	23,0	1,6	0,11	0,9
80	chrXII	86410	.	C	A	1486.74	A|stop_gained|YLL028W||TPO1|Polyamine transporter of the major facilitator superfamily	.	AC=6;AF=5.587e-03;AN=1074;DP=11317;ExcessHet=0.0000;FS=0.000;InbreedingCoeff=0.6848;MLEAC=6;MLEAF=5.587e-03;MQ=60.00;QD=34.58;SOR=0.739;ANN=A|stop_gained|HIGH|YLL028W|YLL028W|transcript|TRANSCRIPT_YLL028W|protein_coding|1/1|c.1602C>A|p.Cys534*|1602/1761|1602/1761|534/586||,A|upstream_gene_variant|MODIFIER|YLL027W|YLL027W|transcript|TRANSCRIPT_YLL027W|protein_coding||c.-998C>A|||||998|,A|upstream_gene_variant|MODIFIER|YLL026W|YLL026W|transcript|TRANSCRIPT_YLL026W|protein_coding||c.-2218C>A|||||2218|,A|downstream_gene_variant|MODIFIER|YLL029W|YLL029W|transcript|TRANSCRIPT_YLL029W|protein_coding||c.*2695C>A|||||2695|	GT:AD:DP:GQ:PL	70_0.0;1410_0.0;2640_0.0;5150_1.0;7530_1.0;10150_1.0	1.0	19,0	18,0	17,0	0,9	0,16	0,18
81	chrXII	124269	.	G	C	1472.42	C|missense_variant|YLL013C||PUF3|Protein of the mitochondrial outer surface	.	AC=7;AF=6.494e-03;AN=1078;BaseQRankSum=0.435;DP=9809;ExcessHet=0.0000;FS=0.000;InbreedingCoeff=0.5051;MLEAC=7;MLEAF=6.494e-03;MQ=60.00;MQRankSum=0.00;QD=26.29;ReadPosRankSum=-3.620e-01;SOR=0.558;ANN=C|missense_variant|MODERATE|YLL013C|YLL013C|transcript|TRANSCRIPT_YLL013C|protein_coding|1/1|c.449C>G|p.Ala150Gly|449/2643|449/2643|150/880||WARNING_TRANSCRIPT_NO_START_CODON,C|upstream_gene_variant|MODIFIER|YLL012W|YLL012W|transcript|TRANSCRIPT_YLL012W|protein_coding||c.-1267G>C|||||1267|,C|upstream_gene_variant|MODIFIER|YLL011W|YLL011W|transcript|TRANSCRIPT_YLL011W|protein_coding||c.-3255G>C|||||3255|,C|downstream_gene_variant|MODIFIER|YLL015W|YLL015W|transcript|TRANSCRIPT_YLL015W|protein_coding||c.*3157G>C|||||3157|,C|downstream_gene_variant|MODIFIER|YLL014W|YLL014W|transcript|TRANSCRIPT_YLL014W|protein_coding||c.*2620G>C|||||2620|	GT:AD:DP:GQ:PL	70_0.0;1410_0.0;2640_0.2;5150_1.0;7530_1.0;10150_1.0	1.0	8,0	8,0	12,3	0,14	0,14	0,13
82	chrXII	406544	.	C	T	1981.74	T|missense_variant|YLR131C||ACE2|Transcription factor required for septum destruction after cytokinesis	.	AC=7;AF=6.518e-03;AN=1074;BaseQRankSum=-5.250e-01;DP=10461;ExcessHet=0.0000;FS=6.210;InbreedingCoeff=0.5417;MLEAC=7;MLEAF=6.518e-03;MQ=60.00;MQRankSum=0.00;QD=32.49;ReadPosRankSum=0.953;SOR=0.061;ANN=T|missense_variant|MODERATE|YLR131C|YLR131C|transcript|TRANSCRIPT_YLR131C|protein_coding|1/1|c.842G>A|p.Gly281Asp|842/2313|842/2313|281/770||,T|upstream_gene_variant|MODIFIER|YLR130C|YLR130C|transcript|TRANSCRIPT_YLR130C|protein_coding||c.-1919G>A|||||1919|,T|upstream_gene_variant|MODIFIER|YLR133W|YLR133W|transcript|TRANSCRIPT_YLR133W|protein_coding||c.-2464C>T|||||2464|,T|upstream_gene_variant|MODIFIER|YLR134W|YLR134W|transcript|TRANSCRIPT_YLR134W|protein_coding||c.-4742C>T|||||4742|,T|downstream_gene_variant|MODIFIER|YLR129W|YLR129W|transcript|TRANSCRIPT_YLR129W|protein_coding||c.*3493C>T|||||3493|,T|downstream_gene_variant|MODIFIER|YLR132C|YLR132C|transcript|TRANSCRIPT_YLR132C|protein_coding||c.*1302G>A|||||1302|	GT:AD:DP:GQ:PL	70_0.0;1410_0.0;2640_0.8421052631578947;5150_1.0;7530_1.0;10150_1.0	1.0	12,0	16,0	3,16	0,18	0,10	0,14
88	chrXII	815308	.	G	T	1636.4	T|missense_variant|YLR342W||FKS1|Catalytic subunit of 1,3-beta-D-glucan synthase	.	AC=8;AF=7.463e-03;AN=1072;BaseQRankSum=-1.773e+00;DP=11642;ExcessHet=0.0000;FS=0.000;InbreedingCoeff=0.5477;MLEAC=7;MLEAF=6.530e-03;MQ=60.00;MQRankSum=0.00;QD=19.25;ReadPosRankSum=1.41;SOR=0.743;ANN=T|missense_variant|MODERATE|YLR342W|YLR342W|transcript|TRANSCRIPT_YLR342W|protein_coding|1/1|c.4774G>T|p.Asp1592Tyr|4774/5631|4774/5631|1592/1876||,T|upstream_gene_variant|MODIFIER|YLR342W-A|YLR342W-A|transcript|TRANSCRIPT_YLR342W-A|protein_coding||c.-1040G>T|||||1040|,T|upstream_gene_variant|MODIFIER|YLR343W|YLR343W|transcript|TRANSCRIPT_YLR343W|protein_coding||c.-1324G>T|||||1324|,T|upstream_gene_variant|MODIFIER|YLR344W|YLR344W|transcript|TRANSCRIPT_YLR344W|protein_coding||c.-4542G>T|||||4542|	GT:AD:DP:GQ:PL	70_0.0;1410_0.0;2640_0.10714285714285714;5150_1.0;7530_1.0;10150_1.0	0.9622641509433962	15,0	21,0	25,3	0,16	0,13	0,19
90	chrXII	906512	.	T	A	1726.2	A|missense_variant|YLR392C||ART10|Protein of unknown function that contains 2 PY motifs	.	AC=5;AF=4.655e-03;AN=1074;BaseQRankSum=-9.030e-01;DP=10591;ExcessHet=0.0000;FS=2.417;InbreedingCoeff=0.4992;MLEAC=5;MLEAF=4.655e-03;MQ=60.00;MQRankSum=0.00;QD=31.97;ReadPosRankSum=0.159;SOR=1.958;ANN=A|missense_variant|MODERATE|YLR392C|YLR392C|transcript|TRANSCRIPT_YLR392C|protein_coding|1/1|c.332A>T|p.Asn111Ile|332/1557|332/1557|111/518||,A|upstream_gene_variant|MODIFIER|YLR389C|YLR389C|transcript|TRANSCRIPT_YLR389C|protein_coding||c.-3314A>T|||||3314|,A|upstream_gene_variant|MODIFIER|YLR393W|YLR393W|transcript|TRANSCRIPT_YLR393W|protein_coding||c.-1105T>A|||||1105|,A|upstream_gene_variant|MODIFIER|YLR394W|YLR394W|transcript|TRANSCRIPT_YLR394W|protein_coding||c.-1976T>A|||||1976|,A|downstream_gene_variant|MODIFIER|YLR390W|YLR390W|transcript|TRANSCRIPT_YLR390W|protein_coding||c.*2570T>A|||||2570|,A|downstream_gene_variant|MODIFIER|YLR390W-A|YLR390W-A|transcript|TRANSCRIPT_YLR390W-A|protein_coding||c.*1534T>A|||||1534|,A|downstream_gene_variant|MODIFIER|YLR395C|YLR395C|transcript|TRANSCRIPT_YLR395C|protein_coding||c.*3755A>T|||||3755|,A|downstream_gene_variant|MODIFIER|YLR396C|YLR396C|transcript|TRANSCRIPT_YLR396C|protein_coding||c.*4261A>T|||||4261|	GT:AD:DP:GQ:PL	70_0.0;1410_0.0;2640_0.0;5150_0.7777777777777778;7530_1.0;10150_1.0	1.0	17,0	15,0	21,0	4,14	0,10	0,26
92	chrXII	961194	.	A	C	650.11	C|synonymous_variant|YLR419W||nan|Putative helicase with limited sequence similarity to human Rb protein	.	AC=3;AF=2.788e-03;AN=1076;BaseQRankSum=1.24;DP=11148;ExcessHet=0.0061;FS=0.000;InbreedingCoeff=0.3424;MLEAC=3;MLEAF=2.788e-03;MQ=60.00;MQRankSum=0.00;QD=28.27;ReadPosRankSum=-2.720e-01;SOR=0.693;ANN=C|synonymous_variant|LOW|YLR419W|YLR419W|transcript|TRANSCRIPT_YLR419W|protein_coding|1/1|c.2229A>C|p.Thr743Thr|2229/4308|2229/4308|743/1435||,C|upstream_gene_variant|MODIFIER|YLR418C|YLR418C|transcript|TRANSCRIPT_YLR418C|protein_coding||c.-2561T>G|||||2561|,C|upstream_gene_variant|MODIFIER|YLR420W|YLR420W|transcript|TRANSCRIPT_YLR420W|protein_coding||c.-3129A>C|||||3129|,C|downstream_gene_variant|MODIFIER|YLR417W|YLR417W|transcript|TRANSCRIPT_YLR417W|protein_coding||c.*3946A>C|||||3946|,C|downstream_gene_variant|MODIFIER|YLR421C|YLR421C|transcript|TRANSCRIPT_YLR421C|protein_coding||c.*4434T>G|||||4434|	GT:AD:DP:GQ:PL	70_0.0;1410_0.0;2640_0.0;5150_0.0;7530_0.5;10150_1.0	1.0	12,0	19,0	13,0	28,0	4,4	0,15
94	chrXIII	100138	.	A	T	1343.38	T|missense_variant|YML083C||nan|Protein of unknown function	.	AC=6;AF=5.566e-03;AN=1078;DP=11022;ExcessHet=0.0000;FS=0.000;InbreedingCoeff=0.5301;MLEAC=6;MLEAF=5.566e-03;MQ=60.00;QD=33.58;SOR=0.793;ANN=T|missense_variant|MODERATE|YML083C|YML083C|transcript|TRANSCRIPT_YML083C|protein_coding|1/1|c.953T>A|p.Ile318Asn|953/1257|953/1257|318/418||,T|upstream_gene_variant|MODIFIER|YML087C|YML087C|transcript|TRANSCRIPT_YML087C|protein_coding||c.-4729T>A|||||4729|,T|upstream_gene_variant|MODIFIER|YML086C|YML086C|transcript|TRANSCRIPT_YML086C|protein_coding||c.-2727T>A|||||2727|,T|upstream_gene_variant|MODIFIER|YML085C|YML085C|transcript|TRANSCRIPT_YML085C|protein_coding||c.-698T>A|||||698|,T|upstream_gene_variant|MODIFIER|YML082W|YML082W|transcript|TRANSCRIPT_YML082W|protein_coding||c.-1764A>T|||||1764|,T|upstream_gene_variant|MODIFIER|YML081W|YML081W|transcript|TRANSCRIPT_YML081W|protein_coding||c.-4679A>T|||||4679|,T|downstream_gene_variant|MODIFIER|YML084W|YML084W|transcript|TRANSCRIPT_YML084W|protein_coding||c.*301A>T|||||301|,T|downstream_gene_variant|MODIFIER|YML081C-A|YML081C-A|transcript|TRANSCRIPT_YML081C-A|protein_coding||c.*3885T>A|||||3885|	GT:AD:DP:GQ:PL	70_0.0;1410_0.0;2640_0.0;5150_1.0;7530_1.0;10150_1.0	1.0	16,0	20,0	18,0	0,12	0,16	0,12
95	chrXIII	124085	.	G	A	1945.0	A|intron_variant|YML073C||RPL6A|Ribosomal 60S subunit protein L6A	.	AC=7;AF=6.494e-03;AN=1078;BaseQRankSum=-1.521e+00;DP=12467;ExcessHet=0.0000;FS=2.137;InbreedingCoeff=0.6603;MLEAC=7;MLEAF=6.494e-03;MQ=60.00;MQRankSum=0.00;QD=29.47;ReadPosRankSum=0.00;SOR=1.721;ANN=A|upstream_gene_variant|MODIFIER|YML074C|YML074C|transcript|TRANSCRIPT_YML074C|protein_coding||c.-2721C>T|||||2721|,A|downstream_gene_variant|MODIFIER|YML072C|YML072C|transcript|TRANSCRIPT_YML072C|protein_coding||c.*685C>T|||||685|,A|intron_variant|MODIFIER|YML073C|YML073C|transcript|TRANSCRIPT_YML073C|protein_coding|1/1|c.15+113C>T||||||	GT:AD:DP:GQ:PL	70_0.0;1410_0.0;2640_0.38461538461538464;5150_1.0;7530_1.0;10150_1.0	1.0	19,0	18,0	8,5	0,18	0,14	0,21
96	chrXIII	146003	.	A	T	2448.2	T|upstream_gene_variant|YML064C|87|TEM1|GTP-binding protein of the Ras superfamily	.	AC=6;AF=5.587e-03;AN=1074;DP=11147;ExcessHet=0.0000;FS=0.000;InbreedingCoeff=0.6850;MLEAC=6;MLEAF=5.587e-03;MQ=60.00;QD=34.48;SOR=1.745;ANN=T|upstream_gene_variant|MODIFIER|YML066C|YML066C|transcript|TRANSCRIPT_YML066C|protein_coding||c.-4430T>A|||||4430|,T|upstream_gene_variant|MODIFIER|YML064C|YML064C|transcript|TRANSCRIPT_YML064C|protein_coding||c.-87T>A|||||87|,T|upstream_gene_variant|MODIFIER|YML063W|YML063W|transcript|TRANSCRIPT_YML063W|protein_coding||c.-519A>T|||||519|,T|downstream_gene_variant|MODIFIER|YML065W|YML065W|transcript|TRANSCRIPT_YML065W|protein_coding||c.*1009A>T|||||1009|,T|downstream_gene_variant|MODIFIER|YML062C|YML062C|transcript|TRANSCRIPT_YML062C|protein_coding||c.*1542T>A|||||1542|,T|downstream_gene_variant|MODIFIER|YML061C|YML061C|transcript|TRANSCRIPT_YML061C|protein_coding||c.*2990T>A|||||2990|,T|intergenic_region|MODIFIER|YML064C-YML063W|YML064C-YML063W|intergenic_region|YML064C-YML063W|||n.146003A>T||||||	GT:AD:DP:GQ:PL	70_0.0;1410_0.0;2640_0.0;5150_1.0;7530_1.0;10150_1.0	1.0	19,0	21,0	21,0	0,24	0,22	0,25
97	chrXIII	219700	.	G	T	694.59	T|missense_variant|YML029W||USA1|Scaffold subunit of the Hrd1p ubiquitin ligase	.	AC=3;AF=2.799e-03;AN=1072;BaseQRankSum=0.00;DP=10460;ExcessHet=0.0061;FS=6.945;InbreedingCoeff=0.3398;MLEAC=2;MLEAF=1.866e-03;MQ=60.00;MQRankSum=0.00;QD=23.95;ReadPosRankSum=0.248;SOR=0.108;ANN=T|missense_variant|MODERATE|YML029W|YML029W|transcript|TRANSCRIPT_YML029W|protein_coding|1/1|c.2299G>T|p.Ala767Ser|2299/2517|2299/2517|767/838||,T|upstream_gene_variant|MODIFIER|YML028W|YML028W|transcript|TRANSCRIPT_YML028W|protein_coding||c.-478G>T|||||478|,T|upstream_gene_variant|MODIFIER|YML027W|YML027W|transcript|TRANSCRIPT_YML027W|protein_coding||c.-1746G>T|||||1746|,T|downstream_gene_variant|MODIFIER|YML031W|YML031W|transcript|TRANSCRIPT_YML031W|protein_coding||c.*3504G>T|||||3504|,T|downstream_gene_variant|MODIFIER|YML030W|YML030W|transcript|TRANSCRIPT_YML030W|protein_coding||c.*2746G>T|||||2746|,T|downstream_gene_variant|MODIFIER|YML026C|YML026C|transcript|TRANSCRIPT_YML026C|protein_coding||c.*3327C>A|||||3327|,T|downstream_gene_variant|MODIFIER|YML025C|YML025C|transcript|TRANSCRIPT_YML025C|protein_coding||c.*4746C>A|||||4746|	GT:AD:DP:GQ:PGT:PID:PL:PS	70_0.0;1410_0.0;2640_0.0;5150_0.0;7530_0.25;10150_0.9523809523809523	1.0	16,0	13,0	15,0	19,0	6,2	1,20
101	chrXIII	436444	.	C	G	313.6		.	AC=3;AF=2.799e-03;AN=1072;BaseQRankSum=-1.121e+00;DP=10616;ExcessHet=0.0061;FS=0.000;InbreedingCoeff=0.3556;MLEAC=2;MLEAF=1.866e-03;MQ=60.00;MQRankSum=0.00;QD=17.42;ReadPosRankSum=-1.339e+00;SOR=0.495;ANN=G|upstream_gene_variant|MODIFIER|YMR082C|YMR082C|transcript|TRANSCRIPT_YMR082C|protein_coding||c.-4282G>C|||||4282|,G|upstream_gene_variant|MODIFIER|YMR084W|YMR084W|transcript|TRANSCRIPT_YMR084W|protein_coding||c.-221C>G|||||221|WARNING_TRANSCRIPT_INCOMPLETE,G|upstream_gene_variant|MODIFIER|YMR085W|YMR085W|transcript|TRANSCRIPT_YMR085W|protein_coding||c.-1085C>G|||||1085|,G|upstream_gene_variant|MODIFIER|YMR086W|YMR086W|transcript|TRANSCRIPT_YMR086W|protein_coding||c.-2802C>G|||||2802|,G|downstream_gene_variant|MODIFIER|YMR083W|YMR083W|transcript|TRANSCRIPT_YMR083W|protein_coding||c.*492C>G|||||492|,G|intergenic_region|MODIFIER|YMR083W-YMR084W|YMR083W-YMR084W|intergenic_region|YMR083W-YMR084W|||n.436444C>G||||||	GT:AD:DP:GQ:PL	70_0.0;1410_0.0;2640_0.0;5150_0.0;7530_0.46153846153846156;10150_1.0	1.0	13,0	24,0	22,0	14,0	7,6	0,5
102	chrXIII	723249	.	C	T	541.2	T|synonymous_variant|YMR227C||TAF7|TFIID subunit (67 kDa)	.	AC=3;AF=2.783e-03;AN=1078;BaseQRankSum=-8.420e-01;DP=10116;ExcessHet=0.0061;FS=2.788;InbreedingCoeff=0.2241;MLEAC=3;MLEAF=2.783e-03;MQ=60.00;MQRankSum=0.00;QD=25.77;ReadPosRankSum=-6.520e-01;SOR=0.195;ANN=T|synonymous_variant|LOW|YMR227C|YMR227C|transcript|TRANSCRIPT_YMR227C|protein_coding|1/1|c.1155G>A|p.Glu385Glu|1155/1773|1155/1773|385/590||,T|upstream_gene_variant|MODIFIER|YMR224C|YMR224C|transcript|TRANSCRIPT_YMR224C|protein_coding||c.-2578G>A|||||2578|,T|upstream_gene_variant|MODIFIER|YMR225C|YMR225C|transcript|TRANSCRIPT_YMR225C|protein_coding||c.-1828G>A|||||1828|,T|upstream_gene_variant|MODIFIER|YMR226C|YMR226C|transcript|TRANSCRIPT_YMR226C|protein_coding||c.-835G>A|||||835|,T|upstream_gene_variant|MODIFIER|YMR228W|YMR228W|transcript|TRANSCRIPT_YMR228W|protein_coding||c.-1395C>T|||||1395|,T|downstream_gene_variant|MODIFIER|YMR229C|YMR229C|transcript|TRANSCRIPT_YMR229C|protein_coding||c.*2703G>A|||||2703|	GT:AD:DP:GQ:PL	70_0.0;1410_0.0;2640_0.0;5150_0.0;7530_0.5714285714285714;10150_1.0	1.0	10,0	11,0	15,0	14,0	3,4	0,14
103	chrXIII	867014	.	G	GC	4960.94	GC|frameshift_variant|YMR300C||ADE4|Phosphoribosylpyrophosphate amidotransferase (PRPPAT)	.	AC=11;AF=0.010;AN=1076;BaseQRankSum=-1.119e+00;DP=12617;ExcessHet=0.0000;FS=2.273;InbreedingCoeff=0.7596;MLEAC=11;MLEAF=0.010;MQ=60.00;MQRankSum=0.00;QD=27.76;ReadPosRankSum=-5.800e-01;SOR=1.734;ANN=GC|frameshift_variant|HIGH|YMR300C|YMR300C|transcript|TRANSCRIPT_YMR300C|protein_coding|1/1|c.435_436insG|p.His146fs|435/1533|435/1533|145/510||,GC|upstream_gene_variant|MODIFIER|YMR299C|YMR299C|transcript|TRANSCRIPT_YMR299C|protein_coding||c.-1307_-1306insG|||||1307|,GC|downstream_gene_variant|MODIFIER|YMR297W|YMR297W|transcript|TRANSCRIPT_YMR297W|protein_coding||c.*3136_*3137insC|||||3137|,GC|downstream_gene_variant|MODIFIER|YMR298W|YMR298W|transcript|TRANSCRIPT_YMR298W|protein_coding||c.*2385_*2386insC|||||2386|,GC|downstream_gene_variant|MODIFIER|YMR301C|YMR301C|transcript|TRANSCRIPT_YMR301C|protein_coding||c.*898_*899insG|||||898|,GC|downstream_gene_variant|MODIFIER|YMR302C|YMR302C|transcript|TRANSCRIPT_YMR302C|protein_coding||c.*3416_*3417insG|||||3416|;LOF=(YMR300C|YMR300C|1|1.00)	GT:AD:DP:GQ:PL	70_0.8666666666666667;1410_1.0;2640_1.0;5150_1.0;7530_1.0;10150_1.0	1.0	4,26	0,18	0,31	0,23	0,20	0,19
104	chrXIV	189221	.	C	A	680.5	A|missense_variant|YNL243W||SLA2|Adaptor protein that links actin to clathrin and endocytosis	.	AC=3;AF=2.793e-03;AN=1074;BaseQRankSum=1.48;DP=7085;ExcessHet=0.0061;FS=6.680;InbreedingCoeff=0.2189;MLEAC=3;MLEAF=2.793e-03;MQ=60.00;MQRankSum=0.00;QD=23.47;ReadPosRankSum=0.670;SOR=0.628;ANN=A|missense_variant|MODERATE|YNL243W|YNL243W|transcript|TRANSCRIPT_YNL243W|protein_coding|1/1|c.940C>A|p.Gln314Lys|940/2907|940/2907|314/968||,A|upstream_gene_variant|MODIFIER|YNL245C|YNL245C|transcript|TRANSCRIPT_YNL245C|protein_coding||c.-2105G>T|||||2105|,A|upstream_gene_variant|MODIFIER|YNL244C|YNL244C|transcript|TRANSCRIPT_YNL244C|protein_coding||c.-1494G>T|||||1494|,A|upstream_gene_variant|MODIFIER|YNL242W|YNL242W|transcript|TRANSCRIPT_YNL242W|protein_coding||c.-2334C>A|||||2334|,A|downstream_gene_variant|MODIFIER|YNL247W|YNL247W|transcript|TRANSCRIPT_YNL247W|protein_coding||c.*3812C>A|||||3812|,A|downstream_gene_variant|MODIFIER|YNL246W|YNL246W|transcript|TRANSCRIPT_YNL246W|protein_coding||c.*2641C>A|||||2641|	GT:AD:DP:GQ:PL	70_0.0;1410_0.0;2640_0.0;5150_0.0;7530_0.5;10150_1.0	1.0	11,0	10,0	8,0	7,0	8,8	0,13
110	chrXIV	644102	.	G	C	2191.01	C|missense_variant|YNR010W||CSE2|Subunit of the RNA polymerase II mediator complex	.	AC=6;AF=5.566e-03;AN=1078;BaseQRankSum=3.88;DP=12145;ExcessHet=0.0000;FS=0.000;InbreedingCoeff=0.7238;MLEAC=6;MLEAF=5.566e-03;MQ=60.00;MQRankSum=0.00;QD=33.20;ReadPosRankSum=0.134;SOR=0.892;ANN=C|missense_variant|MODERATE|YNR010W|YNR010W|transcript|TRANSCRIPT_YNR010W|protein_coding|1/1|c.150G>C|p.Gln50His|150/450|150/450|50/149||,C|upstream_gene_variant|MODIFIER|YNR007C|YNR007C|transcript|TRANSCRIPT_YNR007C|protein_coding||c.-3779C>G|||||3779|,C|upstream_gene_variant|MODIFIER|YNR012W|YNR012W|transcript|TRANSCRIPT_YNR012W|protein_coding||c.-3539G>C|||||3539|,C|downstream_gene_variant|MODIFIER|YNR008W|YNR008W|transcript|TRANSCRIPT_YNR008W|protein_coding||c.*1512G>C|||||1512|,C|downstream_gene_variant|MODIFIER|YNR009W|YNR009W|transcript|TRANSCRIPT_YNR009W|protein_coding||c.*454G>C|||||454|,C|downstream_gene_variant|MODIFIER|YNR011C|YNR011C|transcript|TRANSCRIPT_YNR011C|protein_coding||c.*427C>G|||||427|	GT:AD:DP:GQ:PL	70_0.0;1410_0.0;2640_0.0;5150_0.9285714285714286;7530_1.0;10150_1.0	1.0	26,0	16,0	17,0	2,26	0,14	0,24
111	chrXIV	744074	.	T	G	1864.91		.	AC=7;AF=6.506e-03;AN=1076;BaseQRankSum=-1.540e+00;DP=11668;ExcessHet=0.0000;FS=0.000;InbreedingCoeff=0.6529;MLEAC=6;MLEAF=5.576e-03;MQ=60.00;MQRankSum=0.00;QD=24.87;ReadPosRankSum=1.80;SOR=0.678;ANN=G|upstream_gene_variant|MODIFIER|YNR061C|YNR061C|transcript|TRANSCRIPT_YNR061C|protein_coding||c.-356A>C|||||356|,G|upstream_gene_variant|MODIFIER|YNR063W|YNR063W|transcript|TRANSCRIPT_YNR063W|protein_coding||c.-3053T>G|||||3053|,G|downstream_gene_variant|MODIFIER|YNR060W|YNR060W|transcript|TRANSCRIPT_YNR060W|protein_coding||c.*1786T>G|||||1786|,G|downstream_gene_variant|MODIFIER|YNR062C|YNR062C|transcript|TRANSCRIPT_YNR062C|protein_coding||c.*463A>C|||||463|WARNING_TRANSCRIPT_NO_START_CODON,G|intergenic_region|MODIFIER|YNR061C-YNR062C|YNR061C-YNR062C|intergenic_region|YNR061C-YNR062C|||n.744074T>G||||||	GT:AD:DP:GQ:PL	70_0.0;1410_0.0;2640_0.125;5150_1.0;7530_1.0;10150_1.0	1.0	14,0	15,0	21,3	0,24	0,13	0,14
112	chrXV	68052	.	T	C	1960.91	C|missense_variant|YOL136C||PFK27|6-phosphofructo-2-kinase	.	AC=8;AF=7.421e-03;AN=1078;BaseQRankSum=-2.970e-01;DP=11308;ExcessHet=0.0000;FS=5.330;InbreedingCoeff=0.6315;MLEAC=7;MLEAF=6.494e-03;MQ=60.00;MQRankSum=0.00;QD=33.81;ReadPosRankSum=1.26;SOR=1.849;ANN=C|missense_variant|MODERATE|YOL136C|YOL136C|transcript|TRANSCRIPT_YOL136C|protein_coding|1/1|c.625A>G|p.Ile209Val|625/1194|625/1194|209/397||,C|upstream_gene_variant|MODIFIER|YOL138C|YOL138C|transcript|TRANSCRIPT_YOL138C|protein_coding||c.-2780A>G|||||2780|,C|upstream_gene_variant|MODIFIER|YOL133W|YOL133W|transcript|TRANSCRIPT_YOL133W|protein_coding||c.-2195T>C|||||2195|,C|upstream_gene_variant|MODIFIER|YOL132W|YOL132W|transcript|TRANSCRIPT_YOL132W|protein_coding||c.-3170T>C|||||3170|,C|upstream_gene_variant|MODIFIER|YOL131W|YOL131W|transcript|TRANSCRIPT_YOL131W|protein_coding||c.-4901T>C|||||4901|,C|downstream_gene_variant|MODIFIER|YOL137W|YOL137W|transcript|TRANSCRIPT_YOL137W|protein_coding||c.*1016T>C|||||1016|,C|downstream_gene_variant|MODIFIER|YOL135C|YOL135C|transcript|TRANSCRIPT_YOL135C|protein_coding||c.*1246A>G|||||1246|,C|downstream_gene_variant|MODIFIER|YOL134C|YOL134C|transcript|TRANSCRIPT_YOL134C|protein_coding||c.*2026A>G|||||2026|	GT:AD:DP:GQ:PL	70_0.0;1410_0.0;2640_0.9444444444444444;5150_1.0;7530_1.0;10150_1.0	1.0	11,0	16,0	1,17	0,17	0,13	0,10
114	chrXV	79447	.	T	A	2082.06	A|upstream_gene_variant|YOL128C|46|YGK3|Protein kinase related to mammalian GSK-3 glycogen synthase kinases	.	AC=7;AF=6.506e-03;AN=1076;BaseQRankSum=-3.950e-01;DP=12836;ExcessHet=0.0000;FS=5.603;InbreedingCoeff=0.6806;MLEAC=7;MLEAF=6.506e-03;MQ=60.00;MQRankSum=0.00;QD=26.36;ReadPosRankSum=-7.450e-01;SOR=0.878;ANN=A|upstream_gene_variant|MODIFIER|YOL128C|YOL128C|transcript|TRANSCRIPT_YOL128C|protein_coding||c.-46A>T|||||46|,A|upstream_gene_variant|MODIFIER|YOL127W|YOL127W|transcript|TRANSCRIPT_YOL127W|protein_coding||c.-823T>A|||||823|,A|upstream_gene_variant|MODIFIER|YOL125W|YOL125W|transcript|TRANSCRIPT_YOL125W|protein_coding||c.-4309T>A|||||4309|,A|downstream_gene_variant|MODIFIER|YOL130W|YOL130W|transcript|TRANSCRIPT_YOL130W|protein_coding||c.*2546T>A|||||2546|,A|downstream_gene_variant|MODIFIER|YOL129W|YOL129W|transcript|TRANSCRIPT_YOL129W|protein_coding||c.*1411T>A|||||1411|,A|downstream_gene_variant|MODIFIER|YOL126C|YOL126C|transcript|TRANSCRIPT_YOL126C|protein_coding||c.*2262A>T|||||2262|,A|intergenic_region|MODIFIER|YOL128C-YOL127W|YOL128C-YOL127W|intergenic_region|YOL128C-YOL127W|||n.79447T>A||||||	GT:AD:DP:GQ:PL	70_0.0;1410_0.0;2640_0.22727272727272727;5150_1.0;7530_1.0;10150_1.0	1.0	16,0	20,0	17,5	0,20	0,16	0,21
115	chrXV	91007	.	C	G	1257.1	G|missense_variant|YOL122C||SMF1|Divalent metal ion transporter	.	AC=6;AF=5.587e-03;AN=1074;BaseQRankSum=1.07;DP=10828;ExcessHet=0.0000;FS=0.000;InbreedingCoeff=0.5569;MLEAC=5;MLEAF=4.655e-03;MQ=60.00;MQRankSum=0.00;QD=32.23;ReadPosRankSum=1.74;SOR=0.267;ANN=G|missense_variant|MODERATE|YOL122C|YOL122C|transcript|TRANSCRIPT_YOL122C|protein_coding|1/1|c.335G>C|p.Cys112Ser|335/1728|335/1728|112/575||,G|upstream_gene_variant|MODIFIER|YOL124C|YOL124C|transcript|TRANSCRIPT_YOL124C|protein_coding||c.-4328G>C|||||4328|,G|downstream_gene_variant|MODIFIER|YOL123W|YOL123W|transcript|TRANSCRIPT_YOL123W|protein_coding||c.*1637C>G|||||1637|,G|downstream_gene_variant|MODIFIER|YOL121C|YOL121C|transcript|TRANSCRIPT_YOL121C|protein_coding||c.*941G>C|||||941|,G|downstream_gene_variant|MODIFIER|YOL120C|YOL120C|transcript|TRANSCRIPT_YOL120C|protein_coding||c.*2310G>C|||||2310|,G|downstream_gene_variant|MODIFIER|YOL119C|YOL119C|transcript|TRANSCRIPT_YOL119C|protein_coding||c.*3771G>C|||||3771|	GT:AD:DP:GQ:PL	70_0.0;1410_0.0;2640_0.0;5150_0.9230769230769231;7530_1.0;10150_1.0	1.0	11,0	26,0	18,0	1,12	0,11	0,15
116	chrXV	102740	.	T	C	363.13	C|synonymous_variant|YOL115W||PAP2|Non-canonical poly(A) polymerase	.	AC=3;AF=2.783e-03;AN=1078;BaseQRankSum=-1.383e+00;DP=12388;ExcessHet=0.0061;FS=2.392;InbreedingCoeff=0.2984;MLEAC=2;MLEAF=1.855e-03;MQ=60.00;MQRankSum=0.00;QD=21.36;ReadPosRankSum=0.728;SOR=0.442;ANN=C|synonymous_variant|LOW|YOL115W|YOL115W|transcript|TRANSCRIPT_YOL115W|protein_coding|1/1|c.1344T>C|p.Ala448Ala|1344/1755|1344/1755|448/584||,C|upstream_gene_variant|MODIFIER|YOL113W|YOL113W|transcript|TRANSCRIPT_YOL113W|protein_coding||c.-1508T>C|||||1508|,C|upstream_gene_variant|MODIFIER|YOL112W|YOL112W|transcript|TRANSCRIPT_YOL112W|protein_coding||c.-3892T>C|||||3892|,C|downstream_gene_variant|MODIFIER|YOL117W|YOL117W|transcript|TRANSCRIPT_YOL117W|protein_coding||c.*3330T>C|||||3330|,C|downstream_gene_variant|MODIFIER|YOL116W|YOL116W|transcript|TRANSCRIPT_YOL116W|protein_coding||c.*1861T>C|||||1861|,C|downstream_gene_variant|MODIFIER|YOL114C|YOL114C|transcript|TRANSCRIPT_YOL114C|protein_coding||c.*499A>G|||||499|	GT:AD:DP:GQ:PL	70_0.0;1410_0.0;2640_0.0;5150_0.0;7530_0.6;10150_1.0	1.0	15,0	20,0	27,0	18,0	4,6	0,7
118	chrXV	644180	.	C	A	1962.77	A|missense_variant|YOR164C||GET4|Protein involved in inserting tail-anchored proteins into ER membranes	.	AC=5;AF=4.638e-03;AN=1078;BaseQRankSum=-8.340e-01;DP=12168;ExcessHet=0.0000;FS=9.934;InbreedingCoeff=0.5118;MLEAC=5;MLEAF=4.638e-03;MQ=60.00;MQRankSum=0.00;QD=32.18;ReadPosRankSum=0.212;SOR=0.442;ANN=A|missense_variant|MODERATE|YOR164C|YOR164C|transcript|TRANSCRIPT_YOR164C|protein_coding|1/1|c.76G>T|p.Ala26Ser|76/939|76/939|26/312||,A|upstream_gene_variant|MODIFIER|YOR161C-C|YOR161C-C|transcript|TRANSCRIPT_YOR161C-C|protein_coding||c.-4990G>T|||||4990|,A|upstream_gene_variant|MODIFIER|YOR162C|YOR162C|transcript|TRANSCRIPT_YOR162C|protein_coding||c.-2265G>T|||||2265|,A|upstream_gene_variant|MODIFIER|YOR165W|YOR165W|transcript|TRANSCRIPT_YOR165W|protein_coding||c.-309C>A|||||309|,A|downstream_gene_variant|MODIFIER|YOR163W|YOR163W|transcript|TRANSCRIPT_YOR163W|protein_coding||c.*950C>A|||||950|,A|downstream_gene_variant|MODIFIER|YOR166C|YOR166C|transcript|TRANSCRIPT_YOR166C|protein_coding||c.*2869G>T|||||2869|,A|downstream_gene_variant|MODIFIER|YOR167C|YOR167C|transcript|TRANSCRIPT_YOR167C|protein_coding||c.*4547G>T|||||4547|	GT:AD:DP:GQ:PL	70_0.0;1410_0.0;2640_0.0;5150_0.85;7530_1.0;10150_1.0	1.0	16,0	20,0	17,0	3,17	0,20	0,21
119	chrXV	681696	.	C	A	523.31	A|missense_variant|YOR185C||GSP2|GTP binding protein (mammalian Ranp homolog)	.	AC=3;AF=2.788e-03;AN=1076;BaseQRankSum=-1.180e+00;DP=10215;ExcessHet=0.0061;FS=0.000;InbreedingCoeff=0.3086;MLEAC=3;MLEAF=2.788e-03;MQ=60.00;MQRankSum=0.00;QD=26.17;ReadPosRankSum=1.24;SOR=0.836;ANN=A|missense_variant|MODERATE|YOR185C|YOR185C|transcript|TRANSCRIPT_YOR185C|protein_coding|1/1|c.334G>T|p.Val112Phe|334/663|334/663|112/220||,A|upstream_gene_variant|MODIFIER|YOR182C|YOR182C|transcript|TRANSCRIPT_YOR182C|protein_coding||c.-2980G>T|||||2980|,A|upstream_gene_variant|MODIFIER|YOR186W|YOR186W|transcript|TRANSCRIPT_YOR186W|protein_coding||c.-1338C>A|||||1338|,A|upstream_gene_variant|MODIFIER|YOR187W|YOR187W|transcript|TRANSCRIPT_YOR187W|protein_coding||c.-2257C>A|||||2257|,A|upstream_gene_variant|MODIFIER|YOR188W|YOR188W|transcript|TRANSCRIPT_YOR188W|protein_coding||c.-3994C>A|||||3994|,A|downstream_gene_variant|MODIFIER|YOR181W|YOR181W|transcript|TRANSCRIPT_YOR181W|protein_coding||c.*3933C>A|||||3933|,A|downstream_gene_variant|MODIFIER|YOR183W|YOR183W|transcript|TRANSCRIPT_YOR183W|protein_coding||c.*2512C>A|||||2512|,A|downstream_gene_variant|MODIFIER|YOR184W|YOR184W|transcript|TRANSCRIPT_YOR184W|protein_coding||c.*1229C>A|||||1229|,A|downstream_gene_variant|MODIFIER|YOR186C-A|YOR186C-A|transcript|TRANSCRIPT_YOR186C-A|protein_coding||c.*1556G>T|||||1556|	GT:AD:DP:GQ:PL	70_0.0;1410_0.0;2640_0.0;5150_0.0;7530_0.6666666666666666;10150_1.0	1.0	14,0	20,0	15,0	19,0	3,6	0,11
120	chrXV	720472	.	G	A	3163.72	A|missense_variant|YOR200W||nan|Dubious open reading frame;A|missense_variant|YOR201C||MRM1|Ribose methyltransferase	.	AC=11;AF=0.010;AN=1074;BaseQRankSum=1.11;DP=12073;ExcessHet=0.0000;FS=1.305;InbreedingCoeff=0.6411;MLEAC=10;MLEAF=9.311e-03;MQ=60.00;MQRankSum=0.00;QD=26.15;ReadPosRankSum=1.13;SOR=1.166;ANN=A|missense_variant|MODERATE|YOR200W|YOR200W|transcript|TRANSCRIPT_YOR200W|protein_coding|1/1|c.133G>A|p.Ala45Thr|133/399|133/399|45/132||,A|missense_variant|MODERATE|YOR201C|YOR201C|transcript|TRANSCRIPT_YOR201C|protein_coding|1/1|c.1160C>T|p.Ala387Val|1160/1239|1160/1239|387/412||,A|upstream_gene_variant|MODIFIER|YOR196C|YOR196C|transcript|TRANSCRIPT_YOR196C|protein_coding||c.-3712C>T|||||3712|,A|upstream_gene_variant|MODIFIER|YOR198C|YOR198C|transcript|TRANSCRIPT_YOR198C|protein_coding||c.-484C>T|||||484|,A|upstream_gene_variant|MODIFIER|YOR202W|YOR202W|transcript|TRANSCRIPT_YOR202W|protein_coding||c.-1397G>A|||||1397|WARNING_TRANSCRIPT_MULTIPLE_STOP_CODONS,A|upstream_gene_variant|MODIFIER|YOR203W|YOR203W|transcript|TRANSCRIPT_YOR203W|protein_coding||c.-1679G>A|||||1679|,A|upstream_gene_variant|MODIFIER|YOR204W|YOR204W|transcript|TRANSCRIPT_YOR204W|protein_coding||c.-2025G>A|||||2025|,A|downstream_gene_variant|MODIFIER|YOR197W|YOR197W|transcript|TRANSCRIPT_YOR197W|protein_coding||c.*2165G>A|||||2165|,A|downstream_gene_variant|MODIFIER|YOR199W|YOR199W|transcript|TRANSCRIPT_YOR199W|protein_coding||c.*39G>A|||||39|,A|downstream_gene_variant|MODIFIER|YOR205C|YOR205C|transcript|TRANSCRIPT_YOR205C|protein_coding||c.*4678C>T|||||4678|	GT:AD:DP:GQ:PL	70_0.17647058823529413;1410_1.0;2640_0.9333333333333333;5150_1.0;7530_1.0;10150_1.0	1.0	14,3	0,18	2,28	0,18	0,15	0,23
124	chrXVI	126919	.	G	A	1038.0	A|synonymous_variant|YPL224C||MMT2|Putative metal transporter involved in mitochondrial iron accumulation	.	AC=3;AF=2.788e-03;AN=1076;BaseQRankSum=-2.252e+00;DP=13065;ExcessHet=0.0061;FS=6.260;InbreedingCoeff=0.4247;MLEAC=3;MLEAF=2.788e-03;MQ=60.00;MQRankSum=0.00;QD=24.14;ReadPosRankSum=0.747;SOR=0.144;ANN=A|synonymous_variant|LOW|YPL224C|YPL224C|transcript|TRANSCRIPT_YPL224C|protein_coding|1/1|c.1170C>T|p.Asp390Asp|1170/1455|1170/1455|390/484||,A|upstream_gene_variant|MODIFIER|YPL222W|YPL222W|transcript|TRANSCRIPT_YPL222W|protein_coding||c.-3243G>A|||||3243|,A|downstream_gene_variant|MODIFIER|YPL226W|YPL226W|transcript|TRANSCRIPT_YPL226W|protein_coding||c.*1562G>A|||||1562|,A|downstream_gene_variant|MODIFIER|YPL225W|YPL225W|transcript|TRANSCRIPT_YPL225W|protein_coding||c.*473G>A|||||473|,A|downstream_gene_variant|MODIFIER|YPL223C|YPL223C|transcript|TRANSCRIPT_YPL223C|protein_coding||c.*1713C>T|||||1713|,A|downstream_gene_variant|MODIFIER|YPL222C-A|YPL222C-A|transcript|TRANSCRIPT_YPL222C-A|protein_coding||c.*4951C>T|||||4951|	GT:AD:DP:GQ:PL	70_0.0;1410_0.0;2640_0.0;5150_0.0;7530_0.5714285714285714;10150_1.0	1.0	24,0	26,0	28,0	27,0	9,12	0,22
126	chrXVI	137781	.	G	T	1615.36	T|synonymous_variant|YPL219W||PCL8|Cyclin	.	AC=7;AF=6.494e-03;AN=1078;BaseQRankSum=3.01;DP=10736;ExcessHet=0.0000;FS=1.261;InbreedingCoeff=0.5036;MLEAC=5;MLEAF=4.638e-03;MQ=60.00;MQRankSum=0.00;QD=27.38;ReadPosRankSum=0.193;SOR=0.646;ANN=T|synonymous_variant|LOW|YPL219W|YPL219W|transcript|TRANSCRIPT_YPL219W|protein_coding|1/1|c.1032G>T|p.Ala344Ala|1032/1479|1032/1479|344/492||,T|upstream_gene_variant|MODIFIER|YPL218W|YPL218W|transcript|TRANSCRIPT_YPL218W|protein_coding||c.-917G>T|||||917|,T|downstream_gene_variant|MODIFIER|YPL221W|YPL221W|transcript|TRANSCRIPT_YPL221W|protein_coding||c.*2357G>T|||||2357|,T|downstream_gene_variant|MODIFIER|YPL220W|YPL220W|transcript|TRANSCRIPT_YPL220W|protein_coding||c.*1338G>T|||||1338|,T|downstream_gene_variant|MODIFIER|YPL217C|YPL217C|transcript|TRANSCRIPT_YPL217C|protein_coding||c.*1839C>A|||||1839|	GT:AD:DP:GQ:PL	70_0.0;1410_0.0;2640_0.0;5150_0.9444444444444444;7530_1.0;10150_1.0	0.9583333333333334	12,0	24,0	11,0	1,17	0,15	0,14
128	chrXVI	349107	.	A	G	1526.83	G|missense_variant|YPL107W||DPC25|Putative protein of unknown function	.	AC=5;AF=4.638e-03;AN=1078;BaseQRankSum=0.00;DP=10836;ExcessHet=0.0000;FS=0.000;InbreedingCoeff=0.5288;MLEAC=5;MLEAF=4.638e-03;MQ=60.00;MQRankSum=0.00;QD=33.19;ReadPosRankSum=-1.340e-01;SOR=0.434;ANN=G|missense_variant|MODERATE|YPL107W|YPL107W|transcript|TRANSCRIPT_YPL107W|protein_coding|1/1|c.6A>G|p.Ile2Met|6/747|6/747|2/248||,G|upstream_gene_variant|MODIFIER|YPL110C|YPL110C|transcript|TRANSCRIPT_YPL110C|protein_coding||c.-4385T>C|||||4385|,G|upstream_gene_variant|MODIFIER|YPL109C|YPL109C|transcript|TRANSCRIPT_YPL109C|protein_coding||c.-1735T>C|||||1735|,G|downstream_gene_variant|MODIFIER|YPL108W|YPL108W|transcript|TRANSCRIPT_YPL108W|protein_coding||c.*172A>G|||||172|,G|downstream_gene_variant|MODIFIER|YPL106C|YPL106C|transcript|TRANSCRIPT_YPL106C|protein_coding||c.*1070T>C|||||1070|,G|downstream_gene_variant|MODIFIER|YPL105C|YPL105C|transcript|TRANSCRIPT_YPL105C|protein_coding||c.*3739T>C|||||3739|	GT:AD:DP:GQ:PL	70_0.0;1410_0.0;2640_0.0;5150_1.0;7530_0.9230769230769231;10150_1.0	1.0	11,0	16,0	20,0	0,14	1,12	0,19
130	chrXVI	393766	.	G	A	1816.83		.	AC=5;AF=4.647e-03;AN=1076;BaseQRankSum=-1.351e+00;DP=11922;ExcessHet=0.0000;FS=2.080;InbreedingCoeff=0.5188;MLEAC=5;MLEAF=4.647e-03;MQ=60.00;MQRankSum=0.00;QD=30.28;ReadPosRankSum=-2.802e+00;SOR=1.412;ANN=A|upstream_gene_variant|MODIFIER|YPL084W|YPL084W|transcript|TRANSCRIPT_YPL084W|protein_coding||c.-255G>A|||||255|,A|downstream_gene_variant|MODIFIER|YPL085W|YPL085W|transcript|TRANSCRIPT_YPL085W|protein_coding||c.*129G>A|||||129|,A|downstream_gene_variant|MODIFIER|YPL083C|YPL083C|transcript|TRANSCRIPT_YPL083C|protein_coding||c.*2919C>T|||||2919|,A|downstream_gene_variant|MODIFIER|YPL082C|YPL082C|transcript|TRANSCRIPT_YPL082C|protein_coding||c.*4697C>T|||||4697|,A|intergenic_region|MODIFIER|YPL085W-YPL084W|YPL085W-YPL084W|intergenic_region|YPL085W-YPL084W|||n.393766G>A||||||	GT:AD:DP:GQ:PL	70_0.0;1410_0.0;2640_0.0;5150_0.8260869565217391;7530_1.0;10150_1.0	1.0	13,0	17,0	18,0	4,19	0,19	0,18
131	chrXVI	487548	.	T	G	2658.36	G|missense_variant|YPL033C||SRL4|Protein of unknown function	.	AC=9;AF=8.364e-03;AN=1076;BaseQRankSum=2.21;DP=11535;ExcessHet=0.0000;FS=0.000;InbreedingCoeff=0.6397;MLEAC=9;MLEAF=8.364e-03;MQ=60.00;MQRankSum=0.00;QD=32.42;ReadPosRankSum=-9.110e-01;SOR=0.451;ANN=G|missense_variant|MODERATE|YPL033C|YPL033C|transcript|TRANSCRIPT_YPL033C|protein_coding|1/1|c.642A>C|p.Lys214Asn|642/846|642/846|214/281||,G|upstream_gene_variant|MODIFIER|YPL035C|YPL035C|transcript|TRANSCRIPT_YPL035C|protein_coding||c.-655A>C|||||655|,G|downstream_gene_variant|MODIFIER|YPL036W|YPL036W|transcript|TRANSCRIPT_YPL036W|protein_coding||c.*1880T>G|||||1880|,G|downstream_gene_variant|MODIFIER|YPL034W|YPL034W|transcript|TRANSCRIPT_YPL034W|protein_coding||c.*357T>G|||||357|,G|downstream_gene_variant|MODIFIER|YPL032C|YPL032C|transcript|TRANSCRIPT_YPL032C|protein_coding||c.*1321A>C|||||1321|,G|downstream_gene_variant|MODIFIER|YPL031C|YPL031C|transcript|TRANSCRIPT_YPL031C|protein_coding||c.*4452A>C|||||4452|	GT:AD:DP:GQ:PL	70_0.0;1410_0.8636363636363636;2640_1.0;5150_1.0;7530_1.0;10150_1.0	1.0	19,0	3,19	0,17	0,17	0,15	0,11
